0.02,2.122352E+18,-1.799722E+15
0.3533334,2.114193E+18,-1.803348E+15
0.3997522,2.138441E+18,-1.824805E+15
0.4318878,2.079978E+18,-1.830759E+15
0.4631623,2.119482E+18,-1.820221E+15
0.4897635,2.144283E+18,-1.857011E+15
0.5169876,2.156445E+18,-1.877928E+15
0.5482368,2.129562E+18,-1.843523E+15
0.5802211,2.156342E+18,-1.87348E+15
0.6114678,2.145544E+18,-1.812974E+15
0.6414582,2.302842E+18,-1.610675E+15
0.6639538,2.311131E+18,-1.682457E+15
0.6803926,2.289362E+18,-1.59966E+15
0.6969917,2.332819E+18,-1.605732E+15
0.7139627,2.314169E+18,-1.661255E+15
0.7301458,2.298378E+18,-1.620905E+15
0.7467837,2.286494E+18,-1.625136E+15
0.7638428,2.299504E+18,-1.617978E+15
0.7798524,2.33451E+18,-1.679227E+15
0.7966682,2.328762E+18,-1.585648E+15
0.8137138,2.339647E+18,-1.590717E+15
0.8299738,2.345558E+18,-1.518807E+15
0.8468584,2.316371E+18,-1.60461E+15
0.8646154,2.337292E+18,-1.532707E+15
0.8803917,2.320127E+18,-1.533513E+15
0.8968415,2.340076E+18,-1.560747E+15
0.9130782,2.330026E+18,-1.587588E+15
0.9295657,2.337395E+18,-1.642164E+15
0.9468353,2.336527E+18,-1.589199E+15
0.9632574,2.325724E+18,-1.58763E+15
0.9795988,2.375357E+18,-1.679609E+15
0.9965668,2.333941E+18,-1.521144E+15
1.013132,2.321673E+18,-1.65415E+15
1.029937,2.308189E+18,-1.619579E+15
1.04645,2.318637E+18,-1.560057E+15
1.063783,2.319086E+18,-1.615383E+15
1.083345,2.356644E+18,-1.547988E+15
1.099771,2.339504E+18,-1.593598E+15
1.114358,2.331599E+18,-1.696164E+15
1.130257,2.337354E+18,-1.584193E+15
1.146972,2.33816E+18,-1.538882E+15
1.163609,2.347591E+18,-1.510991E+15
1.181087,2.307258E+18,-1.626932E+15
1.197065,2.329656E+18,-1.609278E+15
1.216934,2.360031E+18,-1.592546E+15
1.231569,2.3523E+18,-1.601399E+15
1.246245,2.331956E+18,-1.609645E+15
1.26368,2.335907E+18,-1.562173E+15
1.280573,2.32547E+18,-1.606315E+15
1.296401,2.36464E+18,-1.657936E+15
1.313389,2.333469E+18,-1.580963E+15
1.329645,2.387698E+18,-1.658831E+15
1.346878,2.373048E+18,-1.61669E+15
1.362593,2.384813E+18,-1.565253E+15
1.379978,2.389599E+18,-1.644795E+15
1.397434,2.39708E+18,-1.619089E+15
1.413917,2.38784E+18,-1.573766E+15
1.429015,2.422109E+18,-1.626219E+15
1.446458,2.375664E+18,-1.545753E+15
1.463096,2.399696E+18,-1.576952E+15
1.47932,2.380863E+18,-1.563271E+15
1.496418,2.390809E+18,-1.617105E+15
1.52273,2.404903E+18,-1.588471E+15
1.547442,2.435017E+18,-1.543619E+15
1.564678,2.423278E+18,-1.597476E+15
1.581705,2.425288E+18,-1.574089E+15
1.600841,2.425735E+18,-1.562126E+15
1.619419,2.396697E+18,-1.580195E+15
1.635276,2.437978E+18,-1.656577E+15
1.649649,2.396202E+18,-1.570499E+15
1.664001,2.401094E+18,-1.530284E+15
1.679463,2.415958E+18,-1.531303E+15
1.696433,2.39871E+18,-1.619816E+15
1.71288,2.412973E+18,-1.535383E+15
1.729902,2.395406E+18,-1.544435E+15
1.746342,2.412053E+18,-1.541298E+15
1.763525,2.442349E+18,-1.5904E+15
1.780796,2.424335E+18,-1.631819E+15
1.795758,2.412132E+18,-1.53766E+15
1.813316,2.432006E+18,-1.613713E+15
1.830756,2.421485E+18,-1.55815E+15
1.846626,2.437242E+18,-1.545945E+15
1.863221,2.433327E+18,-1.920501E+15
1.879569,2.423028E+18,-1.581507E+15
1.89626,2.439283E+18,-1.529484E+15
1.912625,2.423372E+18,-1.496244E+15
1.929327,2.382766E+18,-1.679472E+15
1.946588,2.414954E+18,-1.631901E+15
1.962615,2.404042E+18,-1.563363E+15
1.979773,2.420624E+18,-1.622124E+15
1.99583,2.433864E+18,-1.511085E+15
2.012428,2.436773E+18,-1.52673E+15
2.029943,2.40093E+18,-1.545446E+15
2.046422,2.412107E+18,-1.595445E+15
2.06543,2.445507E+18,-1.522945E+15
2.082563,2.439031E+18,-1.548479E+15
2.099494,2.439839E+18,-1.557317E+15
2.115684,2.417455E+18,-1.606924E+15
2.131645,2.399054E+18,-1.549814E+15
2.14782,2.414253E+18,-1.534383E+15
2.163518,2.442402E+18,-1.495163E+15
2.180956,2.442813E+18,-1.501633E+15
2.196305,2.396931E+18,-1.504428E+15
2.213452,2.432998E+18,-1.5714E+15
2.229446,2.422622E+18,-1.534965E+15
2.247414,2.413406E+18,-1.609769E+15
2.2627,2.412282E+18,-1.533933E+15
2.281137,2.423688E+18,-1.514028E+15
2.298268,2.429335E+18,-1.51726E+15
2.314952,2.432295E+18,-1.501811E+15
2.330139,2.427463E+18,-1.525646E+15
2.347854,2.402922E+18,-1.534239E+15
2.363691,2.438431E+18,-1.478975E+15
2.380475,2.397225E+18,-1.645917E+15
2.396666,2.436317E+18,-1.525341E+15
2.41389,2.413559E+18,-1.579175E+15
2.429582,2.438809E+18,-1.534151E+15
2.44697,2.424641E+18,-1.546147E+15
2.463051,2.451218E+18,-1.529705E+15
2.480194,2.418105E+18,-1.544347E+15
2.496327,2.401535E+18,-1.582476E+15
2.514185,2.422113E+18,-1.535641E+15
2.52954,2.436286E+18,-1.502383E+15
2.54899,2.383172E+18,-1.511984E+15
2.566573,2.387227E+18,-1.593103E+15
2.584924,2.429149E+18,-1.509236E+15
2.6008,2.400748E+18,-1.614151E+15
2.618595,2.418843E+18,-1.575186E+15
2.633593,2.428267E+18,-1.505388E+15
2.64954,2.408932E+18,-1.545572E+15
2.664541,2.372607E+18,-1.569892E+15
2.680357,2.419579E+18,-1.488155E+15
2.696329,2.402571E+18,-1.526443E+15
2.713578,2.41758E+18,-1.559431E+15
2.729421,2.411107E+18,-1.558782E+15
2.747666,2.429513E+18,-1.4986E+15
2.762774,2.444023E+18,-1.518181E+15
2.780745,2.392309E+18,-1.482182E+15
2.79634,2.394383E+18,-1.49104E+15
2.813989,2.410417E+18,-1.514225E+15
2.836268,2.416881E+18,-1.505023E+15
2.851697,2.411055E+18,-1.453654E+15
2.869616,2.434409E+18,-1.567289E+15
2.886568,2.450717E+18,-1.549716E+15
2.902496,2.410553E+18,-1.530081E+15
2.917084,2.431871E+18,-1.51344E+15
2.932632,2.377913E+18,-3.112003E+15
2.950591,2.440541E+18,-1.554997E+15
2.965755,2.395026E+18,-1.528335E+15
2.980123,2.420373E+18,-1.538539E+15
2.996113,2.425462E+18,-1.463442E+15
3.012387,2.44691E+18,-1.537601E+15
3.029143,2.446314E+18,-1.460287E+15
3.04658,2.424583E+18,-1.514474E+15
3.063166,2.435409E+18,-1.472807E+15
3.081764,2.389759E+18,-1.494557E+15
3.0975,2.44504E+18,-1.465E+15
3.113553,2.423874E+18,-1.539032E+15
3.128731,2.449508E+18,-1.533147E+15
3.14646,2.41934E+18,-1.456355E+15
3.16231,2.43084E+18,-1.541741E+15
3.179525,2.42362E+18,-1.565512E+15
3.195961,2.416556E+18,-1.468364E+15
3.212159,2.414006E+18,-1.602192E+15
3.229582,2.41846E+18,-1.584991E+15
3.24603,2.435653E+18,-1.484083E+15
3.262435,2.419981E+18,-1.588138E+15
3.279175,2.424667E+18,-1.502977E+15
3.296025,2.409801E+18,-1.438382E+15
3.313561,2.408731E+18,-1.487819E+15
3.330235,2.427683E+18,-1.421742E+15
3.346565,2.408782E+18,-1.525728E+15
3.362113,2.456037E+18,-1.482687E+15
3.379148,2.445963E+18,-1.450168E+15
3.395653,2.427584E+18,-1.442617E+15
3.412434,2.40585E+18,-1.456234E+15
3.429141,2.437408E+18,-1.490665E+15
3.445768,2.420982E+18,-1.451538E+15
3.462451,2.403643E+18,-1.476227E+15
3.479364,2.435887E+18,-1.450963E+15
3.496238,2.411874E+18,-1.562479E+15
3.512171,2.434499E+18,-1.443981E+15
3.528838,2.429503E+18,-1.564954E+15
3.545882,2.407915E+18,-1.584888E+15
3.562987,2.426407E+18,-1.538624E+15
3.581965,2.433546E+18,-1.454672E+15
3.597394,2.417127E+18,-1.527779E+15
3.614433,2.403183E+18,-1.543654E+15
3.631016,2.399328E+18,-1.4462E+15
3.645849,2.426002E+18,-1.43083E+15
3.662319,2.421552E+18,-1.425521E+15
3.679029,2.428769E+18,-1.431124E+15
3.695759,2.408773E+18,-1.473355E+15
3.712108,2.405723E+18,-1.50793E+15
3.729416,2.441979E+18,-1.422437E+15
3.745447,2.465369E+18,-1.530516E+15
3.762688,2.420264E+18,-1.397791E+15
3.77941,2.422885E+18,-1.424403E+15
3.796611,2.423261E+18,-1.497611E+15
3.812402,2.423118E+18,-1.444639E+15
3.828936,2.429409E+18,-1.428358E+15
3.84615,2.402213E+18,-1.469276E+15
3.864917,2.42943E+18,-1.498302E+15
3.879974,2.410061E+18,-1.405308E+15
3.895993,2.400567E+18,-1.430079E+15
3.912272,2.418015E+18,-1.398753E+15
3.92903,2.430839E+18,-1.417791E+15
3.945335,2.422072E+18,-1.52573E+15
3.962232,2.396969E+18,-1.475154E+15
3.979053,2.436838E+18,-1.478865E+15
3.995798,2.39545E+18,-1.497054E+15
4.011981,2.43909E+18,-1.426192E+15
4.029639,2.41506E+18,-1.418719E+15
4.050771,2.42544E+18,-1.463554E+15
4.073841,2.420791E+18,-1.443489E+15
4.095405,2.390395E+18,-1.420701E+15
4.112988,2.425579E+18,-1.422389E+15
4.129407,2.408825E+18,-1.472731E+15
4.146135,2.399299E+18,-1.411006E+15
4.162264,2.424051E+18,-1.429202E+15
4.178935,2.403145E+18,-1.431991E+15
4.195625,2.431654E+18,-1.491554E+15
4.212611,2.386604E+18,-1.440042E+15
4.228679,2.402073E+18,-1.348374E+15
4.245677,2.405128E+18,-1.469194E+15
4.262643,2.423443E+18,-1.454017E+15
4.279638,2.399988E+18,-1.375116E+15
4.296287,2.424118E+18,-1.363119E+15
4.315089,2.374174E+18,-1.374915E+15
4.330912,2.416634E+18,-1.334306E+15
4.347276,2.407642E+18,-1.626046E+15
4.363252,2.40012E+18,-1.445307E+15
4.379068,2.422323E+18,-1.415793E+15
4.395718,2.403943E+18,-1.477123E+15
4.412132,2.422689E+18,-1.460326E+15
4.42864,2.428831E+18,-1.453595E+15
4.445727,2.418358E+18,-1.409775E+15
4.462575,2.420754E+18,-1.371314E+15
4.479674,2.389475E+18,-1.535215E+15
4.49618,2.432222E+18,-1.44762E+15
4.512552,2.416409E+18,-1.359229E+15
4.529266,2.417538E+18,-1.383651E+15
4.548054,2.418112E+18,-1.353062E+15
4.565489,2.436549E+18,-1.375236E+15
4.581976,2.414578E+18,-1.433657E+15
4.597666,2.411888E+18,-1.430246E+15
4.613515,2.402569E+18,-1.387991E+15
4.632964,2.415081E+18,-1.325664E+15
4.648283,2.432483E+18,-1.402094E+15
4.663714,2.40081E+18,-1.397425E+15
4.679131,2.394644E+18,-1.447202E+15
4.695718,2.429792E+18,-1.400952E+15
4.712162,2.422169E+18,-1.406897E+15
4.728972,2.406397E+18,-1.40589E+15
4.746015,2.410453E+18,-1.353015E+15
4.762469,2.407337E+18,-1.477072E+15
4.778785,2.391398E+18,-1.428518E+15
4.795303,2.424036E+18,-1.409559E+15
4.811987,2.428436E+18,-1.380678E+15
4.829106,2.448376E+18,-1.367137E+15
4.845986,2.422517E+18,-1.425983E+15
4.863719,2.423076E+18,-1.408102E+15
4.88018,2.424723E+18,-1.382347E+15
4.896464,2.441629E+18,-1.355002E+15
4.912041,2.419237E+18,-1.380068E+15
4.929058,2.390125E+18,-1.347706E+15
4.945497,2.402863E+18,-1.38883E+15
4.962283,2.408608E+18,-1.376112E+15
4.979282,2.431113E+18,-1.432806E+15
4.995974,2.431854E+18,-1.412504E+15
5.012249,2.396898E+18,-1.360293E+15
5.029207,2.416235E+18,-1.396972E+15
5.045698,2.401595E+18,-1.477948E+15
5.064641,2.431852E+18,-1.449983E+15
5.081596,2.407777E+18,-1.385821E+15
5.098628,2.387164E+18,-1.34915E+15
5.114378,2.392908E+18,-1.386138E+15
5.130082,2.375188E+18,-1.331907E+15
5.145448,2.427652E+18,-1.348656E+15
5.16173,2.455172E+18,-1.38047E+15
5.178092,2.397792E+18,-1.42244E+15
5.195523,2.424655E+18,-1.430874E+15
5.212162,2.40154E+18,-1.352303E+15
5.229153,2.4045E+18,-1.385507E+15
5.245677,2.399782E+18,-1.376793E+15
5.261757,2.390429E+18,-1.341011E+15
5.278262,2.432506E+18,-1.283508E+15
5.295391,2.419181E+18,-1.419721E+15
5.312168,2.430595E+18,-1.4093E+15
5.328548,2.433837E+18,-1.346647E+15
5.345712,2.393289E+18,-1.242539E+15
5.361678,2.408623E+18,-1.31556E+15
5.378611,2.366103E+18,-1.336934E+15
5.395411,2.391614E+18,-1.353826E+15
5.412638,2.392324E+18,-1.384547E+15
5.429505,2.334356E+18,-1.360827E+15
5.445336,2.400874E+18,-1.361837E+15
5.461866,2.440792E+18,-1.343825E+15
5.479493,2.40199E+18,-1.27483E+15
5.495373,2.40139E+18,-1.257938E+15
5.511839,2.380549E+18,-1.287225E+15
5.528977,2.385152E+18,-1.287576E+15
5.545627,2.405715E+18,-1.365593E+15
5.562284,2.408545E+18,-1.422385E+15
5.579764,2.409472E+18,-1.280606E+15
5.595714,2.393379E+18,-1.338542E+15
5.612535,2.399725E+18,-1.269852E+15
5.629848,2.384793E+18,-1.355801E+15
5.645746,2.411987E+18,-1.283976E+15
5.662409,2.434246E+18,-1.361409E+15
5.679048,2.363221E+18,-1.325408E+15
5.695187,2.393015E+18,-1.272822E+15
5.711792,2.386364E+18,-1.298771E+15
5.728652,2.420825E+18,-1.348992E+15
5.746121,2.396067E+18,-1.338874E+15
5.765674,2.38868E+18,-1.278852E+15
5.783272,2.415125E+18,-1.348068E+15
5.800895,2.394021E+18,-1.305671E+15
5.816368,2.380395E+18,-1.362492E+15
5.831074,2.408417E+18,-1.289549E+15
5.846607,2.409395E+18,-1.28661E+15
5.862348,2.385738E+18,-1.263624E+15
5.879215,2.396367E+18,-1.271323E+15
5.896814,2.398885E+18,-1.28353E+15
5.913276,2.386934E+18,-1.28738E+15
5.932317,2.404844E+18,-1.317955E+15
5.948774,2.422138E+18,-1.297599E+15
5.96443,2.405502E+18,-1.270305E+15
5.980003,2.39625E+18,-1.360656E+15
5.996668,2.393624E+18,-1.200228E+15
6.01262,2.419167E+18,-1.315186E+15
6.028441,2.410777E+18,-1.345937E+15
6.045078,2.416962E+18,-1.277716E+15
6.063639,2.421397E+18,-1.360505E+15
6.084116,2.374607E+18,-1.247823E+15
6.103192,2.404352E+18,-1.298564E+15
6.128518,2.386722E+18,-1.281286E+15
6.145155,2.419379E+18,-1.220214E+15
6.162044,2.38708E+18,-1.321344E+15
6.178604,2.413722E+18,-1.342095E+15
6.19562,2.379236E+18,-1.262731E+15
6.214014,2.41046E+18,-1.255904E+15
6.229623,2.403858E+18,-1.245981E+15
6.245505,2.403736E+18,-1.251216E+15
6.261585,2.378969E+18,-1.306623E+15
6.278548,2.411601E+18,-1.252925E+15
6.296057,2.372737E+18,-1.258477E+15
6.312488,2.399029E+18,-1.267868E+15
6.328567,2.362521E+18,-1.237504E+15
6.345383,2.392869E+18,-1.253357E+15
6.361731,2.374279E+18,-1.255993E+15
6.3785,2.408793E+18,-1.243078E+15
6.395558,2.405226E+18,-1.246713E+15
6.413455,2.385816E+18,-1.238153E+15
6.42944,2.414631E+18,-1.271778E+15
6.44625,2.413929E+18,-1.334081E+15
6.462144,2.390107E+18,-1.21913E+15
6.479087,2.401378E+18,-1.262523E+15
6.495349,2.401246E+18,-1.388744E+15
6.51664,2.373368E+18,-1.227134E+15
6.531637,2.371216E+18,-1.222124E+15
6.547863,2.378641E+18,-1.273409E+15
6.564839,2.404028E+18,-1.178134E+15
6.582305,2.409748E+18,-1.24422E+15
6.597492,2.371531E+18,-1.209147E+15
6.613324,2.407633E+18,-1.194404E+15
6.628887,2.384195E+18,-1.203986E+15
6.645133,2.381434E+18,-1.257572E+15
6.661584,2.377007E+18,-1.241286E+15
6.678119,2.39393E+18,-1.21206E+15
6.695607,2.367279E+18,-1.252373E+15
6.712702,2.407846E+18,-1.234714E+15
6.7284,2.334873E+18,-1.173676E+15
6.745337,2.359793E+18,-1.231503E+15
6.761494,2.365904E+18,-1.246895E+15
6.778233,2.388094E+18,-1.255092E+15
6.79508,2.395293E+18,-1.262817E+15
6.81157,2.387432E+18,-1.188814E+15
6.827975,2.392282E+18,-1.212104E+15
6.844833,2.399101E+18,-1.185812E+15
6.861928,2.395321E+18,-1.225659E+15
6.878227,2.369379E+18,-1.235363E+15
6.894975,2.382055E+18,-1.214067E+15
6.915486,2.403049E+18,-1.175685E+15
6.932607,2.380615E+18,-1.263845E+15
6.948078,2.363696E+18,-1.265369E+15
6.963306,2.387564E+18,-1.231931E+15
6.979183,2.39896E+18,-1.25809E+15
6.995406,2.391092E+18,-1.23192E+15
7.011543,2.367033E+18,-1.227388E+15
7.029832,2.359377E+18,-1.237696E+15
7.047066,2.394358E+18,-1.192799E+15
7.063254,2.377072E+18,-1.210513E+15
7.081118,2.39085E+18,-1.24182E+15
7.098001,2.387927E+18,-1.197879E+15
7.115547,2.388701E+18,-1.182326E+15
7.132325,2.369609E+18,-1.28747E+15
7.147403,2.374622E+18,-1.203039E+15
7.162846,2.40447E+18,-1.24233E+15
7.178749,2.410532E+18,-1.221979E+15
7.195034,2.356338E+18,-1.192885E+15
7.211336,2.393921E+18,-1.221523E+15
7.228148,2.364916E+18,-1.171908E+15
7.244975,2.371017E+18,-1.175265E+15
7.261394,2.363495E+18,-1.210177E+15
7.277873,2.395151E+18,-1.163582E+15
7.294998,2.372319E+18,-1.226371E+15
7.311955,2.376882E+18,-1.230047E+15
7.329491,2.367948E+18,-1.220838E+15
7.345389,2.352976E+18,-1.156477E+15
7.361176,2.359888E+18,-1.217754E+15
7.378639,2.387122E+18,-1.223801E+15
7.395382,2.386437E+18,-1.156912E+15
7.411436,2.362173E+18,-1.162699E+15
7.428042,2.364288E+18,-1.129762E+15
7.444741,2.37067E+18,-1.131198E+15
7.461114,2.38919E+18,-1.187241E+15
7.477951,2.36868E+18,-1.181179E+15
7.494895,2.384767E+18,-1.189525E+15
7.512047,2.378958E+18,-1.18032E+15
7.527928,2.375252E+18,-1.129903E+15
7.546593,2.365435E+18,-1.224255E+15
7.563749,2.38219E+18,-1.120812E+15
7.580363,2.370658E+18,-1.187137E+15
7.596358,2.37134E+18,-1.243455E+15
7.612856,2.368808E+18,-1.133733E+15
7.628676,2.368991E+18,-1.151208E+15
7.645238,2.38171E+18,-1.148775E+15
7.661733,2.399946E+18,-1.163494E+15
7.678609,2.387736E+18,-1.136287E+15
7.694869,2.385512E+18,-1.114894E+15
7.711104,2.39551E+18,-1.114544E+15
7.728033,2.384172E+18,-1.181739E+15
7.744821,2.355543E+18,-1.140625E+15
7.761122,2.31297E+18,-1.127428E+15
7.777963,2.332669E+18,-1.107897E+15
7.794894,2.339007E+18,-1.183767E+15
7.811343,2.401317E+18,-1.224898E+15
7.827611,2.368144E+18,-1.144795E+15
7.844915,2.373186E+18,-1.133035E+15
7.862221,2.385593E+18,-1.146783E+15
7.879973,2.380377E+18,-1.130221E+15
7.895761,2.348476E+18,-1.173647E+15
7.91144,2.356008E+18,-1.24938E+15
7.927917,2.380052E+18,-1.124796E+15
7.944671,2.391428E+18,-1.201834E+15
7.961568,2.35827E+18,-1.143704E+15
7.978705,2.384036E+18,-1.165494E+15
7.99444,2.376582E+18,-1.184834E+15
8.01193,2.368295E+18,-1.196942E+15
8.028223,2.357713E+18,-1.18784E+15
8.046981,2.376649E+18,-1.145197E+15
8.064185,2.369355E+18,-1.171265E+15
8.080123,2.360728E+18,-1.104339E+15
8.096048,2.3793E+18,-1.127559E+15
8.112728,2.362393E+18,-1.218301E+15
8.128431,2.36162E+18,-1.149886E+15
8.145105,2.38738E+18,-1.126139E+15
8.16168,2.357153E+18,-1.139567E+15
8.178556,2.334235E+18,-1.158371E+15
8.194939,2.370543E+18,-1.120237E+15
8.211114,2.389648E+18,-1.142322E+15
8.227668,2.352625E+18,-1.104828E+15
8.244685,2.36358E+18,-1.135963E+15
8.26117,2.361485E+18,-1.189439E+15
8.277864,2.379125E+18,-1.128521E+15
8.294785,2.367329E+18,-1.085878E+15
8.311152,2.375693E+18,-1.091562E+15
8.329447,2.349341E+18,-1.094096E+15
8.344901,2.355032E+18,-1.052672E+15
8.36447,2.398413E+18,-1.13599E+15
8.381104,2.363609E+18,-1.088679E+15
8.400577,2.357413E+18,-1.067874E+15
8.416629,2.353364E+18,-1.111305E+15
8.432026,2.341793E+18,-1.204498E+15
8.447006,2.359137E+18,-1.115977E+15
8.462068,2.368241E+18,-1.090526E+15
8.477816,2.349012E+18,-1.109365E+15
8.494769,2.347718E+18,-1.14176E+15
8.511065,2.361551E+18,-1.123478E+15
8.527491,2.372852E+18,-1.130145E+15
8.545547,2.378425E+18,-1.1399E+15
8.563522,2.367773E+18,-1.090546E+15
8.580866,2.354278E+18,-1.068055E+15
8.596032,2.351021E+18,-1.155449E+15
8.612342,2.343881E+18,-1.153245E+15
8.628285,2.341262E+18,-1.101889E+15
8.645061,2.367486E+18,-1.111675E+15
8.66124,2.340767E+18,-1.149759E+15
8.677994,2.356378E+18,-1.150367E+15
8.69467,2.344587E+18,-1.092896E+15
8.710899,2.349837E+18,-1.13984E+15
8.727607,2.346262E+18,-1.031044E+15
8.744698,2.331727E+18,-1.084171E+15
8.761284,2.361555E+18,-1.165463E+15
8.777665,2.339691E+18,-1.122497E+15
8.795234,2.389454E+18,-1.13138E+15
8.811178,2.345628E+18,-1.068851E+15
8.827692,2.360425E+18,-1.054265E+15
8.84464,2.32752E+18,-1.064669E+15
8.861605,2.35649E+18,-1.095413E+15
8.877881,2.352669E+18,-1.066417E+15
8.895033,2.335406E+18,-1.126386E+15
8.911566,2.346972E+18,-1.111341E+15
8.927942,2.357184E+18,-1.071431E+15
8.944781,2.34905E+18,-1.101705E+15
8.961322,2.304784E+18,-1.097709E+15
8.977695,2.297476E+18,-1.157338E+15
8.994461,2.364705E+18,-1.050891E+15
9.014897,2.355496E+18,-1.019579E+15
9.032063,2.354598E+18,-1.107669E+15
9.05228,2.375758E+18,-1.117539E+15
9.078261,2.358244E+18,-1.075953E+15
9.098041,2.360706E+18,-1.140999E+15
9.115514,2.384942E+18,-1.044465E+15
9.132201,2.35875E+18,-1.081585E+15
9.148643,2.342041E+18,-1.048015E+15
9.164834,2.335191E+18,-1.031537E+15
9.184875,2.348787E+18,-1.052059E+15
9.202161,2.357841E+18,-1.076511E+15
9.227793,2.349533E+18,-1.065116E+15
9.24883,2.341479E+18,-9.906986E+14
9.266454,2.34032E+18,-1.063613E+15
9.282027,2.370047E+18,-1.114949E+15
9.30055,2.333123E+18,-1.08576E+15
9.316885,2.365274E+18,-1.070326E+15
9.333532,2.343119E+18,-1.082207E+15
9.34986,2.352822E+18,-9.87487E+14
9.365505,2.356427E+18,-1.080577E+15
9.380666,2.321159E+18,-1.003725E+15
9.39771,2.329994E+18,-1.039034E+15
9.41392,2.373022E+18,-1.067494E+15
9.429579,2.322658E+18,-1.07845E+15
9.445251,2.308175E+18,-1.103887E+15
9.461093,2.333364E+18,-1.086442E+15
9.477417,2.363988E+18,-1.125803E+15
9.494542,2.337749E+18,-1.104757E+15
9.511319,2.35371E+18,-1.06483E+15
9.527521,2.359282E+18,-1.038606E+15
9.545012,2.363084E+18,-9.922003E+14
9.561472,2.345411E+18,-1.03441E+15
9.578825,2.364502E+18,-1.128223E+15
9.595109,2.344229E+18,-1.038257E+15
9.612026,2.32927E+18,-1.018558E+15
9.628017,2.333975E+18,-1.05138E+15
9.645132,2.340533E+18,-1.034052E+15
9.66112,2.332457E+18,-1.06853E+15
9.677751,2.322097E+18,-1.06959E+15
9.694338,2.309036E+18,-1.058223E+15
9.710485,2.352223E+18,-1.045593E+15
9.728389,2.347533E+18,-1.065276E+15
9.744317,2.328727E+18,-1.006447E+15
9.760836,2.352858E+18,-1.000046E+15
9.777516,2.344539E+18,-1.154825E+15
9.794853,2.35072E+18,-1.014445E+15
9.810452,2.344581E+18,-1.035983E+15
9.827684,2.344357E+18,-1.086543E+15
9.844129,2.354759E+18,-1.021376E+15
9.860869,2.358847E+18,-9.970979E+14
9.878386,2.31595E+18,-1.014164E+15
9.894742,2.344863E+18,-1.043225E+15
9.911614,2.348004E+18,-1.01473E+15
9.927338,2.329301E+18,-9.510955E+14
9.944222,2.334972E+18,-1.045535E+15
9.960446,2.352278E+18,-1.003615E+15
9.97751,2.34502E+18,-9.8993E+14
9.994253,2.337723E+18,-9.838749E+14
10.01048,2.318785E+18,-1.034434E+15
10.02745,2.342586E+18,-9.967784E+14
10.0438,2.347419E+18,-1.001821E+15
10.06081,2.341548E+18,-9.775421E+14
10.07796,2.325609E+18,-1.008066E+15
10.0945,2.323044E+18,-9.919705E+14
10.11186,2.36503E+18,-9.910193E+14
10.12981,2.314278E+18,-9.96734E+14
10.14558,2.342383E+18,-1.010876E+15
10.16085,2.330157E+18,-1.054488E+15
10.17841,2.321382E+18,-9.645186E+14
10.19591,2.310981E+18,-9.924239E+14
10.21351,2.316555E+18,-9.976025E+14
10.23098,2.347726E+18,-9.814334E+14
10.24778,2.337169E+18,-9.62385E+14
10.28474,2.31497E+18,-1.009589E+15
10.30979,2.304527E+18,-9.768942E+14
10.33757,2.307845E+18,-9.933483E+14
10.36706,2.346772E+18,-1.011224E+15
10.38432,2.292949E+18,-1.039761E+15
10.40198,2.334871E+18,-9.816788E+14
10.4265,2.344179E+18,-1.01606E+15
10.44333,2.37081E+18,-9.818331E+14
10.46432,2.332668E+18,-9.97706E+14
10.48155,2.303135E+18,-1.012101E+15
10.49897,2.329503E+18,-9.996561E+14
10.51795,2.336401E+18,-9.223277E+14
10.53402,2.344093E+18,-9.991403E+14
10.55393,2.281139E+18,-9.174262E+14
10.57813,2.354894E+18,-9.869022E+14
10.59999,2.335092E+18,-9.888201E+14
10.6172,2.306955E+18,-1.016937E+15
10.63463,2.325954E+18,-9.784136E+14
10.65123,2.323158E+18,-9.828405E+14
10.66775,2.336458E+18,-1.007793E+15
10.68355,2.286898E+18,-9.841337E+14
10.70046,2.326189E+18,-9.36291E+14
10.71796,2.303457E+18,-9.48495E+14
10.73347,2.30628E+18,-1.033927E+15
10.74931,2.296498E+18,-9.798944E+14
10.76555,2.330744E+18,-1.014485E+15
10.78342,2.299172E+18,-1.046768E+15
10.80023,2.326362E+18,-9.988093E+14
10.81586,2.340261E+18,-9.39649E+14
10.83193,2.332768E+18,-9.075375E+14
10.84993,2.308885E+18,-9.510486E+14
10.86695,2.314745E+18,-9.247685E+14
10.89487,2.329135E+18,-9.769679E+14
10.9136,2.293037E+18,-1.03116E+15
10.93044,2.326691E+18,-9.271938E+14
10.94649,2.334727E+18,-1.021809E+15
10.9633,2.299435E+18,-9.655823E+14
10.98028,2.323611E+18,-1.003895E+15
10.99785,2.286749E+18,-9.194213E+14
11.01602,2.304532E+18,-9.607123E+14
11.03192,2.317087E+18,-9.048542E+14
11.04772,2.322681E+18,-9.533164E+14
11.06656,2.330648E+18,-9.34577E+14
11.08565,2.348396E+18,-9.781854E+14
11.11012,2.302406E+18,-9.197944E+14
11.13183,2.352589E+18,-9.704059E+14
11.15291,2.312192E+18,-1.01243E+15
11.17766,2.336179E+18,-9.141149E+14
11.19725,2.311924E+18,-9.349451E+14
11.21822,2.350718E+18,-9.316348E+14
11.23551,2.302536E+18,-8.716463E+14
11.26147,2.345394E+18,-9.49582E+14
11.28025,2.325131E+18,-9.309136E+14
11.29729,2.307013E+18,-9.409151E+14
11.31601,2.341411E+18,-9.356378E+14
11.33284,2.32855E+18,-1.031098E+15
11.34866,2.324717E+18,-9.728958E+14
11.3807,2.295321E+18,-9.00798E+14
11.39744,2.343098E+18,-9.314618E+14
11.41383,2.32138E+18,-9.437386E+14
11.43004,2.306889E+18,-9.732344E+14
11.44672,2.344842E+18,-9.192421E+14
11.46453,2.317695E+18,-9.41953E+14
11.4803,2.322956E+18,-9.503257E+14
11.49748,2.260431E+18,-9.310753E+14
11.51594,2.283741E+18,-9.425455E+14
11.53229,2.328015E+18,-9.159716E+14
11.55054,2.333435E+18,-9.801975E+14
11.56964,2.315599E+18,-9.626895E+14
11.59498,2.328081E+18,-8.901224E+14
11.61282,2.299558E+18,-9.343201E+14
11.62988,2.305589E+18,-9.025266E+14
11.64702,2.30673E+18,-9.227586E+14
11.66367,2.296701E+18,-9.152776E+14
11.67979,2.296349E+18,-9.572733E+14
11.69694,2.33175E+18,-9.576309E+14
11.71356,2.292074E+18,-8.662106E+14
11.73034,2.325728E+18,-9.678893E+14
11.74698,2.332555E+18,-9.90686E+14
11.76355,2.326075E+18,-8.481969E+14
11.78059,2.305962E+18,-8.837729E+14
11.79659,2.314394E+18,-9.566709E+14
11.81261,2.297951E+18,-9.553535E+14
11.82887,2.317885E+18,-9.036421E+14
11.84513,2.308143E+18,-8.84291E+14
11.86167,2.32964E+18,-9.244089E+14
11.87825,2.33629E+18,-8.900939E+14
11.89674,2.287773E+18,-9.405425E+14
11.913,2.329166E+18,-9.302894E+14
11.92906,2.302863E+18,-8.854688E+14
11.94573,2.302863E+18,-8.672146E+14
11.96184,2.323323E+18,-9.313359E+14
11.97832,2.329317E+18,-9.094001E+14
11.99539,2.333276E+18,-8.72153E+14
12.01171,2.313245E+18,-9.203043E+14
12.02829,2.32357E+18,-8.899706E+14
12.04704,2.293694E+18,-9.63092E+14
12.06463,2.331159E+18,-8.847134E+14
12.0815,2.320436E+18,-8.586383E+14
12.09908,2.32579E+18,-9.042297E+14
12.11647,2.30648E+18,-8.857194E+14
12.13352,2.31702E+18,-8.973878E+14
12.15164,2.311875E+18,-9.206209E+14
12.17844,2.339346E+18,-8.842494E+14
12.19678,2.30935E+18,-8.755582E+14
12.21365,2.30812E+18,-9.812499E+14
12.23088,2.311365E+18,-8.711716E+14
12.24792,2.326395E+18,-9.505222E+14
12.26388,2.289256E+18,-8.613323E+14
12.28001,2.283081E+18,-9.116383E+14
12.29658,2.294E+18,-8.795719E+14
12.32195,2.297369E+18,-9.099001E+14
12.34493,2.282374E+18,-9.443091E+14
12.36213,2.3433E+18,-9.664658E+14
12.37827,2.301862E+18,-9.044523E+14
12.39498,2.312553E+18,-8.492795E+14
12.41132,2.303466E+18,-8.679073E+14
12.42802,2.315418E+18,-9.027021E+14
12.44561,2.293348E+18,-8.992495E+14
12.46204,2.305739E+18,-9.512974E+14
12.4788,2.289465E+18,-8.468464E+14
12.49544,2.307017E+18,-8.51799E+14
12.51243,2.289162E+18,-8.686474E+14
12.52847,2.300311E+18,-8.661483E+14
12.54678,2.282575E+18,-8.841127E+14
12.56416,2.335778E+18,-9.44005E+14
12.58318,2.290279E+18,-8.657547E+14
12.60055,2.317414E+18,-8.846968E+14
12.61722,2.254926E+18,-8.725529E+14
12.63349,2.274453E+18,-8.492401E+14
12.65015,2.335853E+18,-8.888301E+14
12.66633,2.333782E+18,-8.526135E+14
12.69154,2.295933E+18,-8.865822E+14
12.71092,2.323157E+18,-9.109997E+14
12.72818,2.300095E+18,-8.296333E+14
12.74528,2.288475E+18,-8.44567E+14
12.76154,2.277152E+18,-8.7366E+14
12.77829,2.308006E+18,-8.503943E+14
12.79482,2.284084E+18,-8.896465E+14
12.81227,2.323531E+18,-8.697469E+14
12.82893,2.292042E+18,-9.053841E+14
12.84645,2.295755E+18,-8.566035E+14
12.8632,2.286622E+18,-8.769924E+14
12.87919,2.280121E+18,-9.636296E+14
12.89617,2.283664E+18,-8.317165E+14
12.91502,2.304196E+18,-8.693846E+14
12.93223,2.261234E+18,-8.616876E+14
12.94838,2.304432E+18,-8.653595E+14
12.96612,2.273857E+18,-8.694231E+14
12.98327,2.34076E+18,-8.931694E+14
12.9998,2.275218E+18,-9.103376E+14
13.01654,2.304885E+18,-8.395442E+14
13.03395,2.276003E+18,-8.999201E+14
13.0521,2.31441E+18,-9.29063E+14
13.07788,2.310611E+18,-8.625575E+14
13.09879,2.309087E+18,-8.46736E+14
13.11912,2.289904E+18,-8.375526E+14
13.14448,2.279001E+18,-8.454007E+14
13.16172,2.314517E+18,-8.502098E+14
13.17889,2.283538E+18,-8.238304E+14
13.19579,2.320835E+18,-8.802994E+14
13.21224,2.30412E+18,-8.983188E+14
13.22863,2.260797E+18,-8.197232E+14
13.24559,2.299776E+18,-7.981918E+14
13.26165,2.295075E+18,-8.250718E+14
13.27927,2.309982E+18,-8.188446E+14
13.29679,2.295787E+18,-8.071166E+14
13.31406,2.291664E+18,-8.539853E+14
13.33176,2.292185E+18,-8.595053E+14
13.35074,2.295252E+18,-8.45644E+14
13.37752,2.335033E+18,-8.533057E+14
13.39729,2.299899E+18,-8.17058E+14
13.41433,2.299222E+18,-7.899856E+14
13.43111,2.307752E+18,-8.549342E+14
13.44746,2.279573E+18,-8.300292E+14
13.46486,2.29313E+18,-9.154082E+14
13.48146,2.276058E+18,-8.750944E+14
13.49762,2.297284E+18,-8.132705E+14
13.5142,2.317782E+18,-8.710424E+14
13.53075,2.302105E+18,-7.867089E+14
13.55155,2.273411E+18,-8.054372E+14
13.57726,2.275401E+18,-8.378297E+14
13.59734,2.28057E+18,-8.515818E+14
13.6146,2.288596E+18,-8.492384E+14
13.63163,2.300814E+18,-8.451937E+14
13.64877,2.289794E+18,-7.907898E+14
13.66994,2.291014E+18,-8.197834E+14
13.69636,2.270452E+18,-8.483303E+14
13.72712,2.273477E+18,-8.466581E+14
13.7489,2.282406E+18,-8.372846E+14
13.76692,2.253876E+18,-8.237326E+14
13.78503,2.27724E+18,-8.369308E+14
13.80956,2.321815E+18,-8.077187E+14
13.83151,2.295424E+18,-8.346369E+14
13.84901,2.29502E+18,-8.079326E+14
13.86621,2.292837E+18,-8.120727E+14
13.88278,2.285162E+18,-7.911166E+14
13.89974,2.305278E+18,-7.696893E+14
13.91622,2.266194E+18,-8.196974E+14
13.93389,2.27384E+18,-7.908527E+14
13.95018,2.276472E+18,-8.572307E+14
13.96681,2.302631E+18,-8.038979E+14
13.98289,2.279916E+18,-8.481211E+14
13.99968,2.28219E+18,-8.817052E+14
14.01862,2.306249E+18,-8.491539E+14
14.04325,2.260941E+18,-8.196261E+14
14.06814,2.251026E+18,-7.86067E+14
14.09902,2.295783E+18,-8.533226E+14
14.12094,2.308221E+18,-7.761368E+14
14.24867,2.121095E+18,-8.763926E+14
14.28186,2.148484E+18,-9.059163E+14
14.31931,2.117866E+18,-8.824376E+14
14.34798,2.123318E+18,-9.565599E+14
14.37599,2.100627E+18,-9.088331E+14
14.41892,2.06963E+18,-9.846478E+14
14.46728,2.101885E+18,-9.14868E+14
14.50387,2.152779E+18,-9.356627E+14
14.53423,2.284711E+18,-7.891669E+14
14.56208,2.29318E+18,-7.657308E+14
14.581,2.261388E+18,-7.682315E+14
14.59857,2.276568E+18,-8.361587E+14
14.62195,2.26809E+18,-8.176234E+14
14.64383,2.28077E+18,-7.893365E+14
14.66071,2.27284E+18,-7.609723E+14
14.67668,2.282937E+18,-8.587173E+14
14.69313,2.269044E+18,-7.663212E+14
14.71002,2.29193E+18,-8.054152E+14
14.72668,2.300835E+18,-7.769141E+14
14.74385,2.278981E+18,-7.604929E+14
14.76031,2.248199E+18,-7.82848E+14
14.77638,2.279442E+18,-7.781035E+14
14.79289,2.270327E+18,-8.017636E+14
14.81005,2.275005E+18,-7.597723E+14
14.82693,2.288431E+18,-8.009385E+14
14.84373,2.268308E+18,-7.842734E+14
14.86039,2.266289E+18,-7.322613E+14
14.87679,2.239204E+18,-7.802747E+14
14.89337,2.282958E+18,-8.104282E+14
14.90965,2.275991E+18,-8.352705E+14
14.92625,2.305237E+18,-7.720935E+14
14.94305,2.286744E+18,-8.067916E+14
14.95948,2.260153E+18,-7.696938E+14
14.97615,2.271944E+18,-8.242658E+14
14.99267,2.265662E+18,-7.469187E+14
15.01052,2.291032E+18,-7.613917E+14
15.02706,2.274876E+18,-7.473281E+14
15.04331,2.27146E+18,-7.241115E+14
15.06078,2.271966E+18,-8.418775E+14
15.07934,2.273534E+18,-7.613203E+14
15.09542,2.274477E+18,-7.772908E+14
15.11383,2.262504E+18,-7.709546E+14
15.13421,2.283867E+18,-7.426019E+14
15.1505,2.29804E+18,-7.48383E+14
15.17666,2.24139E+18,-7.168091E+14
15.19505,2.2757E+18,-7.6761E+14
15.21119,2.255627E+18,-7.690407E+14
15.22912,2.287974E+18,-7.660357E+14
15.2488,2.274397E+18,-7.932962E+14
15.26473,2.277988E+18,-7.753479E+14
15.28006,2.261817E+18,-7.960761E+14
15.29549,2.278007E+18,-7.878184E+14
15.31252,2.261552E+18,-7.717935E+14
15.33041,2.292038E+18,-7.801882E+14
15.34952,2.256483E+18,-7.563782E+14
15.36571,2.25091E+18,-7.278961E+14
15.38179,2.255478E+18,-7.466399E+14
15.39788,2.287223E+18,-8.317865E+14
15.4137,2.281975E+18,-7.005595E+14
15.42902,2.280532E+18,-7.668035E+14
15.44646,2.275299E+18,-7.488341E+14
15.46381,2.257885E+18,-8.097553E+14
15.47875,2.28664E+18,-7.551283E+14
15.4946,2.267905E+18,-7.268183E+14
15.51063,2.251432E+18,-7.230376E+14
15.52706,2.244651E+18,-7.417064E+14
15.54707,2.277934E+18,-7.762126E+14
15.56616,2.270902E+18,-7.408125E+14
15.58314,2.285242E+18,-7.545859E+14
15.5995,2.269751E+18,-8.118336E+14
15.61623,2.266496E+18,-7.437592E+14
15.63165,2.296703E+18,-7.631608E+14
15.64743,2.282156E+18,-7.52657E+14
15.66354,2.296135E+18,-7.323965E+14
15.67873,2.266252E+18,-7.536565E+14
15.69372,2.277709E+18,-7.464272E+14
15.71044,2.297324E+18,-7.52281E+14
15.7268,2.267092E+18,-7.714622E+14
15.74314,2.27386E+18,-8.053904E+14
15.7603,2.266247E+18,-7.413742E+14
15.77866,2.308975E+18,-8.08933E+14
15.79558,2.250483E+18,-8.508794E+14
15.81255,2.276029E+18,-8.1433E+14
15.83229,2.248949E+18,-7.127555E+14
15.84807,2.271564E+18,-8.087912E+14
15.86285,2.260482E+18,-7.621036E+14
15.87759,2.271749E+18,-7.470973E+14
15.89337,2.284158E+18,-7.159041E+14
15.91157,2.251034E+18,-7.330303E+14
15.92984,2.27654E+18,-7.282837E+14
15.94777,2.245745E+18,-7.258083E+14
15.96763,2.26217E+18,-7.308454E+14
15.99305,2.252373E+18,-7.822527E+14
16.01583,2.26684E+18,-7.75858E+14
16.03221,2.258225E+18,-7.547603E+14
16.0498,2.242306E+18,-7.438041E+14
16.08026,2.263503E+18,-7.288393E+14
16.10125,2.288115E+18,-7.154615E+14
16.12702,2.274087E+18,-7.55274E+14
16.1518,2.281959E+18,-7.324979E+14
16.17623,2.290033E+18,-7.281338E+14
16.19756,2.26504E+18,-7.734486E+14
16.22188,2.278527E+18,-7.978804E+14
16.24273,2.269582E+18,-7.605263E+14
16.25963,2.254779E+18,-7.479991E+14
16.27633,2.247056E+18,-7.351535E+14
16.29295,2.295129E+18,-7.593004E+14
16.30976,2.261944E+18,-6.945527E+14
16.3275,2.300575E+18,-7.542174E+14
16.34377,2.257624E+18,-7.222574E+14
16.35992,2.273084E+18,-7.730981E+14
16.37627,2.258432E+18,-7.548221E+14
16.39272,2.241132E+18,-7.492735E+14
16.40984,2.219548E+18,-7.243823E+14
16.43085,2.263874E+18,-7.126814E+14
16.44724,2.264917E+18,-7.363228E+14
16.46296,2.24878E+18,-7.349579E+14
16.47841,2.252705E+18,-6.764052E+14
16.49457,2.285735E+18,-7.58033E+14
16.51109,2.242601E+18,-7.954449E+14
16.5288,2.250113E+18,-7.423698E+14
16.5479,2.279918E+18,-7.656882E+14
16.5651,2.250802E+18,-7.180687E+14
16.5844,2.236455E+18,-7.198168E+14
16.60328,2.276293E+18,-7.085032E+14
16.62627,2.289352E+18,-7.077424E+14
16.64784,2.254172E+18,-7.549934E+14
16.66419,2.282975E+18,-8.353365E+14
16.68411,2.257341E+18,-7.099786E+14
16.70673,2.272679E+18,-6.805161E+14
16.7262,2.267629E+18,-7.26668E+14
16.7449,2.259715E+18,-7.11261E+14
16.76154,2.266224E+18,-7.530045E+14
16.77967,2.267422E+18,-7.057091E+14
16.79604,2.266211E+18,-6.880723E+14
16.81429,2.27889E+18,-6.726374E+14
16.83297,2.237289E+18,-6.816511E+14
16.84966,2.258259E+18,-7.193947E+14
16.8679,2.266882E+18,-6.988262E+14
16.8834,2.234177E+18,-6.900796E+14
16.90293,2.266077E+18,-7.40172E+14
16.92582,2.267122E+18,-7.232732E+14
16.94671,2.28337E+18,-7.451078E+14
16.96459,2.262194E+18,-7.319494E+14
16.9803,2.271386E+18,-6.982087E+14
16.99562,2.274152E+18,-6.865433E+14
17.01584,2.28092E+18,-7.01088E+14
17.03539,2.267688E+18,-6.920908E+14
17.05946,2.241977E+18,-7.14955E+14
17.08249,2.245849E+18,-7.251256E+14
17.10049,2.238321E+18,-6.980328E+14
17.12656,2.249673E+18,-6.942797E+14
17.14401,2.269664E+18,-7.172134E+14
17.16,2.259971E+18,-6.785348E+14
17.1767,2.264078E+18,-6.913591E+14
17.19592,2.25804E+18,-6.597914E+14
17.21406,2.25111E+18,-7.009355E+14
17.22941,2.276471E+18,-7.322131E+14
17.24445,2.273485E+18,-7.106817E+14
17.26023,2.258109E+18,-7.564545E+14
17.27592,2.292702E+18,-6.689519E+14
17.29255,2.235685E+18,-7.457506E+14
17.31377,2.261398E+18,-6.980545E+14
17.33134,2.264862E+18,-6.868216E+14
17.34704,2.253673E+18,-7.196779E+14
17.36197,2.273745E+18,-7.428239E+14
17.37853,2.273553E+18,-7.632558E+14
17.39698,2.245684E+18,-7.219215E+14
17.41224,2.255573E+18,-6.579438E+14
17.42789,2.22638E+18,-6.641806E+14
17.4433,2.273441E+18,-6.819853E+14
17.45895,2.273585E+18,-6.716132E+14
17.47588,2.275863E+18,-7.122223E+14
17.49253,2.284171E+18,-6.309445E+14
17.50897,2.269064E+18,-6.81278E+14
17.526,2.249778E+18,-7.127558E+14
17.54371,2.265657E+18,-6.462392E+14
17.56125,2.291062E+18,-6.603656E+14
17.58113,2.268525E+18,-7.041556E+14
17.59784,2.263928E+18,-6.672355E+14
17.61588,2.238991E+18,-7.362017E+14
17.6325,2.249703E+18,-6.643568E+14
17.65066,2.267479E+18,-6.972175E+14
17.66619,2.281022E+18,-6.609495E+14
17.68452,2.228333E+18,-7.005214E+14
17.69893,2.268945E+18,-6.832614E+14
17.71567,2.252837E+18,-6.956821E+14
17.73153,2.268604E+18,-6.78287E+14
17.7488,2.255028E+18,-7.120236E+14
17.76441,2.277729E+18,-7.292457E+14
17.78156,2.266146E+18,-6.824356E+14
17.79799,2.248464E+18,-6.371435E+14
17.81511,2.260074E+18,-6.913693E+14
17.83194,2.243339E+18,-6.532069E+14
17.85574,2.238588E+18,-8.142711E+14
17.87627,2.231315E+18,-6.605843E+14
17.89655,2.254332E+18,-7.584273E+14
17.91568,2.258427E+18,-7.108265E+14
17.93526,2.264168E+18,-6.620039E+14
17.9597,2.247794E+18,-6.575806E+14
17.97739,2.267102E+18,-7.002236E+14
17.99255,2.269689E+18,-6.528443E+14
18.0093,2.256677E+18,-6.880681E+14
18.02604,2.263032E+18,-7.056454E+14
18.04242,2.271758E+18,-6.76281E+14
18.06041,2.264845E+18,-6.799242E+14
18.07824,2.270296E+18,-6.893402E+14
18.09521,2.260681E+18,-6.464347E+14
18.11203,2.255743E+18,-6.877118E+14
18.13223,2.240662E+18,-6.75352E+14
18.14796,2.274161E+18,-6.715016E+14
18.16409,2.270427E+18,-6.731243E+14
18.18011,2.252921E+18,-7.315697E+14
18.19528,2.234106E+18,-6.326494E+14
18.21079,2.268749E+18,-6.639797E+14
18.22691,2.247001E+18,-6.703127E+14
18.2432,2.227696E+18,-6.867031E+14
18.26252,2.251232E+18,-6.54527E+14
18.27821,2.239377E+18,-6.836642E+14
18.29417,2.240657E+18,-6.577359E+14
18.31044,2.250938E+18,-6.555772E+14
18.3264,2.270342E+18,-6.630203E+14
18.34223,2.243151E+18,-6.642117E+14
18.35944,2.262871E+18,-6.879098E+14
18.37624,2.248919E+18,-6.39089E+14
18.39233,2.239517E+18,-7.075245E+14
18.40933,2.244179E+18,-6.944204E+14
18.42721,2.244821E+18,-6.406802E+14
18.4429,2.269437E+18,-6.710832E+14
18.46032,2.245483E+18,-6.752505E+14
18.47868,2.24612E+18,-6.829332E+14
18.49711,2.260813E+18,-6.817818E+14
18.51212,2.231299E+18,-6.345946E+14
18.5272,2.229875E+18,-6.846386E+14
18.54389,2.232826E+18,-6.621158E+14
18.5605,2.234355E+18,-6.153877E+14
18.57835,2.24832E+18,-6.661795E+14
18.59387,2.27928E+18,-7.128217E+14
18.61046,2.248078E+18,-7.23869E+14
18.62693,2.228426E+18,-6.902418E+14
18.64259,2.259228E+18,-6.895424E+14
18.65878,2.259171E+18,-6.259756E+14
18.67548,2.225367E+18,-6.887682E+14
18.69229,2.224196E+18,-6.752112E+14
18.70881,2.261319E+18,-6.741246E+14
18.72568,2.259649E+18,-6.419303E+14
18.74222,2.232838E+18,-6.400781E+14
18.75938,2.250888E+18,-6.506881E+14
18.77579,2.249702E+18,-6.42254E+14
18.79226,2.281746E+18,-7.355763E+14
18.8088,2.281321E+18,-7.16547E+14
18.82527,2.266148E+18,-6.878524E+14
18.84252,2.189493E+18,-6.478444E+14
18.85926,2.255338E+18,-6.514327E+14
18.87554,2.252145E+18,-6.633187E+14
18.89209,2.238011E+18,-6.521005E+14
18.90844,2.256549E+18,-6.753191E+14
18.92556,2.218865E+18,-6.952335E+14
18.94242,2.21923E+18,-6.619605E+14
18.95881,2.253489E+18,-6.546351E+14
18.97563,2.278991E+18,-6.399144E+14
18.99541,2.256548E+18,-6.422357E+14
19.01163,2.241288E+18,-6.644369E+14
19.0303,2.240068E+18,-6.48003E+14
19.05018,2.276311E+18,-6.855371E+14
19.08531,2.247165E+18,-6.874409E+14
19.10896,2.24372E+18,-6.016035E+14
19.12871,2.248201E+18,-6.815337E+14
19.14912,2.265534E+18,-6.39004E+14
19.16633,2.24295E+18,-6.168011E+14
19.18246,2.260941E+18,-6.884645E+14
19.19945,2.230953E+18,-6.460052E+14
19.21701,2.277832E+18,-6.347007E+14
19.24539,2.271197E+18,-6.950925E+14
19.26707,2.251172E+18,-6.136392E+14
19.29252,2.231271E+18,-6.439848E+14
19.3147,2.242654E+18,-6.424252E+14
19.33035,2.256482E+18,-6.133803E+14
19.34589,2.270219E+18,-6.298734E+14
19.36106,2.206924E+18,-6.308768E+14
19.37638,2.233821E+18,-6.345367E+14
19.3919,2.241997E+18,-6.306345E+14
19.40849,2.253651E+18,-6.439848E+14
19.42511,2.262313E+18,-6.246562E+14
19.4424,2.256324E+18,-6.380609E+14
19.45875,2.245946E+18,-6.136022E+14
19.47619,2.269532E+18,-6.909999E+14
19.49218,2.26386E+18,-6.436858E+14
19.50908,2.234975E+18,-6.008461E+14
19.52555,2.242333E+18,-6.186977E+14
19.54279,2.251463E+18,-6.176149E+14
19.56479,2.252773E+18,-6.12456E+14
19.5852,2.254858E+18,-6.366421E+14
19.601,2.261651E+18,-6.27289E+14
19.62894,2.218811E+18,-5.835332E+14
19.64777,2.239868E+18,-6.483227E+14
19.66425,2.250622E+18,-6.482166E+14
19.68233,2.240567E+18,-6.303662E+14
19.69818,2.234252E+18,-5.953219E+14
19.71573,2.239303E+18,-6.477068E+14
19.73176,2.241388E+18,-6.112171E+14
19.74906,2.238473E+18,-6.388827E+14
19.76475,2.259276E+18,-5.983609E+14
19.78294,2.236584E+18,-6.428514E+14
19.79896,2.246051E+18,-6.651121E+14
19.82916,2.238595E+18,-6.059085E+14
19.84901,2.253319E+18,-6.580776E+14
19.86482,2.209453E+18,-6.604604E+14
19.88482,2.280401E+18,-6.334889E+14
19.90337,2.237034E+18,-6.490809E+14
19.92519,2.252425E+18,-6.476505E+14
19.9426,2.219373E+18,-6.142782E+14
19.95937,2.237652E+18,-6.25922E+14
19.97574,2.24807E+18,-6.052779E+14
19.99208,2.215916E+18,-6.732469E+14
20.00968,2.256597E+18,-6.045126E+14
20.02588,2.218087E+18,-5.779914E+14
20.04418,2.248114E+18,-5.981788E+14
20.06304,2.246645E+18,-6.668739E+14
20.08183,2.243228E+18,-6.069342E+14
20.09877,2.231815E+18,-5.870876E+14
20.11452,2.219167E+18,-6.479853E+14
20.13006,2.245897E+18,-6.571552E+14
20.14607,2.22434E+18,-6.150749E+14
20.16152,2.242103E+18,-5.677941E+14
20.17739,2.245586E+18,-6.68136E+14
20.19322,2.266769E+18,-6.167964E+14
20.20848,2.249042E+18,-6.277871E+14
20.22532,2.235712E+18,-6.449178E+14
20.24203,2.235864E+18,-6.270093E+14
20.25925,2.22379E+18,-5.900007E+14
20.27699,2.242256E+18,-6.519877E+14
20.29356,2.264185E+18,-6.542414E+14
20.31011,2.233528E+18,-6.006934E+14
20.32638,2.215241E+18,-6.174477E+14
20.34378,2.224022E+18,-6.559088E+14
20.36065,2.242087E+18,-6.280561E+14
20.37764,2.242699E+18,-5.913147E+14
20.39618,2.238414E+18,-6.093557E+14
20.414,2.243315E+18,-5.614366E+14
20.43277,2.252151E+18,-5.719846E+14
20.45092,2.237871E+18,-6.302785E+14
20.4774,2.244644E+18,-5.721841E+14
20.49659,2.243636E+18,-5.717081E+14
20.51505,2.264495E+18,-5.949493E+14
20.53628,2.256672E+18,-6.159199E+14
20.5626,2.228624E+18,-5.668696E+14
20.57944,2.263414E+18,-6.11187E+14
20.59784,2.202821E+18,-5.822466E+14
20.61573,2.211406E+18,-6.069731E+14
20.63453,2.257048E+18,-6.296933E+14
20.66025,2.223222E+18,-6.037185E+14
20.67792,2.244015E+18,-5.998147E+14
20.69708,2.245524E+18,-6.256E+14
20.71845,2.222428E+18,-5.919098E+14
20.7345,2.239532E+18,-5.797609E+14
20.76077,2.230916E+18,-6.436696E+14
20.78118,2.235279E+18,-6.021172E+14
20.79983,2.235975E+18,-5.761496E+14
20.81853,2.24336E+18,-6.397721E+14
20.83452,2.235751E+18,-5.931169E+14
20.86031,2.251739E+18,-5.962017E+14
20.87669,2.226168E+18,-5.980953E+14
20.89503,2.233857E+18,-5.74562E+14
20.91205,2.261585E+18,-6.5309E+14
20.93151,2.232067E+18,-6.004295E+14
20.94999,2.252919E+18,-6.005402E+14
20.9678,2.238663E+18,-5.966633E+14
20.99928,2.229631E+18,-6.17759E+14
21.02553,2.240435E+18,-5.844871E+14
21.04428,2.235211E+18,-6.132076E+14
21.06475,2.254327E+18,-5.855925E+14
21.08577,2.231291E+18,-6.685438E+14
21.10821,2.249873E+18,-5.791875E+14
21.1295,2.230065E+18,-5.741671E+14
21.15064,2.240746E+18,-6.157092E+14
21.16599,2.254924E+18,-6.182981E+14
21.19495,2.212525E+18,-6.055001E+14
21.21658,2.189708E+18,-5.524405E+14
21.23308,2.244807E+18,-6.094339E+14
21.26058,2.212037E+18,-5.844349E+14
21.28047,2.212144E+18,-5.826312E+14
21.2977,2.23913E+18,-6.251331E+14
21.31844,2.259243E+18,-5.463093E+14
21.33373,2.222162E+18,-6.442875E+14
21.36202,2.217532E+18,-5.867406E+14
21.38308,2.218652E+18,-5.946787E+14
21.39888,2.235493E+18,-6.271025E+14
21.41715,2.225292E+18,-5.641602E+14
21.43218,2.249181E+18,-5.522429E+14
21.45102,2.238671E+18,-5.779417E+14
21.47926,2.221883E+18,-5.906746E+14
21.49756,2.202337E+18,-6.46341E+14
21.51624,2.242701E+18,-5.925773E+14
21.53135,2.225263E+18,-5.651537E+14
21.56095,2.231996E+18,-5.624199E+14
21.58234,2.224537E+18,-5.998044E+14
21.59795,2.249942E+18,-5.517599E+14
21.61679,2.234166E+18,-6.829908E+14
21.63151,2.209751E+18,-5.892318E+14
21.64883,2.24127E+18,-5.860094E+14
21.66455,2.220111E+18,-5.850796E+14
21.68253,2.255597E+18,-5.90024E+14
21.69827,2.257893E+18,-6.000392E+14
21.71609,2.209581E+18,-5.716078E+14
21.73166,2.24431E+18,-6.032818E+14
21.74935,2.230593E+18,-5.942068E+14
21.7652,2.225659E+18,-5.783328E+14
21.78241,2.230394E+18,-5.599765E+14
21.79791,2.210857E+18,-5.771629E+14
21.81493,2.22831E+18,-6.080057E+14
21.83006,2.244187E+18,-5.834186E+14
21.84725,2.211034E+18,-5.876168E+14
21.86382,2.228109E+18,-5.566368E+14
21.88131,2.240298E+18,-6.119843E+14
21.89657,2.221891E+18,-5.970809E+14
21.91349,2.229184E+18,-5.466282E+14
21.92912,2.237724E+18,-5.659014E+14
21.94597,2.240709E+18,-6.130076E+14
21.9616,2.243191E+18,-5.850585E+14
21.97872,2.227373E+18,-5.777242E+14
21.99365,2.238112E+18,-5.530545E+14
22.01099,2.228044E+18,-5.546904E+14
22.0262,2.253033E+18,-5.935348E+14
22.04642,2.241046E+18,-5.642711E+14
22.06459,2.228579E+18,-6.196025E+14
22.08549,2.244295E+18,-5.615186E+14
22.1109,2.237527E+18,-5.688695E+14
22.12688,2.252066E+18,-5.979042E+14
22.1442,2.215109E+18,-5.637657E+14
22.15963,2.228335E+18,-5.850602E+14
22.17745,2.222685E+18,-5.370605E+14
22.19354,2.236266E+18,-5.532688E+14
22.21013,2.212369E+18,-5.536898E+14
22.22656,2.229962E+18,-6.350161E+14
22.24908,2.229014E+18,-5.436614E+14
22.26316,2.222164E+18,-5.663761E+14
22.27969,2.233295E+18,-5.979108E+14
22.2958,2.242292E+18,-5.846728E+14
22.31309,2.207089E+18,-5.821359E+14
22.33067,2.242317E+18,-6.134721E+14
22.34798,2.220741E+18,-5.780167E+14
22.36382,2.215557E+18,-5.693331E+14
22.38133,2.220458E+18,-6.059638E+14
22.3967,2.217732E+18,-5.617508E+14
22.41322,2.217234E+18,-5.40252E+14
22.42915,2.253985E+18,-5.875301E+14
22.44585,2.230613E+18,-5.992856E+14
22.46077,2.245649E+18,-5.733133E+14
22.47751,2.235635E+18,-5.704544E+14
22.49273,2.227297E+18,-5.950505E+14
22.51004,2.219373E+18,-5.665718E+14
22.52542,2.209231E+18,-5.93182E+14
22.54343,2.196783E+18,-5.674718E+14
22.56241,2.197108E+18,-5.968251E+14
22.58034,2.233645E+18,-5.973963E+14
22.59903,2.254657E+18,-6.092625E+14
22.61459,2.198989E+18,-5.325171E+14
22.63247,2.21504E+18,-5.391E+14
22.64762,2.209776E+18,-5.790567E+14
22.66516,2.215947E+18,-5.893023E+14
22.68109,2.233518E+18,-5.635051E+14
22.69838,2.240262E+18,-5.380275E+14
22.71361,2.213183E+18,-5.214115E+14
22.73137,2.223056E+18,-5.850013E+14
22.74695,2.221604E+18,-5.802371E+14
22.76408,2.244003E+18,-5.678997E+14
22.78102,2.225684E+18,-5.621962E+14
22.81171,2.23023E+18,-6.038778E+14
22.83121,2.216486E+18,-5.877184E+14
22.84719,2.225556E+18,-5.982918E+14
22.86479,2.208305E+18,-5.943982E+14
22.88112,2.228374E+18,-5.480321E+14
22.89783,2.210542E+18,-5.808941E+14
22.91535,2.224925E+18,-5.596836E+14
22.93127,2.224526E+18,-6.245806E+14
22.94707,2.234623E+18,-5.766641E+14
22.96306,2.226059E+18,-5.45992E+14
22.97995,2.200139E+18,-5.465216E+14
22.99668,2.210282E+18,-5.734399E+14
23.01214,2.249962E+18,-5.240547E+14
23.02723,2.225062E+18,-5.629235E+14
23.04473,2.234862E+18,-5.515707E+14
23.0654,2.225547E+18,-5.628374E+14
23.08376,2.226332E+18,-5.344466E+14
23.10767,2.226814E+18,-5.521383E+14
23.12674,2.22422E+18,-5.049622E+14
23.14316,2.198078E+18,-5.476324E+14
23.15961,2.226669E+18,-5.538695E+14
23.17548,2.230964E+18,-5.461765E+14
23.19118,2.231373E+18,-5.806109E+14
23.20794,2.221459E+18,-5.964471E+14
23.22532,2.241415E+18,-5.539671E+14
23.24214,2.248148E+18,-6.053965E+14
23.25851,2.236233E+18,-5.594554E+14
23.27508,2.201207E+18,-5.474119E+14
23.29134,2.204303E+18,-5.282945E+14
23.30784,2.216429E+18,-5.960381E+14
23.32517,2.209392E+18,-5.602657E+14
23.34176,2.225687E+18,-5.394177E+14
23.35776,2.21598E+18,-5.414769E+14
23.37473,2.194867E+18,-5.720997E+14
23.39168,2.233823E+18,-5.408423E+14
23.40854,2.254427E+18,-5.804815E+14
23.42538,2.244556E+18,-5.925491E+14
23.44147,2.204552E+18,-5.584992E+14
23.45802,2.233213E+18,-5.95097E+14
23.47436,2.219804E+18,-5.692096E+14
23.49106,2.226102E+18,-5.426563E+14
23.50814,2.231359E+18,-5.682969E+14
23.52448,2.218806E+18,-5.489241E+14
23.54195,2.251397E+18,-5.66845E+14
23.55997,2.202962E+18,-5.78432E+14
23.57737,2.207586E+18,-6.059671E+14
23.594,2.227446E+18,-5.640603E+14
23.61019,2.201651E+18,-5.488539E+14
23.62747,2.223846E+18,-5.434441E+14
23.64487,2.219645E+18,-5.851174E+14
23.66123,2.203135E+18,-5.499111E+14
23.67765,2.212201E+18,-5.367797E+14
23.69394,2.206739E+18,-5.50524E+14
23.70936,2.216125E+18,-5.382991E+14
23.72591,2.251401E+18,-5.013272E+14
23.7473,2.237612E+18,-5.807751E+14
23.76415,2.230618E+18,-5.316134E+14
23.77981,2.180222E+18,-5.260266E+14
23.79537,2.212189E+18,-5.573001E+14
23.81077,2.255645E+18,-5.175732E+14
23.82593,2.248933E+18,-5.868784E+14
23.84155,2.206355E+18,-5.236769E+14
23.85728,2.207993E+18,-5.524974E+14
23.87421,2.227484E+18,-5.348491E+14
23.89084,2.226237E+18,-5.124913E+14
23.90738,2.25237E+18,-5.401218E+14
23.92418,2.230275E+18,-5.458618E+14
23.94074,2.225236E+18,-5.575617E+14
23.95867,2.215518E+18,-5.233008E+14
23.97556,2.212991E+18,-4.966657E+14
23.99156,2.226899E+18,-5.509432E+14
24.00841,2.235215E+18,-5.2341E+14
24.02488,2.241652E+18,-5.537312E+14
24.04293,2.196533E+18,-5.273433E+14
24.06243,2.224068E+18,-5.21854E+14
24.08377,2.215678E+18,-4.783442E+14
24.10741,2.200406E+18,-5.231552E+14
24.12481,2.225372E+18,-5.269048E+14
24.1417,2.215827E+18,-5.769607E+14
24.15771,2.224268E+18,-5.467675E+14
24.17419,2.231474E+18,-5.563332E+14
24.19129,2.202048E+18,-5.541821E+14
24.20819,2.211123E+18,-5.365382E+14
24.22499,2.211115E+18,-5.882128E+14
24.24142,2.236215E+18,-5.284105E+14
24.25775,2.234131E+18,-5.234608E+14
24.27417,2.224563E+18,-5.469213E+14
24.29086,2.217174E+18,-5.662225E+14
24.3077,2.193496E+18,-5.176293E+14
24.32559,2.218691E+18,-5.533808E+14
24.34157,2.185659E+18,-5.622616E+14
24.35726,2.233135E+18,-5.597808E+14
24.37415,2.200358E+18,-6.085499E+14
24.39046,2.206019E+18,-5.269978E+14
24.41146,2.224817E+18,-5.521526E+14
24.43326,2.199567E+18,-5.724141E+14
24.45768,2.218393E+18,-5.335734E+14
24.48224,2.210721E+18,-5.669571E+14
24.50735,2.203859E+18,-5.440586E+14
24.52916,2.218261E+18,-5.210211E+14
24.5548,2.201806E+18,-5.592797E+14
24.58074,2.23454E+18,-5.253513E+14
24.61406,2.233127E+18,-5.708462E+14
24.64594,2.19787E+18,-4.836349E+14
24.67705,2.246922E+18,-5.814113E+14
24.7068,2.223772E+18,-4.86493E+14
24.73725,2.202219E+18,-5.040406E+14
24.76881,2.198072E+18,-5.396539E+14
24.79999,2.213852E+18,-5.457773E+14
24.83038,2.188058E+18,-5.204745E+14
24.86212,2.203616E+18,-5.645969E+14
24.89367,2.217185E+18,-5.178214E+14
24.92398,2.215865E+18,-5.336113E+14
24.94477,2.227761E+18,-5.075035E+14
24.96564,2.202201E+18,-5.303903E+14
24.99583,2.244068E+18,-5.684909E+14
25.02876,2.229012E+18,-5.19169E+14
25.04914,2.203822E+18,-5.617313E+14
25.07552,2.22168E+18,-5.267121E+14
25.09498,2.204748E+18,-5.051824E+14
25.12069,2.20404E+18,-5.12587E+14
25.14669,2.199369E+18,-5.389453E+14
25.1694,2.207676E+18,-5.121941E+14
25.19357,2.201551E+18,-4.799136E+14
25.21104,2.235141E+18,-5.106981E+14
25.22952,2.229525E+18,-5.308389E+14
25.24754,2.21653E+18,-5.001108E+14
25.26356,2.212047E+18,-4.940924E+14
25.27971,2.224588E+18,-5.100304E+14
25.29718,2.207909E+18,-5.284194E+14
25.31551,2.211663E+18,-5.341821E+14
25.34031,2.21491E+18,-5.26998E+14
25.35814,2.237152E+18,-5.031254E+14
25.37519,2.186235E+18,-5.15855E+14
25.39248,2.205319E+18,-5.050106E+14
25.40932,2.214191E+18,-4.8863E+14
25.42637,2.226935E+18,-5.455473E+14
25.44347,2.228351E+18,-5.237659E+14
25.46007,2.239125E+18,-5.029794E+14
25.47722,2.235623E+18,-5.07935E+14
25.49449,2.215283E+18,-5.50818E+14
25.51147,2.214411E+18,-5.590135E+14
25.52739,2.210006E+18,-5.122149E+14
25.54556,2.224361E+18,-5.093506E+14
25.56477,2.212537E+18,-5.29562E+14
25.58396,2.237758E+18,-5.084419E+14
25.6079,2.208022E+18,-5.082106E+14
25.62695,2.223028E+18,-5.716493E+14
25.64407,2.226449E+18,-5.237783E+14
25.66057,2.204494E+18,-5.292002E+14
25.67729,2.224151E+18,-5.258882E+14
25.69473,2.196116E+18,-5.270129E+14
25.71096,2.200798E+18,-4.94147E+14
25.72725,2.218164E+18,-5.056765E+14
25.74388,2.227495E+18,-5.063996E+14
25.76012,2.208853E+18,-5.090768E+14
25.77832,2.217593E+18,-4.983852E+14
25.7957,2.222924E+18,-4.906951E+14
25.81365,2.215591E+18,-4.858683E+14
25.83179,2.205694E+18,-5.47479E+14
25.85825,2.207467E+18,-5.185042E+14
25.87591,2.202217E+18,-4.930412E+14
25.89329,2.221353E+18,-5.074053E+14
25.91117,2.194892E+18,-5.262871E+14
25.93326,2.218201E+18,-4.928491E+14
25.95783,2.202273E+18,-4.907732E+14
25.97765,2.233984E+18,-5.134962E+14
25.99576,2.219109E+18,-5.093831E+14
26.01336,2.210972E+18,-5.377667E+14
26.04148,2.202993E+18,-4.89081E+14
26.14209,2.207679E+18,-4.520561E+14
26.16662,2.195296E+18,-5.00071E+14
26.19064,2.210675E+18,-4.690322E+14
26.20781,2.213864E+18,-4.847416E+14
26.22389,2.210105E+18,-5.08854E+14
26.24032,2.195762E+18,-5.04684E+14
26.25771,2.202078E+18,-4.819199E+14
26.2741,2.208272E+18,-4.874298E+14
26.29025,2.2198E+18,-4.677808E+14
26.30688,2.196298E+18,-4.514876E+14
26.32444,2.195965E+18,-5.133111E+14
26.34235,2.195125E+18,-4.986489E+14
26.35841,2.219073E+18,-5.193193E+14
26.37438,2.200384E+18,-5.031774E+14
26.39044,2.191982E+18,-4.937712E+14
26.40699,2.211703E+18,-5.033259E+14
26.42528,2.21188E+18,-5.168843E+14
26.44316,2.205947E+18,-5.240693E+14
26.46001,2.229883E+18,-5.020989E+14
26.47651,2.224302E+18,-4.774815E+14
26.49484,2.172129E+18,-5.256302E+14
26.5132,2.214695E+18,-5.081873E+14
26.53094,2.183691E+18,-5.020846E+14
26.55654,2.224801E+18,-4.826149E+14
26.57405,2.209854E+18,-5.163467E+14
26.59147,2.190775E+18,-4.764981E+14
26.63757,2.206677E+18,-4.752309E+14
26.6568,2.196816E+18,-5.400687E+14
26.67406,2.21282E+18,-4.896489E+14
26.69345,2.239517E+18,-4.871311E+14
26.71204,2.233048E+18,-5.110343E+14
26.7311,2.202685E+18,-4.859128E+14
26.75656,2.226846E+18,-4.830934E+14
26.77646,2.221819E+18,-5.372842E+14
26.79602,2.242325E+18,-5.019262E+14
26.81575,2.209249E+18,-4.904425E+14
26.84055,2.211674E+18,-4.949081E+14
26.86056,2.206975E+18,-4.933688E+14
26.88034,2.231177E+18,-4.77094E+14
26.89989,2.228297E+18,-4.87425E+14
26.92379,2.209176E+18,-4.963871E+14
26.94294,2.204937E+18,-4.749506E+14
26.95836,2.208712E+18,-4.647465E+14
26.97509,2.218522E+18,-4.566807E+14
26.9918,2.20928E+18,-4.977801E+14
27.00872,2.169089E+18,-4.79386E+14
27.02458,2.233289E+18,-4.721243E+14
27.04092,2.219623E+18,-4.578645E+14
27.05768,2.200304E+18,-5.107933E+14
27.07606,2.240031E+18,-4.647791E+14
27.09294,2.187818E+18,-4.758328E+14
27.11012,2.211848E+18,-5.154446E+14
27.12632,2.20898E+18,-4.559968E+14
27.14194,2.218307E+18,-4.468503E+14
27.15864,2.21228E+18,-4.969151E+14
27.17699,2.205814E+18,-4.906814E+14
27.19215,2.212014E+18,-4.643841E+14
27.20738,2.182257E+18,-5.141312E+14
27.22349,2.202529E+18,-4.973681E+14
27.23995,2.21194E+18,-4.595573E+14
27.25659,2.188757E+18,-5.050971E+14
27.27398,2.197585E+18,-4.991003E+14
27.29373,2.220635E+18,-4.63331E+14
27.30987,2.190026E+18,-5.053404E+14
27.3255,2.196923E+18,-4.564395E+14
27.34082,2.220836E+18,-5.308071E+14
27.35747,2.212788E+18,-5.14048E+14
27.37509,2.214937E+18,-4.832786E+14
27.3908,2.233312E+18,-4.757018E+14
27.40633,2.189241E+18,-5.135386E+14
27.423,2.197252E+18,-4.799968E+14
27.43983,2.174163E+18,-4.532459E+14
27.4568,2.192316E+18,-4.878341E+14
27.47335,2.237271E+18,-4.9003E+14
27.48991,2.219864E+18,-4.81084E+14
27.50651,2.181374E+18,-4.908579E+14
27.52332,2.186962E+18,-4.945226E+14
27.54072,2.228787E+18,-4.512396E+14
27.57368,2.163524E+18,-5.086149E+14
27.60297,2.203723E+18,-4.811718E+14
27.63732,2.213688E+18,-4.732691E+14
