0.02,5.56192E+18,-1.069146E+16
0.3533334,5.489698E+18,-1.052221E+16
0.4206239,5.910661E+18,-1.050392E+16
0.4750894,6.030064E+18,-1.035244E+16
0.5266898,5.985574E+18,-1.079384E+16
0.5770844,6.768826E+18,-1.049116E+16
0.6010215,6.691203E+18,-1.05908E+16
0.6239986,7.011415E+18,-1.057797E+16
0.6485493,7.127585E+18,-1.058402E+16
0.672052,6.976731E+18,-1.082511E+16
0.6960009,6.703043E+18,-1.046794E+16
0.7216156,6.766559E+18,-1.038521E+16
0.7462718,7.169576E+18,-1.048247E+16
0.7714142,7.172488E+18,-1.006754E+16
0.7929139,7.385931E+18,-1.105973E+16
0.8173271,7.116292E+18,-1.033599E+16
0.8391454,7.475323E+18,-1.058238E+16
0.8644041,7.38068E+18,-1.056981E+16
0.8900291,7.458288E+18,-1.032621E+16
0.912903,7.478075E+18,-1.010392E+16
0.9352725,7.301376E+18,-1.070541E+16
0.9556581,7.393588E+18,-1.067332E+16
0.9768783,7.772588E+18,-1.070483E+16
0.9999591,7.313149E+18,-1.037532E+16
1.021748,7.398591E+18,-1.040561E+16
1.04243,7.944007E+18,-1.081135E+16
1.067564,7.472096E+18,-1.054072E+16
1.08908,7.535537E+18,-1.044176E+16
1.10934,7.576516E+18,-1.025564E+16
1.133464,8.042789E+18,-1.029461E+16
1.155562,7.725649E+18,-1.041138E+16
1.176369,8.012619E+18,-1.060502E+16
1.199636,7.984194E+18,-1.03629E+16
1.221435,7.759053E+18,-1.026987E+16
1.241103,7.818476E+18,-1.012001E+16
1.267034,7.678965E+18,-1.03834E+16
1.292118,7.958123E+18,-1.026246E+16
1.315921,7.655842E+18,-1.035888E+16
1.337811,7.594284E+18,-1.030778E+16
1.357244,8.19646E+18,-1.012265E+16
1.383021,7.95399E+18,-1.040837E+16
1.405124,8.056615E+18,-1.040581E+16
1.441004,8.221453E+18,-1.011654E+16
1.463558,8.382766E+18,-1.062219E+16
1.484675,8.280489E+18,-1.027226E+16
1.50601,8.123133E+18,-1.002327E+16
1.52561,7.885326E+18,-1.053358E+16
1.550368,8.2533E+18,-1.124721E+16
1.573798,8.298747E+18,-1.012427E+16
1.594375,8.177976E+18,-1.076544E+16
1.616352,8.205178E+18,-1.005506E+16
1.637463,8.320833E+18,-1.048731E+16
1.656989,8.173364E+18,-1.048393E+16
1.677764,8.320301E+18,-1.011649E+16
1.700686,8.170087E+18,-1.027467E+16
1.721755,8.048223E+18,-1.062673E+16
1.743975,8.499471E+18,-1.115464E+16
1.766406,8.346465E+18,-1.025067E+16
1.788399,8.264612E+18,-1.028586E+16
1.808929,8.477424E+18,-1.021595E+16
1.832877,8.348466E+18,-1.025807E+16
1.85594,7.826303E+18,-1.042641E+16
1.877497,8.30539E+18,-1.032504E+16
1.89988,8.400619E+18,-1.006049E+16
1.922004,8.571606E+18,-1.079436E+16
1.942613,8.280023E+18,-1.047032E+16
1.969758,8.475569E+18,-1.026492E+16
1.992633,8.120257E+18,-1.040544E+16
2.020288,8.267611E+18,-9.738901E+15
2.041798,8.06043E+18,-1.018469E+16
2.067246,8.473606E+18,-1.006199E+16
2.0907,8.530695E+18,-1.050187E+16
2.110798,8.668222E+18,-1.021386E+16
2.134442,8.367763E+18,-1.016296E+16
2.156854,7.997574E+18,-9.993283E+15
2.178585,8.16854E+18,-1.044362E+16
2.203192,8.490085E+18,-1.010017E+16
2.22515,8.214687E+18,-1.03072E+16
2.251554,8.319918E+18,-9.976501E+15
2.272787,7.971372E+18,-1.015561E+16
2.299348,7.937208E+18,-9.854396E+15
2.323353,8.328018E+18,-1.058311E+16
2.344774,8.210082E+18,-9.99797E+15
2.368652,8.033558E+18,-9.974201E+15
2.39103,8.164308E+18,-9.830561E+15
2.413486,8.18237E+18,-1.014696E+16
2.435323,7.802274E+18,-9.846459E+15
2.457066,8.428913E+18,-1.00241E+16
2.48954,8.072237E+18,-1.000001E+16
2.515561,8.129388E+18,-9.728909E+15
2.537984,8.373614E+18,-9.817834E+15
2.564844,8.000975E+18,-9.788273E+15
2.588691,8.096253E+18,-1.001714E+16
2.609912,8.109547E+18,-9.695054E+15
2.635647,8.380072E+18,-9.718103E+15
2.663295,8.389566E+18,-9.762459E+15
2.687044,7.877874E+18,-9.801283E+15
2.708174,8.06796E+18,-1.01605E+16
2.733085,7.78667E+18,-9.823511E+15
2.754513,8.230741E+18,-1.032324E+16
2.774683,7.940241E+18,-9.663957E+15
2.799601,8.388733E+18,-9.603737E+15
2.821361,8.013141E+18,-9.964108E+15
2.841659,8.325201E+18,-9.773727E+15
2.866718,8.19285E+18,-9.714758E+15
2.889272,8.0419E+18,-9.623343E+15
2.910092,8.217785E+18,-1.012443E+16
2.932647,7.953252E+18,-9.635455E+15
2.95472,8.046966E+18,-9.524996E+15
2.975818,8.023725E+18,-9.912794E+15
2.99984,7.993575E+18,-9.543062E+15
3.022357,8.227082E+18,-9.924385E+15
3.042651,8.228407E+18,-1.135294E+16
3.065626,8.17076E+18,-9.613159E+15
3.087924,8.1699E+18,-9.944675E+15
3.109095,8.371887E+18,-9.615443E+15
3.132921,8.282714E+18,-9.856421E+15
3.155373,8.174872E+18,-9.875143E+15
3.177503,8.232723E+18,-9.716157E+15
3.20168,8.064607E+18,-9.564366E+15
3.22271,7.97348E+18,-9.682906E+15
3.244838,8.44001E+18,-9.617249E+15
3.268088,8.022471E+18,-9.753929E+15
3.289062,7.927098E+18,-9.816473E+15
3.309764,8.26485E+18,-9.885973E+15
3.332415,7.985318E+18,-9.549767E+15
3.354705,7.94357E+18,-9.885673E+15
3.375418,8.440566E+18,-9.699129E+15
3.399267,7.837808E+18,-9.44684E+15
3.421652,8.327851E+18,-9.458459E+15
3.442577,8.11296E+18,-9.704324E+15
3.465721,8.291739E+18,-9.534475E+15
3.4884,8.378057E+18,-9.682096E+15
3.508843,8.134554E+18,-9.646442E+15
3.532481,7.778762E+18,-9.459058E+15
3.554658,8.129837E+18,-9.435307E+15
3.580486,8.047373E+18,-9.482068E+15
3.60139,8.226684E+18,-9.648406E+15
3.622024,7.995786E+18,-9.541929E+15
3.642766,7.975492E+18,-9.227436E+15
3.666313,7.937575E+18,-9.445539E+15
3.687748,8.004361E+18,-9.617122E+15
3.712241,8.147923E+18,-9.778717E+15
3.734566,8.428717E+18,-9.65365E+15
3.755834,8.008629E+18,-9.61686E+15
3.775831,7.926286E+18,-9.85407E+15
3.798909,7.960092E+18,-9.369764E+15
3.820893,8.130549E+18,-9.487524E+15
3.840991,8.466807E+18,-9.316347E+15
3.865762,8.296157E+18,-9.561992E+15
3.889053,7.793202E+18,-9.722567E+15
3.909773,7.994817E+18,-9.166243E+15
3.9325,7.89674E+18,-9.27709E+15
3.954285,8.228928E+18,-9.284758E+15
3.974756,7.688432E+18,-9.426682E+15
3.998886,8.030272E+18,-9.349871E+15
4.021186,8.008607E+18,-9.647361E+15
4.041981,8.236035E+18,-9.422832E+15
4.066099,8.37358E+18,-9.163687E+15
4.087976,8.314661E+18,-9.583594E+15
4.107449,8.19653E+18,-9.536768E+15
4.134217,8.380861E+18,-9.630358E+15
4.156034,8.106879E+18,-9.177473E+15
4.17774,7.75852E+18,-9.33217E+15
4.202412,8.106494E+18,-9.458973E+15
4.223279,8.094931E+18,-9.241602E+15
4.248512,8.027591E+18,-9.403937E+15
4.272805,7.936113E+18,-9.117403E+15
4.298179,7.891672E+18,-9.176402E+15
4.321349,8.000585E+18,-9.162907E+15
4.34247,8.005551E+18,-9.345874E+15
4.36559,8.387751E+18,-9.03932E+15
4.387343,7.632558E+18,-8.973402E+15
4.408074,8.133427E+18,-9.173799E+15
4.435874,8.036733E+18,-8.874851E+15
4.462182,7.798949E+18,-9.185297E+15
4.485372,7.693784E+18,-9.001569E+15
4.507309,8.310666E+18,-9.13868E+15
4.532246,7.83884E+18,-8.857923E+15
4.55457,7.875044E+18,-9.090538E+15
4.57576,8.332345E+18,-8.963925E+15
4.598889,7.84463E+18,-9.057641E+15
4.622089,8.332729E+18,-9.03697E+15
4.642786,8.061259E+18,-9.213969E+15
4.665843,7.826645E+18,-9.025585E+15
4.688518,8.01946E+18,-8.706422E+15
4.709774,7.85799E+18,-9.303604E+15
4.732144,8.034921E+18,-8.843589E+15
4.754153,8.006096E+18,-9.081746E+15
4.774981,8.227238E+18,-9.021072E+15
4.799026,8.041243E+18,-9.270835E+15
4.821757,8.099308E+18,-8.917362E+15
4.841918,8.161286E+18,-8.856144E+15
4.868807,7.693054E+18,-9.153486E+15
4.890948,8.087152E+18,-8.957815E+15
4.91525,8.02372E+18,-9.215633E+15
4.937525,8.074982E+18,-8.906234E+15
4.959087,7.721896E+18,-8.822932E+15
4.981969,8.086368E+18,-8.912522E+15
5.005059,8.290671E+18,-8.784854E+15
5.025911,7.960103E+18,-9.223292E+15
5.049051,7.679878E+18,-8.970271E+15
5.072059,7.886231E+18,-8.930942E+15
5.093215,7.951334E+18,-8.806548E+15
5.115499,8.003087E+18,-9.046499E+15
5.137738,7.967501E+18,-8.700334E+15
5.16455,7.978342E+18,-8.767193E+15
5.190212,8.241496E+18,-8.848186E+15
5.21121,7.978907E+18,-8.604484E+15
5.23429,7.772804E+18,-8.764232E+15
5.25692,7.952758E+18,-8.790336E+15
5.282784,7.747156E+18,-8.787631E+15
5.305809,7.855239E+18,-8.832246E+15
5.326932,8.043774E+18,-9.070571E+15
5.351745,7.780942E+18,-8.57644E+15
5.372745,7.748472E+18,-8.689328E+15
5.39862,7.656415E+18,-8.586993E+15
5.421002,7.826473E+18,-8.500964E+15
5.442574,7.894782E+18,-8.666857E+15
5.465229,8.001089E+18,-8.875645E+15
5.488483,7.599445E+18,-8.667019E+15
5.508823,7.864672E+18,-8.723654E+15
5.532483,7.897001E+18,-8.661247E+15
5.554618,8.069025E+18,-8.955612E+15
5.576262,8.131928E+18,-8.579177E+15
5.600242,8.191053E+18,-9.099469E+15
5.622268,8.115273E+18,-8.43879E+15
5.648333,7.941319E+18,-8.708749E+15
5.670693,7.86657E+18,-8.487526E+15
5.691774,7.859851E+18,-8.614174E+15
5.715465,8.132646E+18,-8.790087E+15
5.739001,7.531838E+18,-8.665516E+15
5.759743,7.842116E+18,-8.690233E+15
5.782071,8.155068E+18,-8.390633E+15
5.806282,7.927233E+18,-8.430596E+15
5.832842,7.503794E+18,-8.457186E+15
5.855799,7.765108E+18,-8.488919E+15
5.883813,7.638337E+18,-8.353431E+15
5.908641,7.898917E+18,-8.378569E+15
5.931633,7.89886E+18,-8.444978E+15
5.954248,7.690157E+18,-8.193679E+15
5.975114,7.893438E+18,-8.399808E+15
5.998428,7.551695E+18,-8.471833E+15
6.020809,7.841028E+18,-8.413469E+15
6.041641,7.829095E+18,-8.623276E+15
6.065756,8.051403E+18,-8.44464E+15
6.088947,7.798813E+18,-8.172244E+15
6.118074,7.793005E+18,-8.322046E+15
6.140718,8.128246E+18,-8.151887E+15
6.165961,7.359948E+18,-8.3619E+15
6.188389,7.756151E+18,-8.836663E+15
6.209091,7.417879E+18,-8.000561E+15
6.231978,7.41095E+18,-8.487934E+15
6.254597,7.907274E+18,-8.309249E+15
6.276187,7.766515E+18,-8.315573E+15
6.299087,8.049334E+18,-8.799847E+15
6.321568,7.804513E+18,-8.093121E+15
6.343545,7.898993E+18,-8.259928E+15
6.366498,8.030324E+18,-8.387999E+15
6.389126,7.499494E+18,-8.481862E+15
6.409826,7.784646E+18,-8.574198E+15
6.432714,7.52917E+18,-8.134739E+15
6.454945,7.901774E+18,-8.2135E+15
6.476688,7.780889E+18,-8.594285E+15
6.499997,7.825744E+18,-8.379045E+15
6.521441,7.865238E+18,-8.206795E+15
6.542698,7.781034E+18,-7.928203E+15
6.565139,7.784562E+18,-8.329388E+15
6.588211,7.475553E+18,-8.099483E+15
6.609712,7.541695E+18,-8.30974E+15
6.632978,7.712726E+18,-8.196388E+15
6.654393,7.803491E+18,-8.182444E+15
6.674903,7.928253E+18,-8.312803E+15
6.698984,7.686412E+18,-8.18842E+15
6.720489,7.863175E+18,-8.16825E+15
6.742043,8.028308E+18,-8.270271E+15
6.764908,7.556711E+18,-8.138528E+15
6.788085,7.610569E+18,-8.254992E+15
6.809135,7.745561E+18,-8.029847E+15
6.831703,7.644067E+18,-8.125046E+15
6.85523,7.519164E+18,-8.068404E+15
6.881711,7.720315E+18,-8.048718E+15
6.903085,7.598935E+18,-7.903617E+15
6.923249,7.643621E+18,-8.183927E+15
6.948717,7.490114E+18,-7.82167E+15
6.970884,8.139188E+18,-8.101549E+15
6.992059,7.286402E+18,-8.285197E+15
7.014808,7.678356E+18,-8.17859E+15
7.037557,7.347884E+18,-8.709057E+15
7.063853,7.437502E+18,-7.827644E+15
7.087868,7.693736E+18,-7.861698E+15
7.108726,7.629241E+18,-7.654761E+15
7.132125,7.376931E+18,-8.012298E+15
7.154382,7.643744E+18,-8.204073E+15
7.175453,7.648075E+18,-7.982465E+15
7.199933,7.922888E+18,-8.05645E+15
7.22076,7.849755E+18,-7.918245E+15
7.242736,7.58145E+18,-7.993802E+15
7.265199,7.702209E+18,-7.917831E+15
7.286958,7.428584E+18,-7.824925E+15
7.308469,7.455701E+18,-7.859671E+15
7.331752,7.975274E+18,-8.010897E+15
7.355487,7.954566E+18,-7.693002E+15
7.377135,7.71487E+18,-7.989261E+15
7.400657,7.922433E+18,-7.952682E+15
7.422494,7.659732E+18,-7.80907E+15
7.448154,7.484474E+18,-7.88348E+15
7.471502,7.415375E+18,-8.076534E+15
7.494081,7.839366E+18,-7.828852E+15
7.516881,7.706209E+18,-7.854446E+15
7.539501,7.422367E+18,-7.807444E+15
7.564776,7.533618E+18,-7.945825E+15
7.587923,7.900784E+18,-7.574905E+15
7.609477,7.616249E+18,-7.91617E+15
7.634955,7.500843E+18,-7.687324E+15
7.66504,7.531872E+18,-7.794042E+15
7.690908,7.855685E+18,-7.8051E+15
7.716444,7.607553E+18,-7.593876E+15
7.744243,7.539415E+18,-7.953026E+15
7.767416,7.65314E+18,-7.53894E+15
7.793877,7.805397E+18,-8.007071E+15
7.817937,7.363443E+18,-7.923723E+15
7.844027,7.484105E+18,-7.621044E+15
7.868923,7.720828E+18,-7.633161E+15
7.890383,7.707462E+18,-7.626082E+15
7.914916,7.761987E+18,-7.816407E+15
7.937911,7.372605E+18,-7.816603E+15
7.963632,7.579838E+18,-7.635147E+15
7.986572,7.697813E+18,-7.654632E+15
8.007272,7.606762E+18,-7.46072E+15
8.031423,7.734624E+18,-7.806176E+15
8.053726,7.484855E+18,-7.723285E+15
8.074284,7.703963E+18,-7.511671E+15
8.098061,7.541E+18,-7.684998E+15
8.120035,7.652832E+18,-7.737451E+15
8.140527,7.494762E+18,-7.472916E+15
8.164333,7.528126E+18,-7.495235E+15
8.187287,7.741485E+18,-7.524246E+15
8.207956,7.817526E+18,-7.745572E+15
8.231542,7.525654E+18,-7.641334E+15
8.253298,7.73075E+18,-7.691791E+15
8.273896,7.324918E+18,-7.428049E+15
8.299664,7.870966E+18,-7.335035E+15
8.321095,7.747164E+18,-7.653494E+15
8.341883,7.581741E+18,-7.669854E+15
8.365229,7.720954E+18,-7.667431E+15
8.387159,7.221803E+18,-7.374704E+15
8.407534,7.536523E+18,-7.729218E+15
8.431417,7.37721E+18,-7.426855E+15
8.453757,7.117693E+18,-7.381956E+15
8.474363,7.466428E+18,-7.43599E+15
8.497994,7.289616E+18,-7.417866E+15
8.520267,7.167772E+18,-7.431372E+15
8.541115,7.55148E+18,-7.497695E+15
8.564433,7.392796E+18,-7.47922E+15
8.586682,7.286437E+18,-7.34915E+15
8.60645,7.311185E+18,-7.583382E+15
8.633406,7.63055E+18,-7.413649E+15
8.65411,7.364883E+18,-7.265418E+15
8.674767,7.781574E+18,-7.553508E+15
8.703389,7.757849E+18,-7.424291E+15
8.72454,7.538203E+18,-7.569704E+15
8.748093,7.333658E+18,-7.536794E+15
8.770611,7.310408E+18,-7.363381E+15
8.790729,7.50138E+18,-7.477028E+15
8.81513,7.327036E+18,-7.419749E+15
8.839808,7.267209E+18,-7.249157E+15
8.864412,7.574553E+18,-7.292477E+15
8.887086,7.473927E+18,-7.540259E+15
8.907948,7.530037E+18,-7.45295E+15
8.93187,7.346016E+18,-7.302025E+15
8.953546,7.290397E+18,-7.390378E+15
8.974497,7.256171E+18,-7.335111E+15
8.997491,7.53054E+18,-7.267787E+15
9.019795,7.625465E+18,-7.883603E+15
9.039952,7.711649E+18,-7.068958E+15
9.065289,7.641154E+18,-7.269375E+15
9.089606,7.47513E+18,-7.267144E+15
9.114697,7.278437E+18,-7.160376E+15
9.137215,7.333461E+18,-7.342585E+15
9.158298,7.462673E+18,-7.595697E+15
9.181208,7.502974E+18,-7.147348E+15
9.203333,7.718025E+18,-7.280465E+15
9.223859,7.33401E+18,-7.061849E+15
9.247892,7.569587E+18,-7.128646E+15
9.270132,7.125701E+18,-7.214666E+15
9.290704,7.677834E+18,-7.604295E+15
9.314515,7.336514E+18,-7.134311E+15
9.33701,7.630131E+18,-6.965963E+15
9.357162,7.391236E+18,-7.020821E+15
9.38271,7.51755E+18,-7.145496E+15
9.404642,7.231788E+18,-7.286139E+15
9.42585,7.706201E+18,-7.428541E+15
9.448083,7.394941E+18,-7.266818E+15
9.470903,7.240995E+18,-7.135941E+15
9.49157,7.348456E+18,-7.578136E+15
9.514457,7.42057E+18,-6.870761E+15
9.537264,7.323597E+18,-7.02679E+15
9.557987,7.587933E+18,-7.155469E+15
9.582088,7.379484E+18,-6.980072E+15
9.603578,7.654593E+18,-7.080967E+15
9.624118,7.346685E+18,-7.175023E+15
9.648421,7.581049E+18,-7.074646E+15
9.670707,7.254648E+18,-7.254136E+15
9.692619,7.486633E+18,-6.806986E+15
9.71557,7.407304E+18,-6.919264E+15
9.736938,7.145538E+18,-6.88512E+15
9.757761,7.423461E+18,-6.89385E+15
9.780824,7.296559E+18,-6.704267E+15
9.802969,7.403079E+18,-6.644545E+15
9.823706,7.240152E+18,-7.257004E+15
9.847956,7.220406E+18,-7.191362E+15
9.870811,7.504538E+18,-6.968569E+15
9.892245,7.359731E+18,-6.752473E+15
9.914769,7.500062E+18,-7.154104E+15
9.936369,7.314398E+18,-6.750521E+15
9.956479,7.437822E+18,-7.159219E+15
9.98083,7.333765E+18,-6.996208E+15
10.00342,7.383366E+18,-6.803821E+15
10.02378,7.475365E+18,-7.33232E+15
10.04775,7.137542E+18,-6.962035E+15
10.07012,7.46947E+18,-6.834678E+15
10.09174,7.187779E+18,-6.925887E+15
10.11535,7.206981E+18,-6.625469E+15
10.13694,7.481246E+18,-6.817321E+15
10.1574,7.48445E+18,-6.769563E+15
10.18233,7.263401E+18,-6.720602E+15
10.20304,6.725878E+18,-6.880705E+15
10.22561,7.535597E+18,-6.93371E+15
10.24804,7.060929E+18,-7.01818E+15
10.27041,7.461924E+18,-7.126691E+15
10.2911,7.57437E+18,-7.013792E+15
10.31489,7.406512E+18,-6.957637E+15
10.33727,7.498543E+18,-6.771624E+15
10.3585,7.336851E+18,-6.621176E+15
10.38169,7.317624E+18,-6.952899E+15
10.40314,7.211726E+18,-6.464635E+15
10.42364,7.215772E+18,-6.632108E+15
10.44748,7.140254E+18,-6.910011E+15
10.46985,7.202149E+18,-6.660334E+15
10.4903,7.492218E+18,-6.946261E+15
10.51442,7.437822E+18,-6.776445E+15
10.53687,7.294113E+18,-6.733604E+15
10.55728,7.286445E+18,-6.567392E+15
10.58111,7.456733E+18,-6.640439E+15
10.60538,7.355151E+18,-6.655736E+15
10.63109,7.425485E+18,-6.766361E+15
10.65473,7.474016E+18,-7.029962E+15
10.67593,7.035455E+18,-6.811496E+15
10.69839,7.331345E+18,-6.675996E+15
10.71967,7.456908E+18,-6.644156E+15
10.7406,7.165152E+18,-6.999279E+15
10.7639,7.378884E+18,-6.8439E+15
10.78616,7.214298E+18,-6.741386E+15
10.80689,7.050537E+18,-6.85296E+15
10.83092,7.130664E+18,-7.191822E+15
10.85411,7.10191E+18,-6.524245E+15
10.876,7.038216E+18,-7.017847E+15
10.90313,7.548147E+18,-6.792046E+15
10.92695,7.246356E+18,-6.490951E+15
10.95026,7.199598E+18,-6.508311E+15
10.97229,7.187825E+18,-6.67714E+15
10.99751,7.332717E+18,-6.59694E+15
11.01922,6.843784E+18,-6.799524E+15
11.03962,7.620741E+18,-6.702383E+15
11.06401,7.005627E+18,-6.588586E+15
11.08619,7.390641E+18,-6.902812E+15
11.11137,7.350278E+18,-6.784821E+15
11.13386,7.148857E+18,-6.70169E+15
11.15385,7.056539E+18,-6.408568E+15
11.17523,7.363195E+18,-6.526526E+15
11.19912,7.224155E+18,-6.530927E+15
11.22154,7.214581E+18,-6.57606E+15
11.24651,7.080942E+18,-6.345682E+15
11.26892,7.368409E+18,-6.711788E+15
11.28976,6.847783E+18,-6.294628E+15
11.31666,7.295272E+18,-7.360361E+15
11.33921,7.336238E+18,-6.722008E+15
11.36451,7.454773E+18,-6.567159E+15
11.3869,7.336937E+18,-6.733419E+15
11.4076,7.252391E+18,-6.593607E+15
11.43316,7.237553E+18,-6.594796E+15
11.45481,7.316536E+18,-6.336715E+15
11.47544,7.027584E+18,-6.586052E+15
11.49729,7.106239E+18,-6.457936E+15
11.51918,7.333647E+18,-6.708831E+15
11.53929,7.187373E+18,-6.319958E+15
11.56409,7.150807E+18,-6.431789E+15
11.58663,7.327439E+18,-6.69117E+15
11.6078,7.088483E+18,-6.403176E+15
11.63445,7.082461E+18,-6.635081E+15
11.65593,7.37821E+18,-6.368829E+15
11.68084,7.257524E+18,-6.483295E+15
11.70376,7.421691E+18,-6.526225E+15
11.72489,7.139558E+18,-6.713644E+15
11.74765,6.99488E+18,-6.389241E+15
11.76977,7.511094E+18,-6.421324E+15
11.79066,7.219989E+18,-6.189324E+15
11.81657,7.10789E+18,-6.475101E+15
11.83786,6.939945E+18,-6.458999E+15
11.86621,7.388113E+18,-6.267005E+15
11.88913,7.321351E+18,-6.152805E+15
11.91264,7.058674E+18,-6.411889E+15
11.93835,6.812201E+18,-6.300653E+15
11.9615,6.965616E+18,-6.249807E+15
11.98478,6.882384E+18,-6.135404E+15
12.0083,7.031879E+18,-1.247346E+16
12.03183,7.148958E+18,-6.278268E+15
12.05607,7.092842E+18,-6.31333E+15
12.08243,6.943159E+18,-6.082813E+15
12.10971,7.060298E+18,-6.112998E+15
12.13723,7.391508E+18,-6.486871E+15
12.15976,7.242307E+18,-6.302158E+15
12.18331,7.137133E+18,-6.353596E+15
12.20415,6.942213E+18,-6.290288E+15
12.23108,7.43648E+18,-5.957026E+15
12.25367,7.19966E+18,-6.488024E+15
12.27498,7.047713E+18,-6.38939E+15
12.29834,7.235195E+18,-6.359343E+15
12.32006,7.196837E+18,-6.342159E+15
12.34052,7.008921E+18,-6.046907E+15
12.36349,7.338256E+18,-6.071416E+15
12.38556,7.384772E+18,-6.161248E+15
12.40565,7.067635E+18,-6.341149E+15
12.43088,7.186252E+18,-6.23612E+15
12.45419,7.065696E+18,-5.995968E+15
12.47525,7.077421E+18,-6.40443E+15
12.49788,6.991558E+18,-5.852967E+15
12.52141,7.268317E+18,-6.255927E+15
12.54724,6.846219E+18,-6.124074E+15
12.56921,7.121588E+18,-6.246065E+15
12.58991,7.192783E+18,-6.085883E+15
12.61567,7.149365E+18,-6.235609E+15
12.63869,7.122808E+18,-6.067284E+15
12.65947,6.942391E+18,-6.235177E+15
12.68281,7.046854E+18,-6.334944E+15
12.70561,7.09387E+18,-6.132045E+15
12.7261,6.919889E+18,-6.043057E+15
12.75028,7.252189E+18,-6.188446E+15
12.77325,6.759217E+18,-5.785766E+15
12.79746,7.27541E+18,-5.977007E+15
12.82113,6.893894E+18,-6.13127E+15
12.8437,6.836441E+18,-6.182808E+15
12.86923,7.083433E+18,-5.94826E+15
12.89229,7.300681E+18,-6.028476E+15
12.91622,7.019525E+18,-6.198358E+15
12.93906,7.0419E+18,-6.31059E+15
12.95957,7.151162E+18,-6.260629E+15
12.98425,7.255704E+18,-6.081602E+15
13.00736,7.020479E+18,-6.009201E+15
13.04013,6.692557E+18,-6.215292E+15
13.06341,7.179204E+18,-6.080107E+15
13.08762,7.158004E+18,-6.159106E+15
13.11086,6.940434E+18,-5.882989E+15
13.13461,6.74224E+18,-5.835127E+15
13.15561,6.952134E+18,-5.780211E+15
13.18234,6.954781E+18,-6.009465E+15
13.20512,6.86959E+18,-5.963252E+15
13.22551,6.941142E+18,-6.098416E+15
13.25028,6.762216E+18,-6.117975E+15
13.27306,6.835503E+18,-6.141879E+15
13.29705,7.2967E+18,-5.916503E+15
13.32092,7.434745E+18,-6.089539E+15
13.34402,7.00182E+18,-5.79547E+15
13.36778,7.060165E+18,-5.897885E+15
13.38852,7.060589E+18,-6.246948E+15
13.41545,6.831097E+18,-5.776019E+15
13.43826,6.945126E+18,-5.991802E+15
13.45898,7.054904E+18,-5.685504E+15
13.48284,6.962843E+18,-6.129619E+15
13.50508,7.123896E+18,-5.785482E+15
13.5264,6.88019E+18,-5.767759E+15
13.55058,7.158257E+18,-5.898201E+15
13.57502,6.87398E+18,-5.920685E+15
13.59971,6.905316E+18,-5.992419E+15
13.62083,6.959035E+18,-5.700646E+15
13.64908,6.780443E+18,-5.75477E+15
13.67164,7.007481E+18,-5.739096E+15
13.69762,7.102653E+18,-5.980185E+15
13.72244,7.291437E+18,-6.095712E+15
13.74922,7.06763E+18,-5.800222E+15
13.77021,7.070694E+18,-5.91562E+15
13.79137,6.886947E+18,-5.763435E+15
13.81338,6.845687E+18,-5.716399E+15
13.83537,7.235872E+18,-5.90814E+15
13.85563,7.120598E+18,-5.960469E+15
13.88031,6.941226E+18,-5.809103E+15
13.90339,6.846897E+18,-5.814902E+15
13.92387,7.005388E+18,-5.86323E+15
13.94697,7.051455E+18,-5.910685E+15
13.96895,6.871938E+18,-5.831678E+15
13.98956,7.179144E+18,-5.597915E+15
14.01285,7.04958E+18,-5.83337E+15
14.03477,6.827403E+18,-5.625599E+15
14.05484,6.669828E+18,-5.763216E+15
14.08063,6.900372E+18,-5.838325E+15
14.10205,7.178952E+18,-5.950729E+15
14.1225,6.950949E+18,-5.931519E+15
14.14729,6.77658E+18,-5.773794E+15
14.16905,6.976134E+18,-5.675723E+15
14.18959,6.750564E+18,-5.64156E+15
14.21351,6.860481E+18,-5.665156E+15
14.23548,6.974326E+18,-5.703374E+15
14.25589,6.971637E+18,-5.827033E+15
14.28006,6.749939E+18,-5.711485E+15
14.3024,7.032665E+18,-5.780732E+15
14.3231,6.471604E+18,-5.755859E+15
14.3483,7.048707E+18,-6.043754E+15
14.36991,7.107006E+18,-5.892445E+15
14.39005,6.822365E+18,-5.833405E+15
14.4132,7.098499E+18,-5.755702E+15
14.43469,6.742015E+18,-5.716932E+15
14.45471,6.78212E+18,-5.279633E+15
14.47982,6.860978E+18,-5.733196E+15
14.50185,6.681442E+18,-5.765333E+15
14.53128,6.713402E+18,-5.723287E+15
14.55239,7.107415E+18,-6.339394E+15
14.57266,6.991783E+18,-5.603474E+15
14.60145,7.115974E+18,-5.713033E+15
14.62168,6.870018E+18,-5.828001E+15
14.6464,7.083932E+18,-5.543921E+15
14.66924,6.998072E+18,-5.64298E+15
14.68941,7.024946E+18,-5.744285E+15
14.71288,6.815072E+18,-5.721746E+15
14.73541,6.69262E+18,-5.476842E+15
14.75878,6.942277E+18,-5.443434E+15
14.78133,7.187742E+18,-5.920862E+15
14.80261,6.923619E+18,-5.704288E+15
14.82307,6.961237E+18,-5.472712E+15
14.84717,6.92377E+18,-5.567385E+15
14.87424,6.656901E+18,-5.580794E+15
14.89821,7.079915E+18,-5.486564E+15
14.91954,7.03789E+18,-5.741478E+15
14.94941,6.519954E+18,-5.613071E+15
14.96956,6.83679E+18,-5.377802E+15
14.99037,6.845786E+18,-5.512832E+15
15.01353,6.80107E+18,-5.643979E+15
15.03597,6.906813E+18,-5.569645E+15
15.05654,7.140711E+18,-5.47428E+15
15.08004,6.618172E+18,-5.256418E+15
15.1026,7.05426E+18,-5.447296E+15
15.12298,7.032326E+18,-5.400245E+15
15.15081,6.934992E+18,-5.255627E+15
15.17141,7.140981E+18,-5.65048E+15
15.20086,7.08104E+18,-5.666163E+15
15.22157,6.801943E+18,-5.415316E+15
15.24885,6.561956E+18,-5.516344E+15
15.27317,7.025221E+18,-5.382925E+15
15.29703,6.753007E+18,-5.522226E+15
15.32295,6.845031E+18,-5.905858E+15
15.34667,7.012553E+18,-5.473125E+15
15.36974,7.058035E+18,-5.727752E+15
15.39208,6.983353E+18,-5.432832E+15
15.41765,6.88217E+18,-5.627429E+15
15.44226,6.815435E+18,-5.475725E+15
15.46858,7.124706E+18,-5.455632E+15
15.49046,6.988606E+18,-5.492276E+15
15.51303,6.872544E+18,-5.523904E+15
15.53569,6.735275E+18,-5.315578E+15
15.55549,6.749017E+18,-5.459202E+15
15.57962,6.706168E+18,-5.485205E+15
15.60227,6.599088E+18,-5.76212E+15
15.6223,6.881362E+18,-5.402885E+15
15.64635,6.786846E+18,-5.46903E+15
15.66843,6.735747E+18,-5.613749E+15
15.68909,6.693019E+18,-5.570766E+15
15.71289,6.827925E+18,-5.386942E+15
15.7396,6.830952E+18,-5.465025E+15
15.76283,6.809289E+18,-5.406187E+15
15.79035,6.774535E+18,-5.744951E+15
15.81592,7.014704E+18,-5.495371E+15
15.83661,6.957942E+18,-5.498417E+15
15.8595,6.891562E+18,-5.459227E+15
15.88411,6.718917E+18,-5.399808E+15
15.91282,6.928371E+18,-5.229938E+15
15.93723,6.662244E+18,-5.351837E+15
15.96523,6.84436E+18,-5.276996E+15
15.98706,6.703042E+18,-5.365018E+15
16.01029,6.602666E+18,-5.524231E+15
16.0335,6.670457E+18,-5.132614E+15
16.05491,6.728692E+18,-5.447368E+15
16.0844,6.40256E+18,-5.430152E+15
16.11107,6.741549E+18,-5.263269E+15
16.13712,6.648076E+18,-5.382093E+15
16.16183,6.851007E+18,-5.240493E+15
16.18608,6.721346E+18,-5.412533E+15
16.21124,6.695428E+18,-5.296554E+15
16.23986,6.926934E+18,-5.076315E+15
16.26657,6.835325E+18,-5.254683E+15
16.29321,6.708472E+18,-4.955585E+15
16.32001,6.977149E+18,-5.219699E+15
16.34899,6.844492E+18,-5.453268E+15
16.37211,6.824684E+18,-5.241117E+15
16.39893,6.776372E+18,-5.073689E+15
16.42279,6.77371E+18,-5.28049E+15
16.44745,6.553775E+18,-5.398121E+15
16.47097,6.635247E+18,-5.45955E+15
16.49747,7.040556E+18,-5.142489E+15
16.52075,6.651345E+18,-5.349639E+15
16.54485,6.769707E+18,-5.259182E+15
16.56624,6.484377E+18,-5.329963E+15
16.58667,7.033834E+18,-5.212203E+15
16.61103,6.504302E+18,-5.123085E+15
16.63399,6.841398E+18,-5.374766E+15
16.6554,6.95797E+18,-5.03496E+15
16.67972,6.638039E+18,-5.195432E+15
16.70375,6.751546E+18,-5.095965E+15
16.73015,7.040774E+18,-5.333993E+15
16.75326,6.551122E+18,-5.108944E+15
16.7736,6.824434E+18,-5.176018E+15
16.79668,6.728231E+18,-5.316037E+15
16.81752,6.794942E+18,-5.182344E+15
16.83825,6.959001E+18,-5.159467E+15
16.86332,6.964059E+18,-5.188045E+15
16.88656,6.998229E+18,-5.125262E+15
16.90668,6.646305E+18,-5.249201E+15
16.92974,6.872162E+18,-5.094262E+15
16.95226,6.574726E+18,-5.17039E+15
16.97281,6.665275E+18,-5.154909E+15
17.00024,6.796053E+18,-5.05085E+15
17.03152,6.942241E+18,-5.38142E+15
17.05197,6.345345E+18,-5.172724E+15
17.0727,7.047878E+18,-5.206661E+15
17.09594,6.644281E+18,-5.310161E+15
17.11778,6.703987E+18,-5.258334E+15
17.13844,6.498644E+18,-4.996942E+15
17.16263,6.761172E+18,-5.065972E+15
17.18475,7.131399E+18,-5.206481E+15
17.20547,6.707443E+18,-5.181571E+15
17.22986,6.779951E+18,-5.143273E+15
17.2521,6.773196E+18,-5.286566E+15
17.27355,6.768417E+18,-5.072425E+15
17.2965,6.705909E+18,-4.919013E+15
17.31733,6.560402E+18,-5.412626E+15
17.33784,6.913244E+18,-5.021053E+15
17.3627,6.582504E+18,-1.040424E+16
17.38599,6.778352E+18,-4.975255E+15
17.40749,6.534089E+18,-5.098093E+15
17.43093,6.691792E+18,-5.072149E+15
17.45215,6.634288E+18,-5.088794E+15
17.47242,6.666515E+18,-5.201225E+15
17.49829,6.615067E+18,-5.134474E+15
17.5199,6.822766E+18,-5.07355E+15
17.53979,6.57071E+18,-4.999027E+15
17.56275,6.507421E+18,-5.330058E+15
17.58766,6.942477E+18,-5.065649E+15
17.61288,6.849112E+18,-4.949977E+15
17.63553,6.680726E+18,-5.070227E+15
17.6562,6.637264E+18,-5.064722E+15
17.67916,6.469497E+18,-4.948341E+15
17.70181,6.9004E+18,-5.146304E+15
17.72253,6.780217E+18,-4.884819E+15
17.74553,6.916602E+18,-4.936486E+15
17.76711,6.69824E+18,-4.930001E+15
17.78819,6.7063E+18,-5.060836E+15
17.81247,6.863749E+18,-4.737785E+15
17.83466,6.269371E+18,-4.840228E+15
17.85544,6.563019E+18,-5.078281E+15
17.87923,6.673262E+18,-5.164252E+15
17.90106,6.98247E+18,-5.136651E+15
17.92109,6.868979E+18,-5.088482E+15
17.94578,6.680438E+18,-5.045995E+15
17.96846,7.066953E+18,-5.206908E+15
17.98902,6.609721E+18,-5.164377E+15
18.01202,6.808191E+18,-4.900219E+15
18.03437,6.42262E+18,-5.135622E+15
18.05457,6.655836E+18,-4.965794E+15
18.07924,6.844933E+18,-4.885839E+15
18.10242,6.811813E+18,-5.075063E+15
18.12312,6.812602E+18,-5.00901E+15
18.14693,6.712669E+18,-4.906866E+15
18.17026,6.529379E+18,-4.699845E+15
18.1968,6.420254E+18,-5.000654E+15
18.22358,6.588582E+18,-4.963611E+15
18.25021,6.389521E+18,-5.106042E+15
18.27106,6.456122E+18,-4.732296E+15
18.29638,6.90316E+18,-4.919668E+15
18.32105,6.540402E+18,-4.933022E+15
18.34623,6.77787E+18,-5.017363E+15
18.36968,6.670961E+18,-4.715505E+15
18.39589,6.82477E+18,-4.816361E+15
18.41973,6.496592E+18,-4.832289E+15
18.446,6.539865E+18,-5.048232E+15
18.46861,6.901019E+18,-5.209198E+15
18.48887,6.733326E+18,-4.744251E+15
18.51238,6.469961E+18,-4.602909E+15
18.53624,6.548804E+18,-5.004856E+15
18.55793,6.643403E+18,-5.017828E+15
18.58153,6.528371E+18,-4.798519E+15
18.60274,6.680617E+18,-4.959385E+15
18.6247,6.653665E+18,-4.754156E+15
18.64933,6.436302E+18,-5.077176E+15
18.67281,6.38989E+18,-4.749034E+15
18.69846,6.373995E+18,-4.950137E+15
18.72045,6.612673E+18,-4.868391E+15
18.74698,6.393374E+18,-4.906566E+15
18.77411,6.153484E+18,-5.243683E+15
18.7995,6.430243E+18,-4.957014E+15
18.82309,6.760428E+18,-4.734519E+15
18.84586,6.687214E+18,-4.745256E+15
18.86967,6.647228E+18,-4.867354E+15
18.89538,6.122025E+18,-5.063815E+15
18.91845,6.338218E+18,-4.686943E+15
18.93862,6.583604E+18,-4.767299E+15
18.96271,6.49189E+18,-4.802031E+15
18.98451,6.436349E+18,-4.944226E+15
19.00512,6.636615E+18,-4.777584E+15
19.02931,6.726797E+18,-4.935033E+15
19.05237,6.614042E+18,-4.980791E+15
19.0731,6.59983E+18,-4.757087E+15
19.09597,6.837287E+18,-4.86342E+15
19.11957,6.429165E+18,-4.993503E+15
19.14058,6.563922E+18,-4.91609E+15
19.16356,6.980703E+18,-4.85592E+15
19.189,6.294967E+18,-4.914378E+15
19.21595,6.491341E+18,-4.846267E+15
19.24241,6.750819E+18,-4.920613E+15
19.26984,6.858439E+18,-4.71183E+15
19.29777,6.548548E+18,-4.872073E+15
19.32011,6.603808E+18,-5.067969E+15
19.34705,6.760918E+18,-4.831858E+15
19.37039,6.724016E+18,-4.758809E+15
19.39684,6.574004E+18,-4.732152E+15
19.42066,6.455879E+18,-4.838063E+15
19.44585,6.603091E+18,-4.90763E+15
19.47035,6.823392E+18,-4.747257E+15
19.49633,6.740708E+18,-4.854265E+15
19.52203,6.663166E+18,-4.805401E+15
19.54747,6.540885E+18,-4.752724E+15
19.5712,6.602301E+18,-4.814003E+15
19.60054,6.356884E+18,-4.501942E+15
19.62204,6.434537E+18,-4.764387E+15
19.64496,6.651458E+18,-4.93405E+15
19.66814,6.633836E+18,-4.512678E+15
19.689,6.834879E+18,-4.655605E+15
19.71224,6.575644E+18,-4.592016E+15
19.73481,6.546032E+18,-4.558702E+15
19.7548,6.471336E+18,-4.837062E+15
19.7784,6.80661E+18,-5.000707E+15
19.80106,6.74794E+18,-4.693331E+15
19.82132,6.505596E+18,-4.674057E+15
19.84628,6.58906E+18,-4.755653E+15
19.86983,6.244941E+18,-4.651531E+15
19.8955,6.215508E+18,-4.674695E+15
19.91911,6.811398E+18,-4.630127E+15
19.93976,6.665118E+18,-4.638516E+15
19.96271,6.649066E+18,-4.621608E+15
19.98491,6.834932E+18,-4.467035E+15
20.00572,6.791864E+18,-4.612925E+15
20.03296,6.381075E+18,-4.693426E+15
20.06025,6.35234E+18,-4.845413E+15
20.08713,6.616571E+18,-4.599138E+15
20.11206,6.722317E+18,-4.511493E+15
20.13646,6.823899E+18,-4.556888E+15
20.16296,6.168929E+18,-4.532615E+15
20.19135,6.711747E+18,-4.595658E+15
20.2195,6.633555E+18,-4.594308E+15
20.24704,6.523266E+18,-4.826274E+15
20.27341,6.603351E+18,-4.519721E+15
20.30039,6.26922E+18,-4.776604E+15
20.32413,6.494923E+18,-4.741146E+15
20.34838,6.583862E+18,-4.849234E+15
20.37105,6.698617E+18,-4.536975E+15
20.39486,6.712329E+18,-4.660035E+15
20.42173,6.572368E+18,-4.631249E+15
20.44703,6.363516E+18,-4.827205E+15
20.46901,6.678013E+18,-4.5301E+15
20.49178,6.363819E+18,-4.632362E+15
20.51449,6.407364E+18,-4.705757E+15
20.53876,6.789653E+18,-4.596674E+15
20.56566,6.582513E+18,-4.664593E+15
20.58753,6.594473E+18,-4.924305E+15
20.61217,6.403223E+18,-4.638519E+15
20.63594,6.677176E+18,-4.606693E+15
20.65843,6.54588E+18,-4.833203E+15
20.68426,6.846327E+18,-4.705152E+15
20.70995,6.619505E+18,-4.4886E+15
20.73546,6.614492E+18,-4.510311E+15
20.75679,6.250055E+18,-4.493025E+15
20.78053,6.34958E+18,-4.587785E+15
20.8027,6.703778E+18,-4.367664E+15
20.82469,6.485435E+18,-4.640859E+15
20.84986,6.531692E+18,-4.677312E+15
20.87156,6.568126E+18,-4.571643E+15
20.89954,6.508607E+18,-4.687611E+15
20.92438,6.86526E+18,-4.43421E+15
20.95368,6.435285E+18,-4.478021E+15
20.97812,6.2495E+18,-4.373666E+15
21.00102,6.563547E+18,-4.680103E+15
21.02347,6.520552E+18,-4.942884E+15
21.04705,6.505778E+18,-4.606934E+15
21.06889,6.415069E+18,-4.606248E+15
21.09075,6.274425E+18,-4.62336E+15
21.11696,6.513664E+18,-4.390906E+15
21.13904,6.457419E+18,-4.47339E+15
21.162,6.388286E+18,-4.623668E+15
21.18533,6.432983E+18,-4.524726E+15
21.20725,6.600109E+18,-4.164521E+15
21.23545,6.515537E+18,-4.568347E+15
21.26043,6.506076E+18,-4.563997E+15
21.28503,6.588724E+18,-4.765822E+15
21.30811,6.365633E+18,-4.651473E+15
21.33352,6.379211E+18,-4.490217E+15
21.35825,6.624007E+18,-4.603909E+15
21.38419,6.695543E+18,-4.638476E+15
21.40713,6.724337E+18,-4.426787E+15
21.43475,6.192288E+18,-4.60699E+15
21.45974,6.491905E+18,-4.66083E+15
21.48518,6.366553E+18,-4.542969E+15
21.51205,6.362468E+18,-4.425484E+15
21.53494,6.366232E+18,-4.617929E+15
21.56069,6.698345E+18,-4.586286E+15
21.58694,6.452408E+18,-4.652262E+15
21.61596,6.404978E+18,-4.651188E+15
21.63867,6.244718E+18,-4.622342E+15
21.66403,6.434914E+18,-4.202729E+15
21.69039,6.391172E+18,-4.704018E+15
21.71607,6.703598E+18,-4.403366E+15
21.74453,6.678919E+18,-4.553445E+15
21.76913,6.387006E+18,-4.247966E+15
21.79257,6.790143E+18,-4.376756E+15
21.81984,6.581376E+18,-4.396914E+15
21.84646,6.40746E+18,-4.660219E+15
21.87042,6.618799E+18,-4.511602E+15
21.90524,6.151145E+18,-4.413015E+15
21.92922,6.392888E+18,-4.565886E+15
21.95364,6.400406E+18,-4.552653E+15
21.97687,6.658622E+18,-4.588052E+15
22.00066,6.383775E+18,-4.458667E+15
22.02424,6.224409E+18,-4.732641E+15
22.05116,6.290655E+18,-4.60883E+15
22.07649,6.397133E+18,-4.479355E+15
22.10004,6.617332E+18,-4.48926E+15
22.12135,6.630544E+18,-4.265308E+15
22.14519,6.458175E+18,-4.380637E+15
22.16767,6.175213E+18,-4.305742E+15
22.19054,6.43845E+18,-4.53501E+15
22.23189,6.575882E+18,-4.477294E+15
22.2535,6.352611E+18,-4.577831E+15
22.28848,6.465529E+18,-4.203027E+15
22.32391,6.715729E+18,-4.180967E+15
22.35063,6.584793E+18,-4.405739E+15
22.37234,6.303677E+18,-4.208313E+15
22.39648,6.63027E+18,-4.475166E+15
22.4222,6.650356E+18,-4.766358E+15
22.44818,6.248942E+18,-4.071307E+15
22.47086,6.445037E+18,-4.107009E+15
22.49686,6.667101E+18,-4.534477E+15
22.52696,6.844508E+18,-4.424234E+15
22.55663,6.240002E+18,-4.619219E+15
22.58358,6.522616E+18,-4.278887E+15
22.60516,6.022384E+18,-4.27636E+15
22.63024,6.459588E+18,-4.229154E+15
22.65403,6.368143E+18,-4.369182E+15
22.68057,6.081266E+18,-4.470924E+15
22.70516,6.473865E+18,-4.298752E+15
22.73293,6.357868E+18,-4.393075E+15
22.76507,6.445999E+18,-8.631149E+15
22.79196,6.629014E+18,-4.25389E+15
22.82118,6.515452E+18,-4.247292E+15
22.84931,6.424968E+18,-4.275598E+15
22.87259,6.229185E+18,-3.983265E+15
22.89906,6.598321E+18,-4.146779E+15
22.92075,6.233035E+18,-4.352393E+15
22.94635,6.416158E+18,-4.386645E+15
22.96768,6.595155E+18,-4.15831E+15
22.98946,6.250284E+18,-4.457595E+15
23.01277,6.483078E+18,-4.256801E+15
23.03534,6.584873E+18,-4.309391E+15
23.05613,6.414821E+18,-4.518567E+15
23.08408,6.317562E+18,-4.260168E+15
23.10726,6.359201E+18,-4.393893E+15
23.13181,6.411441E+18,-4.192151E+15
23.15347,6.333921E+18,-4.219971E+15
23.17844,6.536223E+18,-4.166238E+15
23.20309,6.580784E+18,-4.212589E+15
23.22881,6.543798E+18,-4.330299E+15
23.25233,6.487935E+18,-4.15654E+15
23.27422,6.438402E+18,-4.096443E+15
23.29955,6.421503E+18,-4.231015E+15
23.32099,6.604979E+18,-4.41303E+15
23.34634,6.686028E+18,-4.265699E+15
23.37126,6.409847E+18,-3.994572E+15
23.39711,6.497477E+18,-4.304954E+15
23.42034,6.240981E+18,-4.198871E+15
23.44658,6.653327E+18,-4.029747E+15
23.46953,6.537829E+18,-4.33106E+15
23.4955,6.300013E+18,-3.973078E+15
23.52231,6.241701E+18,-4.074406E+15
23.54803,6.433441E+18,-4.130427E+15
23.57018,6.321449E+18,-4.353243E+15
23.59475,6.585541E+18,-4.215125E+15
23.61768,6.220611E+18,-4.384722E+15
23.6406,6.240201E+18,-4.28109E+15
23.66396,5.898075E+18,-4.029555E+15
23.68553,6.530332E+18,-4.162134E+15
23.70645,6.296163E+18,-4.089184E+15
23.7313,6.48105E+18,-4.184918E+15
23.75293,6.535307E+18,-4.131554E+15
23.77841,6.662144E+18,-4.228254E+15
23.80096,6.322188E+18,-4.046537E+15
23.8224,6.170306E+18,-4.002853E+15
23.84586,6.632771E+18,-4.316631E+15
23.86819,6.324564E+18,-4.100586E+15
23.89064,6.392477E+18,-4.145742E+15
23.91544,6.576525E+18,-4.045501E+15
23.9364,6.339629E+18,-4.231627E+15
23.96203,6.437591E+18,-4.070268E+15
23.98442,6.312289E+18,-4.294717E+15
24.00531,6.342017E+18,-4.185468E+15
24.02916,6.41412E+18,-4.349665E+15
24.05218,6.386603E+18,-4.233447E+15
24.07301,6.203898E+18,-4.094402E+15
24.09692,6.612092E+18,-4.127019E+15
24.11812,6.337672E+18,-4.098588E+15
24.13934,6.176636E+18,-4.180714E+15
24.16316,6.36282E+18,-4.087555E+15
24.18684,6.564006E+18,-4.112017E+15
24.21174,6.26853E+18,-4.095047E+15
24.23558,5.985454E+18,-4.176002E+15
24.26158,6.142667E+18,-3.964654E+15
24.2846,6.334975E+18,-4.108397E+15
24.30583,6.287517E+18,-4.083466E+15
24.33107,6.408864E+18,-4.267738E+15
24.35668,6.452338E+18,-4.308273E+15
24.38072,6.295749E+18,-4.260117E+15
24.40201,6.460969E+18,-4.022582E+15
24.42341,6.235665E+18,-4.045055E+15
24.44658,6.491794E+18,-4.276307E+15
24.46848,6.363456E+18,-4.134353E+15
24.49477,6.259654E+18,-4.157408E+15
24.51722,6.517987E+18,-4.22025E+15
24.53934,6.229766E+18,-4.197415E+15
24.56298,6.450179E+18,-4.43395E+15
24.5841,6.162941E+18,-3.95993E+15
24.60448,6.450819E+18,-4.332482E+15
24.62867,6.662441E+18,-4.051568E+15
24.65157,5.992522E+18,-4.229015E+15
24.67662,6.469E+18,-4.144344E+15
24.70078,6.412272E+18,-4.099849E+15
24.72157,6.280922E+18,-4.091357E+15
24.74563,6.367317E+18,-4.045643E+15
24.76838,6.46096E+18,-4.020428E+15
24.7915,6.095824E+18,-4.017257E+15
24.81866,6.470014E+18,-4.13403E+15
24.8603,6.337783E+18,-4.323466E+15
24.89293,6.507632E+18,-3.83966E+15
24.9264,6.513966E+18,-4.287168E+15
24.95411,6.447469E+18,-4.041355E+15
24.97861,6.278496E+18,-3.971915E+15
25.00424,6.429224E+18,-4.09095E+15
25.03487,6.462046E+18,-3.952687E+15
25.0652,6.477293E+18,-4.331251E+15
25.09004,6.043879E+18,-4.301537E+15
25.11706,6.274731E+18,-8.403937E+15
25.14215,6.273602E+18,-4.157419E+15
25.16835,6.444595E+18,-4.181851E+15
25.19696,6.33489E+18,-3.939488E+15
25.22357,6.298229E+18,-3.865046E+15
25.3663,6.109233E+18,-4.033993E+15
25.43419,5.759824E+18,-3.986656E+15
25.49614,6.382197E+18,-4.026111E+15
25.52187,6.419554E+18,-3.695809E+15
25.54896,6.39953E+18,-3.819179E+15
25.57459,6.709361E+18,-3.942204E+15
25.5997,6.322898E+18,-3.861423E+15
25.62536,6.170824E+18,-3.798973E+15
25.65014,6.618575E+18,-3.914242E+15
25.67967,6.515476E+18,-4.041562E+15
25.70762,6.419743E+18,-3.956793E+15
25.73374,6.349792E+18,-3.878971E+15
25.75724,6.281514E+18,-3.806439E+15
25.78256,6.431196E+18,-3.873383E+15
25.80594,6.322975E+18,-4.020656E+15
25.8317,6.418237E+18,-3.880283E+15
25.85433,6.433274E+18,-4.253615E+15
25.88016,6.274999E+18,-4.000029E+15
25.90974,6.697453E+18,-3.96287E+15
25.93711,6.491766E+18,-4.135239E+15
25.96112,6.467977E+18,-3.761175E+15
25.98744,6.027029E+18,-3.922699E+15
26.01656,6.358963E+18,-4.020551E+15
26.03869,6.391858E+18,-3.828631E+15
26.06157,6.289567E+18,-4.014291E+15
26.08337,6.220551E+18,-3.95396E+15
26.1042,6.39187E+18,-3.890904E+15
26.12727,6.106196E+18,-3.804092E+15
26.15017,6.57947E+18,-3.938784E+15
26.17186,6.34143E+18,-4.105154E+15
26.19529,6.364552E+18,-4.098846E+15
26.21677,6.381529E+18,-3.839476E+15
26.23954,6.428448E+18,-3.892764E+15
26.26649,6.551954E+18,-4.000083E+15
26.2891,6.069453E+18,-4.065469E+15
26.31335,6.316975E+18,-3.678966E+15
26.33514,6.216997E+18,-3.954198E+15
26.36091,6.510157E+18,-4.119708E+15
26.38838,6.415793E+18,-3.965383E+15
26.41311,6.338809E+18,-3.800499E+15
26.43521,6.468747E+18,-3.917967E+15
26.46055,6.1004E+18,-3.804902E+15
26.48732,6.701381E+18,-3.930233E+15
26.50916,6.288363E+18,-3.695226E+15
26.5347,6.164693E+18,-3.761315E+15
26.55741,6.076535E+18,-3.783891E+15
26.58153,6.340015E+18,-3.706287E+15
26.60724,6.3344E+18,-4.481096E+15
26.63294,6.108368E+18,-3.893436E+15
26.65762,6.227314E+18,-3.934682E+15
26.68442,6.337794E+18,-4.016555E+15
26.70743,6.20294E+18,-3.657471E+15
26.73302,6.169035E+18,-3.923182E+15
26.75676,6.489727E+18,-4.009602E+15
26.78265,6.146274E+18,-3.878564E+15
26.8046,6.343012E+18,-3.805634E+15
26.83061,6.248655E+18,-4.074293E+15
26.85998,6.200158E+18,-4.232646E+15
26.8846,6.109034E+18,-3.814194E+15
26.90585,6.216256E+18,-4.478191E+15
26.93161,6.291108E+18,-3.708904E+15
26.95934,6.447228E+18,-3.756876E+15
26.99036,6.238844E+18,-3.690094E+15
27.01573,6.391559E+18,-3.646263E+15
27.03731,6.328706E+18,-3.891297E+15
27.06064,6.437557E+18,-3.883826E+15
27.0832,6.386943E+18,-3.931232E+15
27.10408,6.451107E+18,-3.741241E+15
27.12758,6.291782E+18,-4.058277E+15
27.14963,6.291843E+18,-3.79255E+15
27.17244,6.30396E+18,-3.734911E+15
27.1994,6.465305E+18,-3.739226E+15
27.22143,6.336049E+18,-3.623496E+15
27.24701,6.247525E+18,-4.204872E+15
27.26967,6.085103E+18,-3.770457E+15
27.29351,6.501398E+18,-3.81658E+15
27.31749,6.537304E+18,-3.828528E+15
27.33876,6.222124E+18,-3.726442E+15
27.36289,6.209295E+18,-3.922526E+15
27.38393,6.256227E+18,-3.725327E+15
27.41053,6.178474E+18,-3.819442E+15
27.43419,6.3271E+18,-3.79966E+15
27.45598,6.346687E+18,-3.531716E+15
27.47956,6.134953E+18,-3.737392E+15
27.50273,6.139962E+18,-3.69091E+15
27.52907,6.535555E+18,-3.763786E+15
27.55092,6.590852E+18,-3.638038E+15
27.57301,6.334966E+18,-3.866494E+15
27.59907,6.635876E+18,-3.745991E+15
27.62013,6.294604E+18,-3.920516E+15
27.64466,6.566956E+18,-3.815448E+15
27.6681,6.702057E+18,-3.948319E+15
27.69319,6.244939E+18,-4.044485E+15
27.71572,6.373854E+18,-3.891714E+15
27.73926,6.331356E+18,-3.777258E+15
27.76433,6.34649E+18,-3.804142E+15
27.78624,6.615112E+18,-3.993453E+15
27.81418,6.122024E+18,-3.654929E+15
27.83809,6.20244E+18,-3.63714E+15
27.8641,6.652796E+18,-3.695535E+15
27.8867,6.281784E+18,-3.806594E+15
27.91103,6.547911E+18,-3.94501E+15
27.93378,6.464152E+18,-3.955223E+15
27.95768,6.246386E+18,-3.983796E+15
27.98158,6.456985E+18,-3.764947E+15
28.00292,6.113557E+18,-3.740635E+15
28.028,6.188471E+18,-3.613182E+15
28.05025,6.294166E+18,-3.56558E+15
28.07156,6.330827E+18,-3.618748E+15
28.09569,6.258696E+18,-3.837054E+15
28.11686,6.539447E+18,-3.770103E+15
28.13987,6.217463E+18,-3.858491E+15
28.16534,6.053484E+18,-3.73896E+15
28.19476,6.268481E+18,-3.737625E+15
28.2197,6.512649E+18,-3.746455E+15
28.24321,6.286295E+18,-3.806212E+15
28.26765,6.382919E+18,-3.597308E+15
28.29125,6.418793E+18,-3.985598E+15
28.31419,6.226474E+18,-3.57326E+15
28.33797,6.146652E+18,-3.82833E+15
28.36367,6.275844E+18,-3.759792E+15
28.3876,6.32356E+18,-3.788827E+15
28.41471,6.386125E+18,-3.820764E+15
28.43936,6.388503E+18,-3.797112E+15
28.47221,6.548422E+18,-4.034934E+15
28.50111,6.168726E+18,-4.121527E+15
28.5237,6.347978E+18,-3.824839E+15
28.55005,6.171144E+18,-3.757669E+15
28.57512,6.385907E+18,-4.067034E+15
28.59738,6.295409E+18,-3.707147E+15
28.61825,6.007255E+18,-3.816438E+15
28.64361,6.217173E+18,-3.692131E+15
28.66763,6.279238E+18,-3.994648E+15
28.6934,6.437301E+18,-3.887451E+15
28.71581,6.447478E+18,-3.93893E+15
28.73642,6.339487E+18,-3.83549E+15
28.75989,6.303623E+18,-3.743739E+15
28.78286,6.181674E+18,-3.905608E+15
28.80503,6.404081E+18,-3.671404E+15
28.82705,6.333617E+18,-3.904794E+15
28.85238,6.283807E+18,-3.663599E+15
28.87685,6.183893E+18,-3.591916E+15
28.89985,6.314826E+18,-3.816385E+15
28.92083,6.27292E+18,-3.564803E+15
28.94448,6.077033E+18,-3.848871E+15
28.96715,6.260653E+18,-3.644951E+15
28.98829,6.088952E+18,-3.647017E+15
29.01162,6.249115E+18,-3.6333E+15
29.03297,6.362549E+18,-3.529991E+15
29.0549,6.185484E+18,-3.448875E+15
29.07785,6.373711E+18,-3.840692E+15
29.10074,6.52741E+18,-3.794079E+15
29.12191,6.145485E+18,-3.747279E+15
29.15039,6.072201E+18,-3.434036E+15
29.17134,6.09588E+18,-3.798106E+15
29.19852,6.118892E+18,-3.753119E+15
29.22119,6.414178E+18,-3.663991E+15
29.24763,6.248074E+18,-3.709732E+15
29.26969,6.285329E+18,-3.459017E+15
29.29361,6.587064E+18,-3.657429E+15
29.31625,6.050204E+18,-3.627781E+15
29.33771,6.153365E+18,-3.81789E+15
29.36124,6.274546E+18,-3.719966E+15
29.38395,6.581341E+18,-3.816978E+15
29.405,6.157559E+18,-3.811082E+15
29.42895,6.070123E+18,-3.712572E+15
29.45052,6.099574E+18,-3.670208E+15
29.4714,6.453065E+18,-3.984056E+15
29.49829,6.361467E+18,-3.764573E+15
29.52162,6.192828E+18,-3.590044E+15
29.54404,6.305289E+18,-3.728189E+15
29.56608,6.334644E+18,-3.691157E+15
29.58669,6.273975E+18,-3.646278E+15
29.61003,6.427775E+18,-3.805888E+15
29.63246,6.325852E+18,-3.829177E+15
29.65402,6.039722E+18,-3.66833E+15
29.67647,5.897934E+18,-3.367761E+15
29.69868,6.531161E+18,-3.648394E+15
29.72021,6.432859E+18,-3.667354E+15
29.74365,6.370137E+18,-3.856357E+15
29.76621,6.362222E+18,-4.174176E+15
29.78654,6.162245E+18,-3.990326E+15
29.80937,6.328785E+18,-3.966331E+15
29.83225,6.203534E+18,-3.718678E+15
29.85644,6.157244E+18,-3.747612E+15
29.88059,6.267662E+18,-3.723951E+15
29.90277,6.318318E+18,-3.698714E+15
29.92659,6.171427E+18,-3.519467E+15
29.94909,6.041248E+18,-3.59206E+15
29.97067,5.998592E+18,-3.726629E+15
29.9947,6.148244E+18,-3.628473E+15
30.01576,6.407961E+18,-3.917299E+15
30.03819,6.065757E+18,-3.487425E+15
30.07591,6.370663E+18,-3.801622E+15
30.10105,6.198452E+18,-3.71723E+15
30.12608,6.312054E+18,-3.749877E+15
30.14897,6.528407E+18,-3.632704E+15
30.17046,6.251652E+18,-3.687847E+15
30.19391,6.505375E+18,-3.83853E+15
30.21563,6.192174E+18,-3.595959E+15
30.24231,6.3339E+18,-3.657164E+15
30.2668,6.246323E+18,-3.550836E+15
30.29197,5.913038E+18,-3.720037E+15
30.3151,6.178615E+18,-3.873474E+15
30.3366,6.143399E+18,-3.47121E+15
30.363,6.228598E+18,-3.663627E+15
30.38529,6.302139E+18,-3.408529E+15
30.40977,5.951211E+18,-3.473855E+15
30.43505,6.044148E+18,-3.712168E+15
30.46315,5.993741E+18,-3.639646E+15
30.48571,6.1435E+18,-3.606622E+15
30.50967,6.408867E+18,-3.677212E+15
30.53279,6.457183E+18,-3.619677E+15
30.55755,6.18726E+18,-3.515039E+15
30.58332,6.327145E+18,-3.670636E+15
30.60463,6.411403E+18,-3.404618E+15
30.6278,6.105566E+18,-3.586276E+15
30.64999,6.362921E+18,-3.673027E+15
30.67167,6.062738E+18,-3.580981E+15
30.69497,6.239068E+18,-3.484074E+15
30.71634,6.121583E+18,-3.50712E+15
30.73762,6.562993E+18,-3.699865E+15
30.76135,6.095176E+18,-3.54283E+15
30.78195,6.096911E+18,-3.737853E+15
30.80689,6.161659E+18,-3.622332E+15
30.8304,6.284979E+18,-3.660776E+15
30.8536,6.360899E+18,-3.720755E+15
30.87739,6.392353E+18,-3.667459E+15
30.89887,6.463774E+18,-4.052768E+15
30.92464,6.324124E+18,-3.531298E+15
30.95024,6.220935E+18,-3.649091E+15
30.97258,6.298009E+18,-3.943961E+15
30.99483,6.505279E+18,-4.224452E+15
31.01638,6.307913E+18,-3.662567E+15
31.03852,6.02722E+18,-3.634359E+15
31.06232,6.062285E+18,-3.862214E+15
31.08484,6.242619E+18,-3.744218E+15
31.10927,6.096406E+18,-3.331627E+15
31.13193,6.097703E+18,-3.52793E+15
31.15809,6.427942E+18,-3.591855E+15
31.18172,6.172698E+18,-3.729143E+15
31.20667,5.979776E+18,-3.731562E+15
31.2302,6.643483E+18,-3.631788E+15
31.25216,6.244896E+18,-3.509091E+15
31.27523,6.254287E+18,-3.609867E+15
31.29785,6.151686E+18,-3.603023E+15
31.31826,6.145052E+18,-3.335281E+15
31.34267,6.228317E+18,-3.686436E+15
31.36479,6.138748E+18,-3.741194E+15
31.38556,6.225303E+18,-3.490396E+15
31.40921,6.270083E+18,-3.810866E+15
31.43133,6.454901E+18,-3.721987E+15
31.45209,6.169207E+18,-3.549184E+15
31.47557,6.367363E+18,-3.394991E+15
31.49816,6.049968E+18,-3.684284E+15
31.51942,6.40814E+18,-3.67179E+15
31.54229,6.289673E+18,-3.264074E+15
31.56499,6.428113E+18,-3.427004E+15
31.58653,6.326342E+18,-3.483654E+15
31.61469,5.895288E+18,-3.389509E+15
31.63635,6.290095E+18,-3.323293E+15
31.65976,6.123424E+18,-3.679207E+15
31.68161,6.251831E+18,-3.408444E+15
31.7027,6.122307E+18,-3.361687E+15
31.72607,6.6162E+18,-3.496142E+15
31.74879,6.318725E+18,-3.56319E+15
31.77004,6.023754E+18,-3.360843E+15
31.79232,6.434001E+18,-3.514135E+15
31.81557,6.085809E+18,-3.532808E+15
31.83851,6.353171E+18,-3.62983E+15
31.86445,5.793991E+18,-3.443864E+15
31.88791,5.83154E+18,-3.401862E+15
31.91151,6.097696E+18,-3.418687E+15
31.93777,6.092018E+18,-3.82473E+15
31.96319,5.996582E+18,-3.640103E+15
31.9888,6.459912E+18,-3.579537E+15
32.01623,6.117728E+18,-3.405256E+15
32.04028,6.241934E+18,-3.728998E+15
32.06554,6.498039E+18,-3.765138E+15
32.08811,5.891458E+18,-3.404822E+15
32.11204,6.504385E+18,-3.534172E+15
32.13355,6.287679E+18,-3.605797E+15
32.16113,6.167112E+18,-3.561668E+15
32.18787,6.423314E+18,-3.413109E+15
32.21391,6.572689E+18,-3.492965E+15
32.24256,6.069096E+18,-3.452618E+15
32.27105,6.023824E+18,-3.480624E+15
32.3003,6.244758E+18,-3.573966E+15
32.33734,6.215125E+18,-3.496753E+15
32.36263,5.945024E+18,-3.522579E+15
32.38566,6.042192E+18,-3.368489E+15
32.4106,6.221105E+18,-3.198349E+15
32.43451,6.289539E+18,-3.35223E+15
32.45842,6.465133E+18,-3.565609E+15
32.48231,6.392141E+18,-3.450834E+15
32.50539,6.431765E+18,-3.751849E+15
32.53247,6.046728E+18,-3.318403E+15
32.55615,6.161846E+18,-3.597827E+15
32.58459,5.908718E+18,-3.45752E+15
32.60955,6.498514E+18,-3.718274E+15
32.63257,6.117711E+18,-3.54441E+15
32.65381,6.106244E+18,-3.614179E+15
32.67881,6.270081E+18,-3.454846E+15
32.70023,6.346113E+18,-3.475681E+15
32.72741,6.317434E+18,-3.534416E+15
32.75051,6.276857E+18,-3.553273E+15
32.77484,6.26603E+18,-3.728887E+15
32.7972,6.178085E+18,-3.561588E+15
32.82146,6.108205E+18,-3.558651E+15
32.85221,6.332118E+18,-3.374908E+15
32.87991,6.070471E+18,-3.591705E+15
32.90285,6.098136E+18,-3.425799E+15
32.92818,6.007556E+18,-3.548997E+15
32.95169,6.301696E+18,-3.39746E+15
32.9807,6.149859E+18,-3.56804E+15
33.00313,6.037926E+18,-3.544942E+15
33.02888,6.287883E+18,-3.298339E+15
33.05259,6.084828E+18,-3.386946E+15
33.079,5.899001E+18,-3.432169E+15
33.10677,6.201159E+18,-3.667893E+15
33.12981,6.165499E+18,-3.199232E+15
33.15302,6.341824E+18,-3.437365E+15
33.18019,6.208343E+18,-3.201246E+15
33.20839,6.297815E+18,-3.439469E+15
33.23098,5.913048E+18,-3.342865E+15
33.25475,6.359544E+18,-3.413967E+15
33.28036,5.886988E+18,-3.34362E+15
33.30899,6.084323E+18,-3.639436E+15
33.3316,6.306321E+18,-3.510595E+15
33.35802,6.21284E+18,-3.63624E+15
33.38244,5.857457E+18,-3.140794E+15
33.40813,6.032289E+18,-3.489195E+15
33.43731,6.04488E+18,-3.492055E+15
33.46571,6.010956E+18,-3.287447E+15
33.49302,6.38206E+18,-3.670921E+15
33.51688,6.411408E+18,-3.402055E+15
33.54047,5.971742E+18,-3.58528E+15
33.56506,6.603429E+18,-3.409798E+15
33.59353,6.172913E+18,-3.370805E+15
33.61655,6.282134E+18,-3.368253E+15
33.64381,6.102923E+18,-3.775435E+15
33.66659,6.19597E+18,-3.432678E+15
33.69246,6.157549E+18,-3.516244E+15
33.71616,6.269241E+18,-3.355552E+15
33.74418,6.456507E+18,-3.203736E+15
33.76842,6.022627E+18,-3.550254E+15
33.79238,6.208865E+18,-3.337637E+15
33.81657,6.376299E+18,-3.285524E+15
33.84009,6.000292E+18,-3.726502E+15
33.8651,5.961973E+18,-3.242455E+15
33.89015,6.315954E+18,-3.138108E+15
33.91414,6.306355E+18,-3.488251E+15
33.93758,6.34057E+18,-3.52469E+15
33.96108,6.080493E+18,-3.250085E+15
33.98528,6.089537E+18,-3.494701E+15
34.01012,6.009498E+18,-3.44827E+15
34.03521,5.874176E+18,-3.330133E+15
34.058,5.980327E+18,-3.374421E+15
34.08329,6.267726E+18,-3.237618E+15
34.10814,6.312416E+18,-3.545679E+15
34.133,6.452151E+18,-3.293047E+15
34.15434,6.090032E+18,-3.292298E+15
34.17918,6.048369E+18,-3.227892E+15
34.20338,6.254839E+18,-3.440488E+15
34.22812,6.356678E+18,-3.45756E+15
34.25246,6.148539E+18,-3.564227E+15
34.27794,6.25292E+18,-3.406688E+15
34.30267,6.247838E+18,-3.419938E+15
34.32688,6.277422E+18,-3.388338E+15
34.35394,6.065926E+18,-3.158112E+15
34.38065,6.293424E+18,-3.256322E+15
34.40523,6.283756E+18,-3.425753E+15
34.43216,6.297042E+18,-3.41743E+15
34.46363,5.893195E+18,-3.231229E+15
34.48759,6.061766E+18,-3.364509E+15
34.51331,6.141862E+18,-3.316587E+15
34.53665,5.905796E+18,-3.239497E+15
34.56266,5.853744E+18,-3.503731E+15
34.585,5.953971E+18,-3.129912E+15
34.60913,6.187033E+18,-3.38415E+15
34.63423,6.070537E+18,-3.402327E+15
34.65921,5.964195E+18,-3.490551E+15
34.6819,6.2391E+18,-3.286872E+15
34.71287,6.024283E+18,-3.275864E+15
34.73722,5.828685E+18,-3.15829E+15
34.76411,6.29723E+18,-3.2389E+15
34.78678,6.232271E+18,-3.282003E+15
34.81214,6.187309E+18,-3.31371E+15
34.83622,6.122082E+18,-3.124876E+15
34.86477,6.198956E+18,-3.050195E+15
34.89176,5.93319E+18,-3.128119E+15
34.91544,6.263494E+18,-3.321196E+15
34.94063,5.880166E+18,-3.255366E+15
34.9661,6.106332E+18,-3.132308E+15
34.99603,6.127106E+18,-3.096126E+15
35.02549,6.055306E+18,-3.021021E+15
35.04871,6.096959E+18,-3.186089E+15
35.07354,6.293493E+18,-3.03455E+15
35.09982,6.030073E+18,-3.20646E+15
35.12574,6.161238E+18,-3.458227E+15
35.15131,5.962138E+18,-3.070143E+15
35.17952,6.18467E+18,-3.302132E+15
35.20406,6.170862E+18,-3.243336E+15
35.22808,6.331527E+18,-3.314937E+15
35.2509,6.215455E+18,-3.123419E+15
35.27547,6.186889E+18,-3.28149E+15
35.29957,5.83741E+18,-3.293165E+15
35.32505,6.089528E+18,-3.317548E+15
35.35459,6.287648E+18,-3.220962E+15
35.38432,6.072867E+18,-3.339125E+15
35.40999,6.265253E+18,-3.151053E+15
35.43287,6.239387E+18,-3.400761E+15
35.45764,6.036233E+18,-3.249323E+15
35.48244,6.079173E+18,-3.42015E+15
35.50428,6.165313E+18,-3.37855E+15
35.52742,6.173787E+18,-3.089956E+15
35.54985,6.138274E+18,-3.280954E+15
35.5752,6.112221E+18,-3.015399E+15
35.59936,6.033124E+18,-3.337466E+15
35.6246,6.132096E+18,-3.228249E+15
35.6486,6.14772E+18,-3.167045E+15
35.67364,6.431982E+18,-3.377229E+15
35.69992,6.127641E+18,-3.247297E+15
35.72659,6.302474E+18,-3.178889E+15
35.75011,5.862356E+18,-2.934937E+15
35.77685,6.084388E+18,-3.444099E+15
35.80368,6.14381E+18,-3.499466E+15
35.83185,5.878839E+18,-3.276551E+15
35.85772,6.365027E+18,-3.308134E+15
35.88209,6.056965E+18,-3.177417E+15
35.91021,6.072408E+18,-3.265044E+15
35.94193,6.041477E+18,-3.228834E+15
35.96754,6.091926E+18,-3.008694E+15
35.9945,5.960313E+18,-3.228339E+15
36.01983,6.128035E+18,-3.1264E+15
36.04635,6.137372E+18,-3.376795E+15
36.0791,5.843088E+18,-3.318606E+15
36.10513,5.801639E+18,-3.311035E+15
36.13107,6.093981E+18,-3.528141E+15
36.1582,6.218688E+18,-3.158223E+15
36.18135,5.838179E+18,-2.895784E+15
36.20316,5.793023E+18,-3.205238E+15
36.22649,6.265201E+18,-3.377438E+15
36.24921,6.381735E+18,-3.499746E+15
36.27129,6.152011E+18,-3.146062E+15
36.29406,6.224896E+18,-3.338267E+15
36.31579,6.11676E+18,-3.151003E+15
36.34143,6.15889E+18,-3.431747E+15
36.36824,5.900958E+18,-3.347187E+15
36.39497,6.144575E+18,-3.241866E+15
36.41668,6.249672E+18,-3.403837E+15
36.44122,6.299854E+18,-3.308974E+15
36.46489,6.218745E+18,-3.244844E+15
36.48812,6.141036E+18,-3.374111E+15
36.51103,5.932314E+18,-3.285138E+15
36.53339,6.273918E+18,-3.263881E+15
36.55733,5.948147E+18,-3.290206E+15
36.58144,5.981807E+18,-3.072926E+15
36.60332,6.371831E+18,-3.12834E+15
36.62743,6.364621E+18,-3.117823E+15
36.64946,6.077119E+18,-3.193249E+15
36.67428,6.281766E+18,-3.244356E+15
36.69808,5.756364E+18,-3.103273E+15
36.72073,6.092716E+18,-3.274346E+15
36.74338,6.104261E+18,-3.200208E+15
36.76444,6.203667E+18,-3.31516E+15
36.7859,6.096217E+18,-3.300162E+15
36.80854,6.124639E+18,-3.099319E+15
36.83114,6.072701E+18,-3.185113E+15
36.8544,6.019242E+18,-3.382485E+15
36.88345,6.004665E+18,-3.085327E+15
36.90953,6.038907E+18,-3.280624E+15
36.93116,6.082159E+18,-2.980508E+15
36.95276,5.838741E+18,-3.29002E+15
36.97661,5.741847E+18,-3.131975E+15
36.9986,6.034243E+18,-3.231104E+15
37.02453,5.890666E+18,-3.156093E+15
37.04745,6.062182E+18,-2.929238E+15
37.07068,5.987258E+18,-3.096272E+15
37.0936,6.145617E+18,-3.348342E+15
37.11615,6.185911E+18,-3.296596E+15
37.14106,6.037012E+18,-3.485615E+15
37.16417,6.409478E+18,-3.18517E+15
37.18534,6.070211E+18,-3.133234E+15
37.20903,6.176178E+18,-3.109227E+15
37.23134,6.155675E+18,-3.149021E+15
37.25278,6.352224E+18,-3.343796E+15
37.27647,5.934423E+18,-3.419162E+15
37.29864,5.959202E+18,-3.097117E+15
37.32356,5.775707E+18,-3.158866E+15
37.34769,6.013158E+18,-3.429809E+15
37.36992,6.229914E+18,-3.133091E+15
37.39361,6.231087E+18,-3.191293E+15
37.41525,6.033231E+18,-3.063987E+15
37.43701,5.951938E+18,-3.117349E+15
37.46048,5.953611E+18,-3.47787E+15
37.48222,6.089334E+18,-3.116001E+15
37.50411,6.034551E+18,-3.07522E+15
37.52709,6.350731E+18,-3.114017E+15
37.55196,5.911946E+18,-3.105221E+15
37.57724,6.285064E+18,-3.365479E+15
37.60385,6.092917E+18,-3.074837E+15
37.62688,6.096757E+18,-3.136121E+15
37.65162,6.02601E+18,-3.168695E+15
37.6753,5.992223E+18,-3.038872E+15
37.69797,6.268599E+18,-2.959418E+15
37.71936,5.876036E+18,-3.293324E+15
37.74332,6.165588E+18,-3.174146E+15
37.76535,6.159188E+18,-3.205698E+15
37.78749,6.218226E+18,-2.929456E+15
37.81139,5.959375E+18,-2.853547E+15
37.83355,5.865365E+18,-3.085601E+15
37.8595,6.194887E+18,-3.107149E+15
37.88361,6.094807E+18,-3.411564E+15
37.90985,6.033328E+18,-2.89596E+15
37.9322,5.971354E+18,-3.05301E+15
37.95396,6.035184E+18,-3.035711E+15
37.97819,6.2583E+18,-3.033171E+15
37.99984,6.197199E+18,-2.962483E+15
38.0235,5.673521E+18,-3.255489E+15
38.04721,5.809155E+18,-3.165915E+15
38.06851,6.008042E+18,-3.141479E+15
38.09308,6.181034E+18,-3.140569E+15
38.11525,5.996791E+18,-3.277661E+15
38.13752,6.332169E+18,-2.96108E+15
38.16072,5.893961E+18,-2.929315E+15
38.18383,5.894623E+18,-3.261608E+15
38.21012,5.999104E+18,-3.021461E+15
38.23596,5.820184E+18,-3.165607E+15
38.26119,6.059209E+18,-3.241878E+15
38.28386,6.028558E+18,-2.91067E+15
38.31024,5.768169E+18,-3.045078E+15
38.33806,5.892308E+18,-2.91201E+15
38.36552,5.705889E+18,-3.08172E+15
38.39079,6.12676E+18,-2.892062E+15
38.41617,6.509094E+18,-3.199458E+15
38.44176,5.97119E+18,-2.991251E+15
38.46666,6.241995E+18,-2.997629E+15
38.49685,6.035162E+18,-3.194821E+15
38.52111,6.286956E+18,-3.114919E+15
38.5452,6.048466E+18,-3.005376E+15
38.5691,6.116541E+18,-2.909522E+15
38.59404,6.043629E+18,-3.12936E+15
38.61747,6.381811E+18,-3.080861E+15
38.6426,6.243776E+18,-3.162932E+15
38.66888,6.012102E+18,-3.227981E+15
38.70089,6.248138E+18,-3.167932E+15
38.72653,5.974997E+18,-3.096767E+15
38.75,6.303534E+18,-2.967256E+15
38.77471,6.325104E+18,-3.269885E+15
38.79958,5.936187E+18,-3.242367E+15
38.82554,5.989686E+18,-3.088894E+15
38.85065,6.029037E+18,-3.039069E+15
38.87905,6.069225E+18,-3.00799E+15
38.90526,5.76703E+18,-3.033793E+15
38.93035,5.946589E+18,-2.907802E+15
38.95584,6.088723E+18,-3.083535E+15
38.98237,5.732381E+18,-2.755733E+15
39.00792,5.816075E+18,-2.94237E+15
39.03237,5.974154E+18,-2.871502E+15
39.05819,6.396723E+18,-3.024987E+15
39.08246,5.807887E+18,-2.977174E+15
39.1088,5.812054E+18,-3.036971E+15
39.13115,5.742864E+18,-2.988677E+15
39.15797,5.974176E+18,-2.965655E+15
39.1812,6.187685E+18,-3.11007E+15
39.20335,5.956285E+18,-3.109596E+15
39.22712,6.24104E+18,-3.032979E+15
39.24971,6.054545E+18,-3.002641E+15
39.27365,6.079335E+18,-3.644864E+15
39.29758,6.061383E+18,-2.927352E+15
39.32006,6.012668E+18,-2.892978E+15
39.34324,6.012219E+18,-3.232028E+15
39.36692,6.028248E+18,-2.768883E+15
39.39461,6.212383E+18,-2.88449E+15
39.4173,5.809833E+18,-2.997468E+15
39.44116,6.311251E+18,-3.03252E+15
39.46682,6.033528E+18,-2.910697E+15
39.49327,5.834401E+18,-3.267591E+15
39.5213,6.347669E+18,-3.116537E+15
39.54575,6.080715E+18,-3.20189E+15
39.56988,5.923779E+18,-3.075105E+15
39.59875,6.093199E+18,-3.260358E+15
39.62732,6.055371E+18,-3.172222E+15
39.65254,5.764099E+18,-3.023661E+15
39.67769,6.02039E+18,-2.905761E+15
39.7021,6.19239E+18,-2.719442E+15
39.72869,6.100193E+18,-2.879947E+15
39.75401,5.747876E+18,-3.099383E+15
39.77878,5.921553E+18,-2.902245E+15
39.80564,6.176472E+18,-3.181813E+15
39.83267,5.913086E+18,-3.06445E+15
39.86485,6.301429E+18,-2.842642E+15
39.89116,6.120757E+18,-2.967818E+15
39.91639,6.143279E+18,-2.898638E+15
39.93932,6.009955E+18,-3.058539E+15
39.96641,6.250968E+18,-2.961847E+15
40.00073,6.219537E+18,-3.09939E+15
40.02975,6.090588E+18,-2.969813E+15
40.0564,5.888425E+18,-3.130905E+15
40.0833,5.893369E+18,-3.062255E+15
40.10719,6.087938E+18,-2.967037E+15
40.13231,6.108134E+18,-2.893415E+15
40.15779,6.057227E+18,-3.058411E+15
40.18875,5.810737E+18,-3.168263E+15
40.21735,5.854996E+18,-2.973598E+15
40.24451,6.355539E+18,-3.043723E+15
40.26734,5.985495E+18,-3.19892E+15
40.29398,6.170772E+18,-3.186404E+15
40.31968,6.016304E+18,-2.912207E+15
40.35101,6.214333E+18,-3.100723E+15
40.38131,5.949566E+18,-3.046406E+15
40.40809,6.251672E+18,-2.94731E+15
40.44026,5.922172E+18,-2.924682E+15
40.46759,6.433685E+18,-2.841212E+15
40.49388,5.879331E+18,-2.891905E+15
40.52061,6.030254E+18,-2.712749E+15
40.54991,6.101782E+18,-2.882797E+15
40.57649,6.228978E+18,-2.920932E+15
40.60207,6.050453E+18,-2.870219E+15
40.62963,6.454696E+18,-2.885342E+15
40.65593,6.173488E+18,-2.923937E+15
40.68245,6.13816E+18,-3.074414E+15
40.70931,5.569201E+18,-3.143491E+15
40.73486,6.368913E+18,-2.983322E+15
40.76194,6.117033E+18,-3.036285E+15
40.78848,5.81889E+18,-2.856348E+15
40.81578,5.975539E+18,-2.824569E+15
40.84206,6.07348E+18,-2.905426E+15
40.86893,6.071797E+18,-3.059699E+15
40.89769,6.109849E+18,-2.908148E+15
40.92375,5.956041E+18,-3.173883E+15
40.95919,6.098678E+18,-2.996459E+15
40.98616,6.274491E+18,-2.990121E+15
41.0113,5.971526E+18,-3.113749E+15
41.03446,6.150816E+18,-2.92755E+15
41.0591,6.182865E+18,-2.839505E+15
41.08216,5.90389E+18,-2.868809E+15
41.10672,6.134599E+18,-2.977376E+15
41.13245,6.27977E+18,-3.010494E+15
41.15974,5.912252E+18,-3.200947E+15
41.18356,6.268206E+18,-2.913282E+15
41.2094,6.198623E+18,-2.890811E+15
41.23357,6.292621E+18,-2.768386E+15
41.25999,5.867397E+18,-2.773618E+15
41.28314,6.154793E+18,-2.771295E+15
41.31017,5.77797E+18,-2.789461E+15
41.33397,5.901881E+18,-3.094613E+15
41.36065,6.03213E+18,-3.022967E+15
41.38564,6.128623E+18,-2.860246E+15
41.41073,6.236874E+18,-2.820977E+15
41.43456,6.166444E+18,-2.851816E+15
41.46101,6.212422E+18,-2.928998E+15
41.48414,6.020684E+18,-2.963878E+15
41.50941,5.865559E+18,-2.815852E+15
41.53283,5.844465E+18,-2.784391E+15
41.55782,5.915303E+18,-2.839766E+15
41.58201,5.873534E+18,-2.734272E+15
41.60836,5.947067E+18,-3.131754E+15
41.63272,5.561707E+18,-3.026749E+15
41.65738,6.207633E+18,-2.758019E+15
41.68141,6.005684E+18,-2.806732E+15
41.70611,6.197215E+18,-2.756511E+15
41.73011,5.944949E+18,-2.664189E+15
41.7523,5.971508E+18,-2.816172E+15
41.77619,6.086195E+18,-3.088923E+15
41.80007,6.294529E+18,-2.881815E+15
41.82456,5.873636E+18,-2.680708E+15
41.84806,5.786611E+18,-2.708096E+15
41.87476,5.946472E+18,-2.799807E+15
41.89924,6.133344E+18,-2.942259E+15
41.92305,5.6871E+18,-2.850261E+15
41.94646,6.119953E+18,-2.843093E+15
41.96965,6.033666E+18,-2.926367E+15
41.9939,5.861439E+18,-2.720252E+15
42.01579,6.269346E+18,-2.761474E+15
42.03988,6.093131E+18,-2.868751E+15
42.06357,5.903939E+18,-3.029488E+15
42.08526,6.226606E+18,-2.756612E+15
42.10905,6.149666E+18,-2.830971E+15
42.13585,6.233162E+18,-2.848923E+15
42.15979,6.228341E+18,-2.74938E+15
42.18159,6.188431E+18,-2.78761E+15
42.20654,5.871421E+18,-2.943999E+15
42.22992,6.298892E+18,-2.764722E+15
42.25198,6.131465E+18,-2.779121E+15
42.27611,6.102349E+18,-2.731568E+15
42.29742,6.306821E+18,-2.913424E+15
42.32014,5.98248E+18,-3.087642E+15
42.34251,6.094014E+18,-2.663324E+15
42.36441,6.095846E+18,-2.864984E+15
42.38967,6.171111E+18,-2.819795E+15
42.41327,6.066272E+18,-2.951634E+15
42.43492,5.838713E+18,-2.767033E+15
42.45877,5.918893E+18,-2.871655E+15
42.48053,5.800118E+18,-2.89854E+15
42.50211,5.504325E+18,-2.904003E+15
42.52671,5.999464E+18,-2.751961E+15
42.55031,6.177745E+18,-3.109248E+15
42.57375,5.884901E+18,-2.850925E+15
42.59655,5.893021E+18,-2.949502E+15
42.61947,5.749356E+18,-2.837652E+15
42.64333,6.389884E+18,-3.041436E+15
42.66711,5.733143E+18,-2.692293E+15
42.69217,6.050421E+18,-2.883476E+15
42.71423,6.082909E+18,-2.800748E+15
42.73934,6.123985E+18,-2.731361E+15
42.76357,5.934611E+18,-2.827901E+15
42.78643,5.987777E+18,-2.727722E+15
42.81744,6.223892E+18,-2.810656E+15
42.84813,6.265564E+18,-2.897372E+15
42.88046,6.026308E+18,-2.902972E+15
42.91257,6.112765E+18,-2.953178E+15
42.94191,5.739983E+18,-3.023548E+15
42.97141,5.87325E+18,-2.619226E+15
43.00356,6.046194E+18,-2.909133E+15
43.02843,5.956682E+18,-2.670707E+15
43.05075,5.815839E+18,-2.869966E+15
43.07479,6.186996E+18,-2.811868E+15
43.09792,5.987504E+18,-2.82761E+15
43.1205,5.906944E+18,-2.833297E+15
43.14351,5.849175E+18,-2.910892E+15
43.16529,5.86985E+18,-2.742226E+15
43.18909,6.283849E+18,-2.787644E+15
43.21244,5.700924E+18,-2.752479E+15
43.23372,6.006302E+18,-2.552801E+15
43.25916,5.983047E+18,-2.779851E+15
43.28022,5.986452E+18,-2.902022E+15
43.30133,5.658485E+18,-2.881903E+15
43.32421,5.774155E+18,-2.819057E+15
43.34604,6.030272E+18,-2.959289E+15
43.36661,5.826147E+18,-3.073925E+15
43.38961,5.830694E+18,-2.975731E+15
43.4126,6.062182E+18,-2.736753E+15
43.43461,6.005264E+18,-2.740606E+15
43.45731,5.809813E+18,-3.106322E+15
43.47915,5.987345E+18,-2.903977E+15
43.49997,6.217704E+18,-2.759636E+15
43.5223,6.0498E+18,-2.690612E+15
43.54537,6.042445E+18,-2.731012E+15
43.56718,6.029526E+18,-2.667809E+15
43.58968,5.969909E+18,-2.675367E+15
43.61168,5.97144E+18,-2.766618E+15
43.63319,5.980756E+18,-2.745275E+15
43.65731,5.95859E+18,-2.927963E+15
43.67852,5.895195E+18,-2.794711E+15
43.69935,6.114817E+18,-2.711175E+15
43.72319,5.851727E+18,-2.580545E+15
43.74595,5.768715E+18,-2.855899E+15
43.76671,5.767828E+18,-2.802501E+15
43.78941,5.819976E+18,-2.815702E+15
43.81149,5.918828E+18,-2.851392E+15
43.83309,5.935589E+18,-2.712386E+15
43.8569,5.634337E+18,-2.749994E+15
43.87941,6.181665E+18,-2.883159E+15
43.90152,5.908236E+18,-2.831425E+15
43.92508,6.038466E+18,-2.578471E+15
43.94687,5.944301E+18,-2.837182E+15
43.96799,5.920153E+18,-2.853955E+15
43.99124,6.020856E+18,-2.628276E+15
44.01257,5.78509E+18,-2.648135E+15
44.03403,6.13073E+18,-2.85114E+15
44.05689,5.77488E+18,-2.747071E+15
44.07878,6.122536E+18,-2.89526E+15
44.10119,5.935586E+18,-2.606957E+15
44.12382,6.222941E+18,-2.704975E+15
44.14604,5.936839E+18,-2.66866E+15
44.16754,5.986824E+18,-2.934069E+15
44.19273,6.11192E+18,-2.581496E+15
44.2159,5.685835E+18,-2.800068E+15
44.23995,5.802039E+18,-2.811819E+15
44.26216,5.544609E+18,-2.886965E+15
44.2839,5.826057E+18,-2.707609E+15
44.30767,6.247778E+18,-2.589494E+15
44.32928,6.349257E+18,-2.795099E+15
44.35332,6.129712E+18,-2.592547E+15
44.37586,6.209701E+18,-2.714311E+15
44.39652,6.041532E+18,-2.666212E+15
44.41779,6.084168E+18,-2.774078E+15
44.44123,5.503445E+18,-2.496581E+15
44.46229,6.02133E+18,-2.626366E+15
44.48468,5.833616E+18,-5.339611E+15
44.50826,6.130885E+18,-2.737944E+15
44.52954,6.056534E+18,-2.94117E+15
44.55137,5.696546E+18,-2.79283E+15
44.5747,5.964923E+18,-2.66927E+15
44.59605,6.050404E+18,-2.769188E+15
44.61814,6.087156E+18,-2.689124E+15
44.64112,5.939292E+18,-2.788106E+15
44.67485,6.080359E+18,-2.728858E+15
44.69668,5.758771E+18,-2.725889E+15
44.72178,6.054787E+18,-2.633292E+15
44.74506,5.900222E+18,-2.610707E+15
44.76714,5.897754E+18,-2.728399E+15
44.78996,5.71903E+18,-2.47214E+15
44.8118,5.839297E+18,-2.722695E+15
44.8369,5.727674E+18,-2.73133E+15
44.85987,5.945886E+18,-3.009504E+15
44.88183,5.796747E+18,-2.591284E+15
44.90642,6.141516E+18,-2.650602E+15
44.9285,6.026615E+18,-2.818272E+15
44.95008,6.131734E+18,-2.760904E+15
44.97224,6.214199E+18,-2.925543E+15
44.9946,6.112709E+18,-2.900132E+15
45.0165,5.865206E+18,-2.596887E+15
45.04383,5.873108E+18,-2.592305E+15
45.06801,5.885471E+18,-2.641125E+15
45.09112,5.809059E+18,-2.717585E+15
45.11296,5.958838E+18,-2.743204E+15
45.134,5.993114E+18,-2.646236E+15
45.15746,6.027627E+18,-2.746705E+15
45.1791,5.969941E+18,-2.523455E+15
45.20002,5.934437E+18,-2.499054E+15
45.2224,5.311002E+18,-2.700223E+15
45.24537,5.826898E+18,-2.654685E+15
45.26685,5.83706E+18,-2.544492E+15
45.29033,6.03803E+18,-2.744341E+15
45.3118,5.898797E+18,-2.715443E+15
45.33259,6.054381E+18,-2.669626E+15
45.35592,6.067489E+18,-2.766047E+15
45.37782,5.882618E+18,-2.689838E+15
45.39973,5.885773E+18,-2.847117E+15
45.42321,5.884519E+18,-2.714671E+15
45.44563,5.962012E+18,-2.550243E+15
45.4671,6.239788E+18,-2.639996E+15
45.49011,6.394755E+18,-2.717694E+15
45.51254,6.035118E+18,-2.783279E+15
45.53375,6.062683E+18,-2.444108E+15
45.55635,6.152559E+18,-2.512202E+15
45.57924,5.83444E+18,-2.552279E+15
45.60069,6.060809E+18,-2.599615E+15
45.62436,6.060197E+18,-2.597537E+15
45.6454,6.067172E+18,-2.609649E+15
45.66664,6.069605E+18,-2.680317E+15
45.68991,5.977197E+18,-2.827005E+15
45.71183,5.728704E+18,-2.80715E+15
45.73264,6.124039E+18,-2.835136E+15
45.75557,5.770531E+18,-2.563611E+15
45.7785,5.692573E+18,-2.826021E+15
45.79968,5.712874E+18,-2.719834E+15
45.82413,6.058909E+18,-2.561127E+15
45.84716,6.098849E+18,-2.708234E+15
45.87249,5.897103E+18,-2.606307E+15
45.895,6.027948E+18,-2.543661E+15
45.9173,5.880382E+18,-2.82151E+15
45.94284,5.665605E+18,-2.890025E+15
45.96845,5.956059E+18,-2.522704E+15
45.99166,6.091546E+18,-2.787182E+15
46.01653,5.744511E+18,-2.646138E+15
46.04004,6.019909E+18,-2.592181E+15
46.06195,5.650059E+18,-2.666793E+15
46.08817,6.209497E+18,-2.738725E+15
46.11148,6.061385E+18,-2.684588E+15
46.13243,6.183823E+18,-2.688998E+15
46.15577,6.13134E+18,-3.171656E+15
46.17879,6.159049E+18,-2.641343E+15
46.20067,6.034086E+18,-2.79467E+15
46.22341,6.102057E+18,-2.559397E+15
46.24529,5.602643E+18,-2.895013E+15
46.26614,6.020904E+18,-2.773108E+15
46.28936,6.160547E+18,-2.514075E+15
46.31176,5.769177E+18,-2.908563E+15
46.33722,6.072807E+18,-2.757689E+15
46.36217,6.049683E+18,-2.621298E+15
46.38353,5.850559E+18,-2.771347E+15
46.40722,6.047336E+18,-2.772773E+15
46.4291,5.688686E+18,-2.673537E+15
46.4503,5.830149E+18,-2.632848E+15
46.47298,5.754434E+18,-2.710849E+15
46.49525,6.318245E+18,-2.634302E+15
46.5157,6.255581E+18,-2.849277E+15
46.53862,6.097977E+18,-2.763105E+15
46.56144,6.063641E+18,-2.600869E+15
46.58238,5.554798E+18,-2.707518E+15
46.607,6.018121E+18,-2.752934E+15
46.63192,5.958181E+18,-2.76946E+15
46.65533,6.016455E+18,-2.649279E+15
46.67797,6.075726E+18,-2.918192E+15
46.69964,5.909087E+18,-2.585933E+15
46.72205,5.947446E+18,-2.776037E+15
46.74469,6.011235E+18,-2.653014E+15
46.76689,6.136614E+18,-2.67559E+15
46.79417,5.893985E+18,-2.652688E+15
46.81627,6.200012E+18,-2.519062E+15
46.8388,5.862367E+18,-2.516656E+15
46.86724,5.939158E+18,-2.576758E+15
