0.02,1.214239E+19,-4.57413E+19
0.3533334,1.258918E+19,-4.584479E+19
0.437032,1.383859E+19,-4.581817E+19
0.5038682,1.638287E+19,-4.583759E+19
0.5676675,1.700566E+19,-4.582891E+19
0.6183379,1.799682E+19,-4.583164E+19
0.6600071,1.833933E+19,-4.582051E+19
0.6779239,1.844467E+19,-4.581392E+19
0.7036496,1.847588E+19,-4.581725E+19
0.7227558,1.849537E+19,-4.579653E+19
0.743189,1.85218E+19,-4.5789E+19
0.7601153,1.854372E+19,-4.578437E+19
0.7787223,1.857942E+19,-4.578083E+19
0.8038917,1.861622E+19,-4.579486E+19
0.8230278,1.864244E+19,-4.579675E+19
0.8415847,1.872094E+19,-4.579896E+19
0.8609306,1.877791E+19,-4.579111E+19
0.8873631,1.881206E+19,-4.579346E+19
0.9052945,1.882783E+19,-4.580432E+19
0.9237542,1.884659E+19,-4.58033E+19
0.9420009,1.88631E+19,-4.582582E+19
0.9606954,1.888869E+19,-4.584274E+19
0.9782864,1.89387E+19,-4.585095E+19
1.003509,1.901853E+19,-4.584413E+19
1.022804,1.911506E+19,-4.581632E+19
1.041112,1.918441E+19,-4.580626E+19
1.06502,1.927492E+19,-4.579325E+19
1.086758,1.930344E+19,-4.578098E+19
1.105404,1.932479E+19,-4.578231E+19
1.123928,1.934084E+19,-4.579199E+19
1.144179,1.937661E+19,-4.5799E+19
1.179728,1.963023E+19,-4.576924E+19
1.200788,1.990728E+19,-4.576666E+19
1.221622,1.995937E+19,-4.574106E+19
1.242489,1.999664E+19,-4.570706E+19
1.261652,2.001818E+19,-4.568936E+19
1.28697,2.002959E+19,-4.568454E+19
1.306545,2.005341E+19,-4.565745E+19
1.325403,2.008727E+19,-4.564272E+19
1.343368,2.009128E+19,-4.563224E+19
1.360631,2.009626E+19,-4.56272E+19
1.387056,2.01093E+19,-4.561978E+19
1.405511,2.012321E+19,-4.560231E+19
1.424252,2.014276E+19,-4.559764E+19
1.442535,2.01525E+19,-4.557786E+19
1.46069,2.0171E+19,-4.555917E+19
1.486342,2.019915E+19,-4.552695E+19
1.508195,2.023256E+19,-4.550838E+19
1.526698,2.023603E+19,-4.549492E+19
1.545767,2.023914E+19,-4.548174E+19
1.570006,2.024839E+19,-4.545759E+19
1.590482,2.025699E+19,-4.544304E+19
1.611659,2.025928E+19,-4.542611E+19
1.63743,2.026996E+19,-4.538898E+19
1.659881,2.02776E+19,-4.536279E+19
1.699204,2.027737E+19,-4.532208E+19
1.721098,2.028732E+19,-4.529405E+19
1.739617,2.030528E+19,-4.527485E+19
1.75794,2.030667E+19,-4.526418E+19
1.776083,2.03105E+19,-4.524473E+19
1.795275,2.031596E+19,-4.522219E+19
1.820933,2.03167E+19,-4.51987E+19
1.843679,2.031921E+19,-4.516419E+19
1.870173,2.033644E+19,-4.512816E+19
1.891232,2.033793E+19,-4.510165E+19
1.91139,2.033588E+19,-4.509243E+19
1.937861,2.037326E+19,-4.504452E+19
1.959167,2.047193E+19,-4.500619E+19
1.976664,2.047022E+19,-4.498001E+19
1.993659,2.046714E+19,-4.49562E+19
2.010714,2.046537E+19,-4.493904E+19
2.036519,2.047455E+19,-4.489701E+19
2.055297,2.048921E+19,-4.486749E+19
2.073691,2.048685E+19,-4.484195E+19
2.092517,2.048435E+19,-4.481678E+19
2.110033,2.048204E+19,-4.479727E+19
2.137382,2.05673E+19,-4.474793E+19
2.160242,2.07667E+19,-4.471545E+19
2.186582,2.076491E+19,-4.46799E+19
2.215183,2.076242E+19,-4.463881E+19
2.236426,2.075967E+19,-4.4608E+19
2.255767,2.075708E+19,-4.457654E+19
2.274647,2.075654E+19,-4.454409E+19
2.29307,2.075229E+19,-4.451145E+19
2.310488,2.07483E+19,-4.448422E+19
2.336807,2.074621E+19,-4.44415E+19
2.35801,2.074327E+19,-4.441336E+19
2.376459,2.073851E+19,-4.437546E+19
2.394824,2.073482E+19,-4.434899E+19
2.420991,2.07347E+19,-4.43042E+19
2.4468,2.073836E+19,-4.425885E+19
2.469894,2.073424E+19,-4.42171E+19
2.491338,2.072926E+19,-4.418085E+19
2.510005,2.072516E+19,-4.414619E+19
2.527117,2.072173E+19,-4.411708E+19
2.553298,2.071357E+19,-4.406685E+19
2.576833,2.070633E+19,-4.402376E+19
2.603271,2.069893E+19,-4.398089E+19
2.62629,2.06933E+19,-4.394258E+19
2.652057,2.068758E+19,-4.389894E+19
2.674812,2.068209E+19,-4.385456E+19
2.694101,2.067659E+19,-4.381893E+19
2.730464,2.066956E+19,-4.374857E+19
2.749665,2.066579E+19,-4.371249E+19
2.769883,2.065997E+19,-4.367824E+19
2.787854,2.065503E+19,-4.364599E+19
2.805885,2.065048E+19,-4.361631E+19
2.824329,2.064342E+19,-4.357797E+19
2.8433,2.063944E+19,-4.354616E+19
2.860795,2.063534E+19,-4.351372E+19
2.886898,2.063019E+19,-4.346351E+19
2.907077,2.06248E+19,-4.342594E+19
2.925591,2.061949E+19,-4.339319E+19
2.943676,2.061426E+19,-4.335964E+19
2.969836,2.060635E+19,-4.331286E+19
2.990653,2.06008E+19,-4.327711E+19
3.009268,2.059492E+19,-4.324213E+19
3.02781,2.058691E+19,-4.320746E+19
3.052861,2.057908E+19,-4.316503E+19
3.071328,2.057338E+19,-4.312875E+19
3.089939,2.056846E+19,-4.309431E+19
3.108633,2.056259E+19,-4.3062E+19
3.12673,2.05587E+19,-4.302822E+19
3.145682,2.055583E+19,-4.299355E+19
3.170446,2.054759E+19,-4.294778E+19
3.191131,2.05414E+19,-4.291049E+19
3.210724,2.0536E+19,-4.287647E+19
3.248544,2.052587E+19,-4.281603E+19
3.26942,2.052365E+19,-4.277688E+19
3.288387,2.052845E+19,-4.273405E+19
3.306584,2.052772E+19,-4.270128E+19
3.325261,2.05202E+19,-4.266919E+19
3.343763,2.051388E+19,-4.263454E+19
3.370466,2.050762E+19,-4.258433E+19
3.39109,2.050368E+19,-4.254642E+19
3.41359,2.049577E+19,-4.25054E+19
3.435714,2.048897E+19,-4.246676E+19
3.454067,2.048318E+19,-4.243309E+19
3.472478,2.047873E+19,-4.240253E+19
3.492734,2.047162E+19,-4.236412E+19
3.510896,2.046484E+19,-4.233048E+19
3.537381,2.045687E+19,-4.228183E+19
3.559654,2.044979E+19,-4.224299E+19
3.577416,2.044426E+19,-4.221152E+19
3.602935,2.043668E+19,-4.216878E+19
3.625235,2.043036E+19,-4.21305E+19
3.645893,2.042405E+19,-4.2094E+19
3.669822,2.041718E+19,-4.204622E+19
3.690993,2.041179E+19,-4.201209E+19
3.710053,2.040561E+19,-4.197372E+19
3.735963,2.040354E+19,-4.192521E+19
3.766128,2.040148E+19,-4.187063E+19
3.787359,2.039397E+19,-4.183281E+19
3.806415,2.038749E+19,-4.180005E+19
3.826829,2.038038E+19,-4.176204E+19
3.852952,2.037318E+19,-4.171288E+19
3.872589,2.036655E+19,-4.16767E+19
3.89139,2.036019E+19,-4.1643E+19
3.909741,2.035421E+19,-4.16175E+19
3.927447,2.036232E+19,-4.15791E+19
3.953223,2.040287E+19,-4.153394E+19
3.974972,2.039343E+19,-4.149429E+19
3.992906,2.038783E+19,-4.146217E+19
4.010686,2.038168E+19,-4.142706E+19
4.036105,2.037271E+19,-4.138212E+19
4.055182,2.036588E+19,-4.134898E+19
4.073789,2.03594E+19,-4.13159E+19
4.092895,2.035273E+19,-4.128239E+19
4.1111,2.034628E+19,-4.125062E+19
4.135559,2.033805E+19,-4.120802E+19
4.15561,2.033129E+19,-4.117382E+19
4.177011,2.032505E+19,-4.113468E+19
4.203275,2.03166E+19,-4.108709E+19
4.222735,2.030899E+19,-4.105466E+19
4.242016,2.030225E+19,-4.1021E+19
4.270505,2.029177E+19,-4.096943E+19
4.289147,2.028481E+19,-4.093568E+19
4.308379,2.02778E+19,-4.090244E+19
4.326952,2.02714E+19,-4.087127E+19
4.353089,2.026342E+19,-4.082488E+19
4.376335,2.02565E+19,-4.078338E+19
4.402806,2.024782E+19,-4.073666E+19
4.425785,2.024019E+19,-4.069439E+19
4.443751,2.023394E+19,-4.066148E+19
4.469121,2.022502E+19,-4.061621E+19
4.491803,2.021655E+19,-4.057621E+19
4.511393,2.020903E+19,-4.053897E+19
4.5359,2.020014E+19,-4.04931E+19
4.555325,2.019326E+19,-4.046136E+19
4.574623,2.018664E+19,-4.042647E+19
4.593315,2.018087E+19,-4.039255E+19
4.620418,2.017019E+19,-4.034219E+19
4.644045,2.01614E+19,-4.02981E+19
4.67171,2.015101E+19,-4.024953E+19
4.692123,2.01429E+19,-4.021242E+19
4.710642,2.013548E+19,-4.017915E+19
4.736172,2.012522E+19,-4.013428E+19
4.755409,2.01177E+19,-4.010078E+19
4.786413,2.010599E+19,-4.004796E+19
4.806458,2.009891E+19,-4.001154E+19
4.825832,2.009201E+19,-3.99773E+19
4.844825,2.008484E+19,-3.994444E+19
4.869076,2.007573E+19,-3.990374E+19
4.888642,2.006842E+19,-3.987025E+19
4.908279,2.006033E+19,-3.983276E+19
4.926645,2.005296E+19,-3.979955E+19
4.952922,2.004278E+19,-3.975277E+19
4.974992,2.003426E+19,-3.971392E+19
4.998821,2.002526E+19,-3.967205E+19
5.018611,2.001792E+19,-3.963724E+19
5.038262,2.001048E+19,-3.960262E+19
5.057295,2.000287E+19,-3.956876E+19
5.076137,1.999547E+19,-3.953608E+19
5.102643,1.998532E+19,-3.948909E+19
5.124329,1.997694E+19,-3.9451E+19
5.146715,1.996839E+19,-3.941255E+19
5.169614,1.995959E+19,-3.937346E+19
5.191365,1.995114E+19,-3.933764E+19
5.209937,1.994416E+19,-3.930724E+19
5.235992,1.99345E+19,-3.926309E+19
5.25525,1.992756E+19,-3.922924E+19
5.274268,1.992036E+19,-3.919529E+19
5.303872,1.990895E+19,-3.914632E+19
5.323204,1.990196E+19,-3.911366E+19
5.343042,1.989498E+19,-3.908251E+19
5.360992,1.988866E+19,-3.904737E+19
5.385664,1.988951E+19,-3.90044E+19
5.405933,1.988248E+19,-3.897473E+19
5.426271,1.987467E+19,-3.893435E+19
5.444137,1.987687E+19,-3.890381E+19
5.471162,1.986664E+19,-3.885774E+19
5.492895,1.985823E+19,-3.882194E+19
5.510956,1.985168E+19,-3.879143E+19
5.535828,1.984324E+19,-3.874803E+19
5.554969,1.983579E+19,-3.871588E+19
5.57415,1.982824E+19,-3.868388E+19
5.592798,1.982107E+19,-3.865337E+19
5.610292,1.981448E+19,-3.862402E+19
5.636686,1.98047E+19,-3.857806E+19
5.65928,1.97962E+19,-3.854019E+19
5.685849,1.978631E+19,-3.849788E+19
5.707445,1.977905E+19,-3.846015E+19
5.727224,1.977274E+19,-3.842586E+19
5.752567,1.976426E+19,-3.838369E+19
5.773973,1.975733E+19,-3.835056E+19
5.808187,1.974718E+19,-3.828917E+19
5.826779,1.974258E+19,-3.825892E+19
5.852471,1.973434E+19,-3.821467E+19
5.876136,1.972745E+19,-3.817364E+19
5.894256,1.972008E+19,-3.814116E+19
5.919342,1.971067E+19,-3.809939E+19
5.942789,1.970179E+19,-3.806103E+19
5.969497,1.96914E+19,-3.801652E+19
5.989503,1.968355E+19,-3.798487E+19
6.00946,1.967563E+19,-3.795103E+19
6.035829,1.966621E+19,-3.79056E+19
6.060406,1.965726E+19,-3.786406E+19
6.085862,1.96471E+19,-3.782236E+19
6.106448,1.963961E+19,-3.778713E+19
6.125995,1.963257E+19,-3.775382E+19
6.145477,1.962535E+19,-3.772184E+19
6.168272,1.96166E+19,-3.768142E+19
6.190172,1.960804E+19,-3.764779E+19
6.209987,1.960168E+19,-3.760994E+19
6.236133,1.959441E+19,-3.756411E+19
6.256269,1.958617E+19,-3.752949E+19
6.275656,1.957847E+19,-3.749675E+19
6.294212,1.957116E+19,-3.746611E+19
6.335304,1.955536E+19,-3.740004E+19
6.354759,1.954795E+19,-3.736895E+19
6.374047,1.954065E+19,-3.733747E+19
6.393376,1.953343E+19,-3.730628E+19
6.419214,1.952389E+19,-3.726478E+19
6.442501,1.951648E+19,-3.722461E+19
6.472097,1.950684E+19,-3.717538E+19
6.49379,1.949822E+19,-3.714007E+19
6.518959,1.948912E+19,-3.709738E+19
6.53818,1.948229E+19,-3.706584E+19
6.558255,1.947472E+19,-3.703388E+19
6.576357,1.946798E+19,-3.700655E+19
6.602368,1.945853E+19,-3.696617E+19
6.63106,1.944879E+19,-3.691969E+19
6.65256,1.944125E+19,-3.688364E+19
6.675716,1.943352E+19,-3.684545E+19
6.695924,1.942572E+19,-3.681265E+19
6.718556,1.941748E+19,-3.677708E+19
6.737741,1.941051E+19,-3.674356E+19
6.757503,1.940255E+19,-3.671186E+19
6.776469,1.939524E+19,-3.668167E+19
6.801789,1.938579E+19,-3.664043E+19
6.83565,1.937279E+19,-3.658321E+19
6.857652,1.936396E+19,-3.6548E+19
6.885578,1.935314E+19,-3.650458E+19
6.905337,1.934562E+19,-3.647313E+19
6.924548,1.933859E+19,-3.64436E+19
6.943583,1.933115E+19,-3.641186E+19
6.969471,1.932138E+19,-3.637058E+19
6.99258,1.93132E+19,-3.63325E+19
7.011158,1.930653E+19,-3.630282E+19
7.035744,1.929751E+19,-3.626463E+19
7.054848,1.92906E+19,-3.623484E+19
7.074354,1.928331E+19,-3.620367E+19
7.093184,1.927635E+19,-3.617454E+19
7.119418,1.926717E+19,-3.613397E+19
7.142361,1.92593E+19,-3.609704E+19
7.168645,1.924993E+19,-3.605588E+19
7.190204,1.924218E+19,-3.602278E+19
7.209352,1.923518E+19,-3.59937E+19
7.235522,1.922584E+19,-3.595308E+19
7.256314,1.921822E+19,-3.592041E+19
7.277669,1.921006E+19,-3.588775E+19
7.301756,1.92011E+19,-3.585151E+19
7.320855,1.919407E+19,-3.582087E+19
7.351686,1.918269E+19,-3.577413E+19
7.37132,1.917567E+19,-3.574426E+19
7.390524,1.916921E+19,-3.57152E+19
7.409321,1.916278E+19,-3.568751E+19
7.435071,1.915325E+19,-3.564749E+19
7.454186,1.914606E+19,-3.56182E+19
7.474765,1.913853E+19,-3.558717E+19
7.502103,1.91288E+19,-3.554676E+19
7.52309,1.912144E+19,-3.551529E+19
7.542135,1.911461E+19,-3.54862E+19
7.560041,1.910805E+19,-3.545875E+19
7.58541,1.90991E+19,-3.542467E+19
7.604857,1.909263E+19,-3.539514E+19
7.623736,1.908683E+19,-3.537027E+19
7.64517,1.909483E+19,-3.532798E+19
7.669726,1.91546E+19,-3.528965E+19
7.691003,1.914763E+19,-3.525759E+19
7.709751,1.914109E+19,-3.522875E+19
7.735531,1.913286E+19,-3.518744E+19
7.754355,1.912622E+19,-3.515792E+19
7.773246,1.911893E+19,-3.512903E+19
7.791973,1.911201E+19,-3.510053E+19
7.809958,1.910553E+19,-3.507425E+19
7.8354,1.909671E+19,-3.503713E+19
7.875905,1.908269E+19,-3.497704E+19
7.898088,1.907517E+19,-3.494416E+19
7.921612,1.90668E+19,-3.490713E+19
7.94495,1.90581E+19,-3.486922E+19
7.970892,1.904824E+19,-3.483013E+19
7.996839,1.903899E+19,-3.479057E+19
8.022848,1.902996E+19,-3.475289E+19
8.043855,1.902254E+19,-3.472626E+19
8.068917,1.901493E+19,-3.468304E+19
8.090918,1.900893E+19,-3.464728E+19
8.110167,1.900156E+19,-3.461713E+19
8.135965,1.89921E+19,-3.457701E+19
8.158809,1.89839E+19,-3.454233E+19
8.18581,1.897433E+19,-3.450212E+19
8.207646,1.896668E+19,-3.447052E+19
8.227007,1.896025E+19,-3.444246E+19
8.25173,1.895193E+19,-3.440523E+19
8.275702,1.89434E+19,-3.436907E+19
8.30218,1.89341E+19,-3.433009E+19
8.323268,1.892682E+19,-3.429958E+19
8.345271,1.89192E+19,-3.426728E+19
8.379519,1.890733E+19,-3.421779E+19
8.402371,1.889956E+19,-3.418334E+19
8.422645,1.889265E+19,-3.415271E+19
8.441987,1.88858E+19,-3.412444E+19
8.460721,1.887901E+19,-3.40976E+19
8.485106,1.887028E+19,-3.406253E+19
8.508133,1.886242E+19,-3.402927E+19
8.527919,1.885596E+19,-3.400002E+19
8.553249,1.884733E+19,-3.396247E+19
8.578404,1.88384E+19,-3.392606E+19
8.601918,1.883012E+19,-3.389421E+19
8.625123,1.882215E+19,-3.385997E+19
8.655647,1.88118E+19,-3.38152E+19
8.677689,1.880406E+19,-3.378384E+19
8.701915,1.879583E+19,-3.374993E+19
8.72359,1.878867E+19,-3.371957E+19
8.742906,1.878272E+19,-3.369159E+19
8.768547,1.877484E+19,-3.36538E+19
8.790118,1.87671E+19,-3.362054E+19
8.809627,1.876032E+19,-3.359242E+19
8.835514,1.875145E+19,-3.355625E+19
8.856643,1.87444E+19,-3.352809E+19
8.893633,1.873378E+19,-3.347642E+19
8.913171,1.872894E+19,-3.344933E+19
8.934892,1.872222E+19,-3.341884E+19
8.956113,1.871533E+19,-3.338836E+19
8.97648,1.870871E+19,-3.336039E+19
9.001431,1.870123E+19,-3.332349E+19
9.023104,1.86941E+19,-3.329098E+19
9.044065,1.868641E+19,-3.326149E+19
9.067994,1.867845E+19,-3.32285E+19
9.09044,1.867113E+19,-3.319812E+19
9.116581,1.866286E+19,-3.316312E+19
9.137305,1.865644E+19,-3.313484E+19
9.161534,1.864852E+19,-3.310263E+19
9.185332,1.864085E+19,-3.307217E+19
9.208344,1.86336E+19,-3.304076E+19
9.226636,1.862757E+19,-3.301606E+19
9.251763,1.861963E+19,-3.298021E+19
9.27279,1.861386E+19,-3.295082E+19
9.291792,1.860817E+19,-3.292492E+19
9.310292,1.860217E+19,-3.289913E+19
9.334946,1.859395E+19,-3.286572E+19
9.357719,1.85866E+19,-3.28343E+19
9.376575,1.858038E+19,-3.280897E+19
9.412768,1.856886E+19,-3.276119E+19
9.435081,1.856174E+19,-3.273223E+19
9.454365,1.855568E+19,-3.270641E+19
9.47415,1.85496E+19,-3.268065E+19
9.495081,1.854298E+19,-3.265373E+19
9.518067,1.853618E+19,-3.262291E+19
9.538128,1.853036E+19,-3.259604E+19
9.557781,1.852448E+19,-3.257076E+19
9.576735,1.851871E+19,-3.254559E+19
9.601832,1.851088E+19,-3.251123E+19
9.624761,1.850383E+19,-3.248065E+19
9.645482,1.849737E+19,-3.245374E+19
9.669159,1.849009E+19,-3.242318E+19
9.690961,1.848339E+19,-3.239527E+19
9.7102,1.847746E+19,-3.237045E+19
9.734243,1.847026E+19,-3.233841E+19
9.753733,1.84645E+19,-3.231347E+19
9.773949,1.845843E+19,-3.228789E+19
9.792835,1.845285E+19,-3.226416E+19
9.817606,1.844559E+19,-3.22359E+19
9.838037,1.844086E+19,-3.220899E+19
9.859908,1.843642E+19,-3.217941E+19
9.88432,1.842813E+19,-3.214766E+19
9.91739,1.841781E+19,-3.210374E+19
9.942049,1.841054E+19,-3.207206E+19
9.96791,1.840303E+19,-3.203815E+19
9.988546,1.839687E+19,-3.201258E+19
10.00879,1.83913E+19,-3.198676E+19
10.03466,1.83861E+19,-3.195436E+19
10.05487,1.838093E+19,-3.192825E+19
10.07576,1.83746E+19,-3.190278E+19
10.1018,1.836692E+19,-3.18692E+19
10.13799,1.835829E+19,-3.18256E+19
10.16229,1.835098E+19,-3.179576E+19
10.19545,1.834145E+19,-3.175475E+19
10.23298,1.83312E+19,-3.170595E+19
10.27494,1.831894E+19,-3.165131E+19
10.29769,1.831202E+19,-3.16226E+19
10.32001,1.830525E+19,-3.159486E+19
10.34473,1.829781E+19,-3.156422E+19
10.36824,1.829083E+19,-3.153577E+19
10.39189,1.82838E+19,-3.150618E+19
10.43086,1.82726E+19,-3.145873E+19
10.45519,1.826579E+19,-3.142986E+19
10.4786,1.825913E+19,-3.140453E+19
10.50513,1.825423E+19,-3.136723E+19
10.52814,1.825247E+19,-3.133852E+19
10.55137,1.824535E+19,-3.130994E+19
10.57692,1.823782E+19,-3.12791E+19
10.60107,1.823093E+19,-3.125298E+19
10.62773,1.822386E+19,-3.12204E+19
10.6538,1.821784E+19,-3.118719E+19
10.68211,1.821052E+19,-3.115386E+19
10.70701,1.820315E+19,-3.112304E+19
10.72841,1.81966E+19,-3.109528E+19
10.75168,1.819E+19,-3.106732E+19
10.77424,1.818346E+19,-3.104189E+19
10.79569,1.817793E+19,-3.101632E+19
10.81758,1.817216E+19,-3.098745E+19
10.84056,1.816611E+19,-3.095769E+19
10.8653,1.815984E+19,-3.092739E+19
10.88884,1.815311E+19,-3.089969E+19
10.91186,1.814689E+19,-3.087691E+19
10.94662,1.815778E+19,-3.083091E+19
10.97102,1.817896E+19,-3.080119E+19
10.99463,1.817158E+19,-3.077299E+19
11.01741,1.816496E+19,-3.074611E+19
11.04038,1.815821E+19,-3.071922E+19
11.06217,1.815175E+19,-3.069365E+19
11.08467,1.814512E+19,-3.066716E+19
11.10958,1.813785E+19,-3.063814E+19
11.13697,1.812993E+19,-3.060634E+19
11.16341,1.812228E+19,-3.057559E+19
11.19445,1.811353E+19,-3.053905E+19
11.21936,1.810659E+19,-3.051008E+19
11.24332,1.810006E+19,-3.048285E+19
11.2681,1.809341E+19,-3.045431E+19
11.2919,1.808721E+19,-3.042652E+19
11.31944,1.807996E+19,-3.039482E+19
11.3426,1.80737E+19,-3.036736E+19
11.36877,1.806665E+19,-3.033732E+19
11.39743,1.805875E+19,-3.030576E+19
11.42109,1.805247E+19,-3.027981E+19
11.45809,1.804323E+19,-3.023704E+19
11.47787,1.803833E+19,-3.021522E+19
11.50212,1.80325E+19,-3.018695E+19
11.5236,1.802696E+19,-3.016217E+19
11.54299,1.802163E+19,-3.013921E+19
11.56876,1.80148E+19,-3.010901E+19
11.58865,1.800936E+19,-3.0086E+19
11.60835,1.800408E+19,-3.006405E+19
11.63619,1.799674E+19,-3.003375E+19
11.66071,1.799041E+19,-3.000727E+19
11.68699,1.798361E+19,-2.997833E+19
11.70918,1.797789E+19,-2.995436E+19
11.73511,1.797123E+19,-2.992707E+19
11.76051,1.796482E+19,-2.990119E+19
11.78531,1.79588E+19,-2.987663E+19
11.80859,1.795354E+19,-2.985035E+19
11.83513,1.794813E+19,-2.981999E+19
11.85804,1.794244E+19,-2.979435E+19
11.87709,1.793734E+19,-2.977299E+19
11.90207,1.793079E+19,-2.974519E+19
11.92484,1.792492E+19,-2.971974E+19
11.96236,1.791538E+19,-2.967788E+19
11.98463,1.790961E+19,-2.965348E+19
12.00575,1.790421E+19,-2.963096E+19
12.02601,1.789919E+19,-2.961018E+19
12.05194,1.789337E+19,-2.958373E+19
12.07521,1.788915E+19,-2.955645E+19
12.10225,1.788402E+19,-2.952676E+19
12.12468,1.787821E+19,-2.950246E+19
12.15267,1.787106E+19,-2.947183E+19
12.17541,1.786539E+19,-2.944696E+19
12.20248,1.785861E+19,-2.941859E+19
12.22679,1.785264E+19,-2.939199E+19
12.25439,1.784597E+19,-2.936203E+19
12.27878,1.784003E+19,-2.933665E+19
12.30383,1.783404E+19,-2.931026E+19
12.32996,1.78278E+19,-2.928271E+19
12.36698,1.781886E+19,-2.924472E+19
12.39496,1.781183E+19,-2.921352E+19
12.41975,1.780584E+19,-2.918774E+19
12.48934,1.778924E+19,-2.911823E+19
12.5131,1.778349E+19,-2.909399E+19
12.53982,1.777733E+19,-2.906997E+19
12.56471,1.777134E+19,-2.904128E+19
12.59011,1.777078E+19,-2.901553E+19
12.61483,1.776486E+19,-2.898953E+19
12.64,1.775849E+19,-2.896491E+19
12.67138,1.775069E+19,-2.893244E+19
12.80669,1.771908E+19,-2.880039E+19
12.88571,1.770227E+19,-2.871771E+19
12.94504,1.768863E+19,-2.865784E+19
13.02176,1.767201E+19,-2.85837E+19
13.04286,1.766787E+19,-2.856542E+19
13.06798,1.76626E+19,-2.854018E+19
13.08637,1.765893E+19,-2.852214E+19
13.10569,1.765487E+19,-2.850361E+19
13.12411,1.765086E+19,-2.84862E+19
13.14452,1.764624E+19,-2.846725E+19
13.16771,1.764094E+19,-2.844556E+19
13.18949,1.76361E+19,-2.842572E+19
13.21207,1.763114E+19,-2.840449E+19
13.23351,1.762635E+19,-2.838337E+19
13.25182,1.762224E+19,-2.836647E+19
13.26989,1.761827E+19,-2.83509E+19
13.2886,1.761491E+19,-2.83301E+19
13.3075,1.76116E+19,-2.831235E+19
13.32505,1.760775E+19,-2.829577E+19
13.35104,1.760215E+19,-2.827201E+19
13.36975,1.759821E+19,-2.825527E+19
13.38833,1.759438E+19,-2.823845E+19
13.40662,1.759062E+19,-2.822228E+19
13.42485,1.758693E+19,-2.820672E+19
13.45012,1.758189E+19,-2.818571E+19
13.47053,1.757786E+19,-2.816832E+19
13.49083,1.757382E+19,-2.815045E+19
13.50895,1.757023E+19,-2.813418E+19
13.54469,1.756329E+19,-2.810284E+19
13.56282,1.755943E+19,-2.808644E+19
13.58371,1.755491E+19,-2.806856E+19
13.60291,1.755096E+19,-2.80525E+19
13.62129,1.754728E+19,-2.803667E+19
13.64071,1.75434E+19,-2.801905E+19
13.66834,1.753781E+19,-2.799359E+19
13.69318,1.753287E+19,-2.797174E+19
13.71767,1.752798E+19,-2.795086E+19
13.7424,1.75231E+19,-2.793042E+19
13.76765,1.751823E+19,-2.790938E+19
13.78602,1.751464E+19,-2.789452E+19
13.80478,1.751111E+19,-2.787976E+19
13.8235,1.75079E+19,-2.786401E+19
13.84126,1.750487E+19,-2.784892E+19
13.86735,1.750028E+19,-2.782551E+19
13.88896,1.749632E+19,-2.780702E+19
13.90814,1.749271E+19,-2.779092E+19
13.93459,1.748762E+19,-2.776833E+19
13.95559,1.748362E+19,-2.77503E+19
13.97467,1.748005E+19,-2.773437E+19
14.00066,1.747497E+19,-2.771069E+19
14.0214,1.74707E+19,-2.769382E+19
14.05267,1.746449E+19,-2.766744E+19
14.07184,1.746081E+19,-2.765116E+19
14.0909,1.745706E+19,-2.763531E+19
14.10851,1.745361E+19,-2.762106E+19
14.13435,1.744861E+19,-2.760009E+19
14.15779,1.744428E+19,-2.758088E+19
14.18387,1.743953E+19,-2.756044E+19
14.20397,1.74359E+19,-2.754434E+19
14.22354,1.743192E+19,-2.752808E+19
14.24187,1.742858E+19,-2.751137E+19
14.26729,1.742483E+19,-2.74898E+19
14.28869,1.742094E+19,-2.747243E+19
14.30707,1.741755E+19,-2.745787E+19
14.32475,1.741429E+19,-2.744343E+19
14.35059,1.740939E+19,-2.742298E+19
14.37112,1.740563E+19,-2.740677E+19
14.38962,1.740228E+19,-2.73926E+19
14.40792,1.739908E+19,-2.737882E+19
14.43413,1.739463E+19,-2.735944E+19
14.45426,1.739123E+19,-2.734386E+19
14.47389,1.738774E+19,-2.732839E+19
14.50066,1.738323E+19,-2.730876E+19
14.52341,1.738004E+19,-2.729021E+19
14.5582,1.737605E+19,-2.726263E+19
14.57567,1.737322E+19,-2.724913E+19
14.60017,1.73692E+19,-2.723048E+19
14.61879,1.736626E+19,-2.721696E+19
14.63884,1.736312E+19,-2.720318E+19
14.66037,1.735993E+19,-2.718999E+19
14.68349,1.735956E+19,-2.717086E+19
14.70384,1.735942E+19,-2.715382E+19
14.72291,1.735537E+19,-2.713957E+19
14.74096,1.735242E+19,-2.712672E+19
14.76766,1.734786E+19,-2.71037E+19
14.79014,1.734481E+19,-2.708491E+19
14.80838,1.734175E+19,-2.707064E+19
14.83384,1.733773E+19,-2.705175E+19
14.85499,1.733479E+19,-2.703583E+19
14.87481,1.733191E+19,-2.702044E+19
14.90041,1.732767E+19,-2.700098E+19
14.92235,1.732393E+19,-2.698516E+19
14.94133,1.732094E+19,-2.697296E+19
14.96716,1.731715E+19,-2.695598E+19
14.9884,1.731401E+19,-2.694046E+19
15.00664,1.731109E+19,-2.692844E+19
15.02439,1.730884E+19,-2.691525E+19
15.06021,1.730413E+19,-2.688813E+19
15.07895,1.730084E+19,-2.687461E+19
15.10012,1.729738E+19,-2.685953E+19
15.11852,1.729447E+19,-2.684539E+19
15.13658,1.729192E+19,-2.683226E+19
15.15725,1.728871E+19,-2.68164E+19
15.18377,1.728433E+19,-2.679728E+19
15.20708,1.72806E+19,-2.678084E+19
15.23362,1.727651E+19,-2.676378E+19
15.2545,1.727366E+19,-2.675013E+19
15.27303,1.727092E+19,-2.673607E+19
15.29135,1.726791E+19,-2.672359E+19
15.31699,1.726415E+19,-2.670645E+19
15.33901,1.726093E+19,-2.669066E+19
15.362,1.725752E+19,-2.667539E+19
15.3833,1.725465E+19,-2.666029E+19
15.40262,1.725154E+19,-2.664599E+19
15.42163,1.724781E+19,-2.663212E+19
15.44014,1.724455E+19,-2.661985E+19
15.4582,1.724156E+19,-2.660691E+19
15.48374,1.723789E+19,-2.658837E+19
15.50504,1.723506E+19,-2.657359E+19
15.52417,1.723189E+19,-2.655953E+19
15.54165,1.722876E+19,-2.654745E+19
15.58275,1.722231E+19,-2.651903E+19
15.6014,1.721946E+19,-2.650626E+19
15.61982,1.721651E+19,-2.649348E+19
15.64096,1.721329E+19,-2.64786E+19
15.66686,1.720927E+19,-2.645972E+19
15.68827,1.720576E+19,-2.644607E+19
15.70767,1.720329E+19,-2.643176E+19
15.73369,1.719953E+19,-2.641342E+19
15.75725,1.719514E+19,-2.639821E+19
15.78358,1.719111E+19,-2.638133E+19
15.8027,1.718829E+19,-2.636944E+19
15.82244,1.718548E+19,-2.635666E+19
15.84056,1.718301E+19,-2.634482E+19
15.86622,1.71796E+19,-2.632796E+19
15.88494,1.717698E+19,-2.631576E+19
15.90355,1.717419E+19,-2.63036E+19
15.92371,1.717094E+19,-2.62908E+19
15.95063,1.716681E+19,-2.627549E+19
15.97438,1.716391E+19,-2.626285E+19
15.99995,1.7161E+19,-2.624171E+19
16.01882,1.715958E+19,-2.622836E+19
16.03831,1.715677E+19,-2.621528E+19
16.05723,1.715375E+19,-2.620306E+19
16.09289,1.7148E+19,-2.618222E+19
16.11152,1.714524E+19,-2.617584E+19
16.13335,1.714425E+19,-2.615814E+19
16.15851,1.714747E+19,-2.614279E+19
16.18569,1.714362E+19,-2.612734E+19
16.20628,1.71412E+19,-2.611137E+19
16.22438,1.713927E+19,-2.6099E+19
16.24981,1.713552E+19,-2.608248E+19
16.26843,1.713289E+19,-2.607105E+19
16.28687,1.713012E+19,-2.606044E+19
16.30547,1.712719E+19,-2.604732E+19
16.32349,1.712428E+19,-2.603455E+19
16.34056,1.712147E+19,-2.602338E+19
16.36698,1.711719E+19,-2.600663E+19
16.38814,1.711382E+19,-2.599319E+19
16.40695,1.711092E+19,-2.598219E+19
16.43333,1.710709E+19,-2.596901E+19
16.45478,1.710547E+19,-2.59515E+19
16.47435,1.710762E+19,-2.593906E+19
16.50018,1.710423E+19,-2.59236E+19
16.52047,1.710201E+19,-2.590838E+19
16.53869,1.709974E+19,-2.589552E+19
16.55771,1.709681E+19,-2.58817E+19
16.59878,1.709086E+19,-2.58563E+19
16.6176,1.708814E+19,-2.584378E+19
16.63612,1.708532E+19,-2.583199E+19
16.65943,1.708187E+19,-2.581838E+19
16.68433,1.707857E+19,-2.580248E+19
16.70482,1.707543E+19,-2.579067E+19
16.72403,1.707291E+19,-2.577845E+19
16.74994,1.70714E+19,-2.575938E+19
16.77036,1.706792E+19,-2.574521E+19
16.78888,1.706457E+19,-2.573287E+19
16.80765,1.706173E+19,-2.572012E+19
16.83351,1.705778E+19,-2.57044E+19
16.85535,1.705448E+19,-2.569186E+19
16.87366,1.7052E+19,-2.568074E+19
16.89133,1.704952E+19,-2.566966E+19
16.91637,1.704587E+19,-2.565507E+19
16.93557,1.704287E+19,-2.564362E+19
16.95461,1.703958E+19,-2.563034E+19
16.97627,1.703592E+19,-2.561641E+19
16.99932,1.703256E+19,-2.560192E+19
17.01858,1.702991E+19,-2.559144E+19
17.03733,1.702775E+19,-2.558023E+19
17.0557,1.7026E+19,-2.556831E+19
17.0736,1.702393E+19,-2.555498E+19
17.11022,1.701781E+19,-2.552821E+19
17.12863,1.701512E+19,-2.551677E+19
17.15107,1.701198E+19,-2.550381E+19
17.17291,1.700873E+19,-2.549039E+19
17.20028,1.700522E+19,-2.547161E+19
17.22063,1.70039E+19,-2.545913E+19
17.23961,1.700127E+19,-2.544794E+19
17.26678,1.699731E+19,-2.543325E+19
17.28548,1.699489E+19,-2.542322E+19
17.3044,1.699153E+19,-2.541015E+19
17.32343,1.698848E+19,-2.539872E+19
17.34134,1.698577E+19,-2.538796E+19
17.36625,1.698149E+19,-2.537209E+19
17.38656,1.697834E+19,-2.53561E+19
17.40549,1.697535E+19,-2.534178E+19
17.42399,1.697195E+19,-2.53286E+19
17.4497,1.696748E+19,-2.531179E+19
17.47033,1.696418E+19,-2.529904E+19
17.49345,1.696069E+19,-2.528449E+19
17.51612,1.695726E+19,-2.526984E+19
17.53482,1.695432E+19,-2.525782E+19
17.55436,1.695118E+19,-2.524517E+19
17.57353,1.694807E+19,-2.523267E+19
17.59953,1.694391E+19,-2.52162E+19
17.63028,1.693905E+19,-2.519786E+19
17.65258,1.693564E+19,-2.518398E+19
17.67341,1.693239E+19,-2.517095E+19
17.70006,1.692831E+19,-2.515515E+19
17.71912,1.692548E+19,-2.514274E+19
17.73819,1.692271E+19,-2.513061E+19
17.75701,1.691995E+19,-2.511889E+19
17.78249,1.69163E+19,-2.510376E+19
17.80121,1.691372E+19,-2.50932E+19
17.82057,1.691114E+19,-2.508333E+19
17.83925,1.690992E+19,-2.507095E+19
17.86786,1.690946E+19,-2.505361E+19
17.88846,1.690639E+19,-2.504152E+19
17.90667,1.690365E+19,-2.503119E+19
17.9246,1.690106E+19,-2.502088E+19
17.94948,1.689767E+19,-2.500752E+19
17.96809,1.689521E+19,-2.499727E+19
17.98741,1.689286E+19,-2.498755E+19
18.00626,1.689107E+19,-2.497606E+19
18.02388,1.688942E+19,-2.496524E+19
18.05016,1.688581E+19,-2.495025E+19
18.07444,1.688261E+19,-2.493786E+19
18.09912,1.687959E+19,-2.492643E+19
18.11739,1.687817E+19,-2.491508E+19
18.1518,1.687657E+19,-2.489294E+19
18.17322,1.687452E+19,-2.487958E+19
18.19147,1.687181E+19,-2.486968E+19
18.21664,1.686882E+19,-2.485342E+19
18.23697,1.686725E+19,-2.484224E+19
18.25655,1.686467E+19,-2.48316E+19
18.28309,1.686142E+19,-2.481679E+19
18.30215,1.685914E+19,-2.480668E+19
18.32158,1.685693E+19,-2.479703E+19
18.34,1.685469E+19,-2.478678E+19
18.36621,1.685036E+19,-2.47693E+19
18.38627,1.684726E+19,-2.475751E+19
18.40629,1.68445E+19,-2.47469E+19
18.42671,1.684191E+19,-2.473682E+19
18.44912,1.683939E+19,-2.472463E+19
18.47101,1.68373E+19,-2.471152E+19
18.49211,1.683492E+19,-2.470027E+19
18.51803,1.683114E+19,-2.468523E+19
18.54137,1.682763E+19,-2.467091E+19
18.56692,1.682364E+19,-2.465656E+19
18.59076,1.681996E+19,-2.464319E+19
18.6168,1.681643E+19,-2.463181E+19
18.63602,1.681415E+19,-2.462178E+19
18.66949,1.680945E+19,-2.460418E+19
18.68997,1.680755E+19,-2.459334E+19
18.71672,1.680441E+19,-2.45765E+19
18.73759,1.680206E+19,-2.456573E+19
18.75636,1.680055E+19,-2.455554E+19
18.77394,1.679874E+19,-2.454586E+19
18.79989,1.679528E+19,-2.453288E+19
18.82398,1.679244E+19,-2.451836E+19
18.84941,1.678882E+19,-2.450384E+19
18.87351,1.678548E+19,-2.449092E+19
18.89945,1.678202E+19,-2.447637E+19
18.91861,1.67794E+19,-2.446511E+19
18.93954,1.677647E+19,-2.445266E+19
18.96626,1.677291E+19,-2.443699E+19
18.98515,1.677047E+19,-2.442632E+19
19.00545,1.676788E+19,-2.441499E+19
19.02375,1.676554E+19,-2.440497E+19
19.04934,1.676235E+19,-2.439186E+19
19.06852,1.676E+19,-2.438151E+19
19.08722,1.675798E+19,-2.437283E+19
19.10596,1.675613E+19,-2.436115E+19
19.12385,1.675411E+19,-2.435047E+19
19.1492,1.675102E+19,-2.433647E+19
19.18519,1.67461E+19,-2.431852E+19
19.20585,1.674365E+19,-2.430846E+19
19.22462,1.674163E+19,-2.429913E+19
19.25053,1.673873E+19,-2.428567E+19
19.27023,1.67368E+19,-2.427592E+19
19.28969,1.673508E+19,-2.426556E+19
19.30829,1.673307E+19,-2.42544E+19
19.33228,1.673014E+19,-2.424419E+19
19.35174,1.672778E+19,-2.423193E+19
19.3717,1.672517E+19,-2.422057E+19
19.39014,1.672266E+19,-2.420984E+19
19.41604,1.671928E+19,-2.41954E+19
19.43623,1.671669E+19,-2.418479E+19
19.45495,1.671444E+19,-2.4175E+19
19.47554,1.671238E+19,-2.416265E+19
19.50035,1.670954E+19,-2.414865E+19
19.51991,1.670711E+19,-2.413657E+19
19.53856,1.6705E+19,-2.412569E+19
19.55713,1.670273E+19,-2.411505E+19
19.58214,1.669962E+19,-2.410148E+19
19.60155,1.66972E+19,-2.409169E+19
19.62066,1.66949E+19,-2.408193E+19
19.63964,1.669247E+19,-2.407127E+19
19.66593,1.668955E+19,-2.405697E+19
19.7015,1.668566E+19,-2.403817E+19
19.72134,1.668332E+19,-2.402822E+19
19.74007,1.668116E+19,-2.401984E+19
19.76568,1.667836E+19,-2.400476E+19
19.7847,1.667609E+19,-2.399438E+19
19.80371,1.667359E+19,-2.398416E+19
19.82294,1.667115E+19,-2.397394E+19
19.84048,1.666907E+19,-2.396471E+19
19.86577,1.666625E+19,-2.395188E+19
19.88534,1.666413E+19,-2.394273E+19
19.9043,1.666211E+19,-2.393248E+19
19.92264,1.666007E+19,-2.392136E+19
19.94043,1.665801E+19,-2.391112E+19
19.96581,1.665535E+19,-2.389749E+19
19.98654,1.665303E+19,-2.388747E+19
20.00513,1.665083E+19,-2.387671E+19
20.03268,1.664751E+19,-2.386222E+19
20.05381,1.664493E+19,-2.38524E+19
20.07214,1.664401E+19,-2.383921E+19
20.08998,1.66439E+19,-2.382913E+19
20.11597,1.664022E+19,-2.381558E+19
20.13833,1.663734E+19,-2.380469E+19
20.16583,1.663422E+19,-2.379184E+19
20.1872,1.663189E+19,-2.378049E+19
20.22122,1.662811E+19,-2.376393E+19
20.24035,1.662546E+19,-2.375266E+19
20.26631,1.662193E+19,-2.373864E+19
20.28824,1.661937E+19,-2.372765E+19
20.30707,1.661686E+19,-2.371817E+19
20.33241,1.66135E+19,-2.370365E+19
20.35769,1.660965E+19,-2.368741E+19
20.38277,1.660611E+19,-2.367329E+19
20.40842,1.660304E+19,-2.365934E+19
20.43361,1.660012E+19,-2.364616E+19
20.45499,1.659756E+19,-2.363455E+19
20.4873,1.659362E+19,-2.361801E+19
20.51643,1.659039E+19,-2.360373E+19
20.5457,1.658716E+19,-2.358929E+19
20.57362,1.658424E+19,-2.357402E+19
20.60092,1.658121E+19,-2.355913E+19
20.62816,1.657779E+19,-2.354518E+19
20.65668,1.657427E+19,-2.353003E+19
20.68785,1.657078E+19,-2.351483E+19
20.73152,1.656665E+19,-2.349386E+19
20.77145,1.656352E+19,-2.347523E+19
20.80639,1.656045E+19,-2.345467E+19
20.84229,1.655712E+19,-2.343737E+19
20.87984,1.655374E+19,-2.341938E+19
20.9151,1.655063E+19,-2.340044E+19
20.93494,1.65492E+19,-2.339128E+19
20.95403,1.654718E+19,-2.338146E+19
20.97244,1.654537E+19,-2.337253E+19
20.99033,1.654391E+19,-2.336402E+19
21.01603,1.654175E+19,-2.335083E+19
21.03535,1.653978E+19,-2.334019E+19
21.05476,1.65378E+19,-2.333026E+19
21.07287,1.653601E+19,-2.332109E+19
21.10048,1.653337E+19,-2.330727E+19
21.11981,1.653146E+19,-2.329802E+19
21.14239,1.652917E+19,-2.328658E+19
21.16578,1.652694E+19,-2.327456E+19
21.19052,1.652499E+19,-2.326185E+19
21.2159,1.652299E+19,-2.324884E+19
21.24815,1.652033E+19,-2.32332E+19
21.26767,1.651846E+19,-2.322294E+19
21.28802,1.651606E+19,-2.321161E+19
21.30564,1.651392E+19,-2.320143E+19
21.33238,1.651091E+19,-2.31874E+19
21.35583,1.650841E+19,-2.317654E+19
21.37401,1.650661E+19,-2.316811E+19
21.39877,1.650441E+19,-2.315547E+19
21.42001,1.650268E+19,-2.314384E+19
21.44114,1.650067E+19,-2.313295E+19
21.46592,1.649831E+19,-2.312107E+19
21.48498,1.649648E+19,-2.311049E+19
21.50463,1.649445E+19,-2.310052E+19
21.52377,1.649248E+19,-2.309122E+19
21.54844,1.649001E+19,-2.307958E+19
21.56798,1.648824E+19,-2.307109E+19
21.58898,1.64871E+19,-2.305977E+19
21.60776,1.648575E+19,-2.304963E+19
21.63189,1.648297E+19,-2.30382E+19
21.6527,1.648103E+19,-2.302686E+19
21.67432,1.647908E+19,-2.301556E+19
21.69871,1.647653E+19,-2.300328E+19
21.72045,1.647423E+19,-2.299284E+19
21.75236,1.647095E+19,-2.298078E+19
21.77598,1.646853E+19,-2.296454E+19
21.79902,1.646595E+19,-2.295148E+19
21.81751,1.646372E+19,-2.29417E+19
21.83698,1.646148E+19,-2.293099E+19
21.8554,1.645928E+19,-2.292082E+19
21.87327,1.645714E+19,-2.291173E+19
21.89892,1.645451E+19,-2.289883E+19
21.92101,1.645225E+19,-2.288766E+19
21.93918,1.645044E+19,-2.288024E+19
21.96535,1.644959E+19,-2.286748E+19
21.986,1.64487E+19,-2.285571E+19
22.00839,1.644622E+19,-2.28449E+19
22.03201,1.644377E+19,-2.283395E+19
22.05289,1.644126E+19,-2.282304E+19
22.07203,1.643882E+19,-2.281343E+19
22.09019,1.64367E+19,-2.280456E+19
22.11554,1.643361E+19,-2.279056E+19
22.13535,1.643125E+19,-2.278009E+19
22.15739,1.642878E+19,-2.276894E+19
22.18271,1.642608E+19,-2.275611E+19
22.20307,1.642402E+19,-2.274653E+19
22.22259,1.642216E+19,-2.273657E+19
22.25187,1.641956E+19,-2.272085E+19
22.2717,1.641748E+19,-2.271022E+19
22.29018,1.64154E+19,-2.27005E+19
22.31619,1.641288E+19,-2.268744E+19
22.34453,1.641092E+19,-2.267398E+19
22.36526,1.640852E+19,-2.266127E+19
22.38421,1.640582E+19,-2.265168E+19
22.40382,1.640366E+19,-2.264072E+19
22.42213,1.640172E+19,-2.26309E+19
22.44042,1.639973E+19,-2.262128E+19
22.46654,1.639697E+19,-2.260756E+19
22.48675,1.639478E+19,-2.259659E+19
22.50626,1.63924E+19,-2.258567E+19
22.53183,1.63893E+19,-2.257176E+19
22.55117,1.638709E+19,-2.256141E+19
22.56994,1.638487E+19,-2.255165E+19
22.58852,1.638275E+19,-2.254225E+19
22.61613,1.637959E+19,-2.252703E+19
22.63758,1.637701E+19,-2.251546E+19
22.65868,1.63743E+19,-2.250442E+19
22.6819,1.637131E+19,-2.249186E+19
22.70195,1.63688E+19,-2.248136E+19
22.72124,1.636652E+19,-2.247208E+19
22.73925,1.636453E+19,-2.246224E+19
22.77795,1.636077E+19,-2.244072E+19
22.79987,1.635832E+19,-2.242965E+19
22.82294,1.635483E+19,-2.241618E+19
22.84877,1.635175E+19,-2.240278E+19
22.87007,1.634955E+19,-2.239176E+19
22.89046,1.634748E+19,-2.238081E+19
22.9163,1.634471E+19,-2.236673E+19
22.93602,1.634244E+19,-2.235788E+19
22.9563,1.634023E+19,-2.234598E+19
22.98246,1.633738E+19,-2.233238E+19
23.00461,1.633465E+19,-2.232193E+19
23.02322,1.633228E+19,-2.231076E+19
23.04877,1.632882E+19,-2.229597E+19
23.07166,1.63259E+19,-2.228349E+19
23.09044,1.632367E+19,-2.227335E+19
23.11509,1.632072E+19,-2.225984E+19
23.13424,1.631823E+19,-2.224888E+19
23.15551,1.631537E+19,-2.223686E+19
23.18386,1.631164E+19,-2.222068E+19
23.20419,1.630915E+19,-2.220986E+19
23.22323,1.630694E+19,-2.220022E+19
23.24895,1.630414E+19,-2.21863E+19
23.28251,1.630035E+19,-2.21694E+19
23.30159,1.629807E+19,-2.215976E+19
23.3208,1.629633E+19,-2.214855E+19
23.33973,1.629441E+19,-2.213722E+19
23.36532,1.629048E+19,-2.212365E+19
23.3882,1.628721E+19,-2.211355E+19
23.40824,1.628497E+19,-2.210294E+19
23.43146,1.628341E+19,-2.20903E+19
23.45046,1.628107E+19,-2.20811E+19
23.47112,1.627698E+19,-2.206621E+19
23.4917,1.627453E+19,-2.205316E+19
23.51494,1.62712E+19,-2.203902E+19
23.53378,1.626851E+19,-2.202812E+19
23.55326,1.626573E+19,-2.201686E+19
23.57291,1.626286E+19,-2.200538E+19
23.59851,1.625925E+19,-2.199068E+19
23.62007,1.625627E+19,-2.19788E+19
23.65075,1.625244E+19,-2.196134E+19
23.6722,1.624944E+19,-2.194855E+19
23.69802,1.624559E+19,-2.193378E+19
23.71743,1.62429E+19,-2.192325E+19
23.73671,1.624043E+19,-2.19142E+19
23.75648,1.623848E+19,-2.19023E+19
23.79172,1.623385E+19,-2.188148E+19
23.81298,1.62302E+19,-2.186958E+19
23.83311,1.622748E+19,-2.185823E+19
23.85211,1.622495E+19,-2.184757E+19
23.87211,1.622224E+19,-2.183635E+19
23.89812,1.62189E+19,-2.182168E+19
23.91975,1.621614E+19,-2.180922E+19
23.93786,1.621376E+19,-2.179853E+19
23.96669,1.620956E+19,-2.178201E+19
23.98903,1.620626E+19,-2.176951E+19
24.02005,1.620191E+19,-2.175238E+19
24.04195,1.61989E+19,-2.174071E+19
24.06479,1.619578E+19,-2.172863E+19
24.08526,1.619291E+19,-2.171651E+19
24.10476,1.619036E+19,-2.170575E+19
24.123,1.618813E+19,-2.169408E+19
24.14851,1.618426E+19,-2.167791E+19
24.1718,1.618049E+19,-2.166456E+19
24.19871,1.617668E+19,-2.164828E+19
24.21814,1.617399E+19,-2.163677E+19
24.23739,1.617143E+19,-2.162634E+19
24.25539,1.616916E+19,-2.161567E+19
24.28174,1.61656E+19,-2.160015E+19
24.31469,1.616073E+19,-2.158232E+19
24.33403,1.615826E+19,-2.157159E+19
24.35268,1.615588E+19,-2.156079E+19
24.37089,1.615346E+19,-2.154989E+19
24.38848,1.615099E+19,-2.153868E+19
24.40628,1.614834E+19,-2.152763E+19
24.43106,1.614471E+19,-2.151347E+19
24.44963,1.614184E+19,-2.150202E+19
24.46927,1.613891E+19,-2.149021E+19
24.49023,1.613598E+19,-2.14782E+19
24.51424,1.613276E+19,-2.146433E+19
24.5376,1.612954E+19,-2.145111E+19
24.56056,1.612646E+19,-2.143927E+19
24.58102,1.612415E+19,-2.143072E+19
24.60363,1.612168E+19,-2.141628E+19
24.62619,1.611848E+19,-2.140057E+19
24.65135,1.611486E+19,-2.138371E+19
24.67573,1.61116E+19,-2.136934E+19
24.69881,1.610854E+19,-2.135527E+19
24.71978,1.610563E+19,-2.134169E+19
24.73842,1.6103E+19,-2.13305E+19
24.76576,1.609942E+19,-2.131505E+19
24.78687,1.609679E+19,-2.13037E+19
24.81693,1.609224E+19,-2.128534E+19
24.83641,1.608946E+19,-2.127545E+19
24.85605,1.608768E+19,-2.126371E+19
24.88154,1.608523E+19,-2.124919E+19
24.90088,1.6082E+19,-2.124045E+19
24.92012,1.607929E+19,-2.122877E+19
24.93901,1.607666E+19,-2.121668E+19
24.96446,1.607311E+19,-2.120047E+19
24.98434,1.607052E+19,-2.118859E+19
25.00366,1.606787E+19,-2.117735E+19
25.02195,1.606535E+19,-2.116693E+19
25.048,1.60618E+19,-2.115185E+19
25.06697,1.605922E+19,-2.114069E+19
25.08824,1.605625E+19,-2.112796E+19
25.11474,1.605244E+19,-2.111272E+19
25.13576,1.604943E+19,-2.110159E+19
25.15854,1.604635E+19,-2.108908E+19
25.18209,1.604324E+19,-2.107513E+19
25.20765,1.604044E+19,-2.106059E+19
25.2313,1.603746E+19,-2.104641E+19
25.25059,1.603472E+19,-2.103614E+19
25.26955,1.603231E+19,-2.102569E+19
25.28818,1.603003E+19,-2.101388E+19
25.31711,1.602619E+19,-2.099601E+19
25.33587,1.602364E+19,-2.098485E+19
25.35432,1.602133E+19,-2.097454E+19
25.37288,1.6019E+19,-2.096519E+19
25.39807,1.601594E+19,-2.094834E+19
25.41985,1.601292E+19,-2.093372E+19
25.43853,1.60099E+19,-2.09213E+19
25.45595,1.600701E+19,-2.091007E+19
25.48149,1.600295E+19,-2.089413E+19
25.50234,1.599979E+19,-2.088127E+19
25.52053,1.599705E+19,-2.08702E+19
25.53823,1.599444E+19,-2.085952E+19
25.5648,1.599064E+19,-2.084428E+19
25.59022,1.598726E+19,-2.083007E+19
25.61551,1.598367E+19,-2.081852E+19
25.63564,1.598256E+19,-2.080335E+19
25.65838,1.598255E+19,-2.078961E+19
25.68563,1.597863E+19,-2.077296E+19
25.70684,1.597536E+19,-2.075953E+19
25.73076,1.597165E+19,-2.074558E+19
25.75138,1.596885E+19,-2.073457E+19
25.77157,1.59664E+19,-2.072677E+19
25.79815,1.596306E+19,-2.070738E+19
25.82888,1.596317E+19,-2.068881E+19
25.85027,1.596025E+19,-2.067536E+19
25.86964,1.595778E+19,-2.06621E+19
25.88862,1.595543E+19,-2.064995E+19
25.91469,1.595297E+19,-2.063083E+19
25.93407,1.595067E+19,-2.061758E+19
25.95346,1.594762E+19,-2.060522E+19
25.97235,1.59449E+19,-2.059344E+19
25.99781,1.594136E+19,-2.057828E+19
26.0229,1.59379E+19,-2.056154E+19
26.04778,1.593414E+19,-2.054435E+19
26.06943,1.59308E+19,-2.053036E+19
26.08871,1.592797E+19,-2.051821E+19
26.11548,1.592423E+19,-2.050261E+19
26.13943,1.592056E+19,-2.048726E+19
26.16422,1.591689E+19,-2.0472E+19
26.18442,1.591449E+19,-2.045995E+19
26.20475,1.591178E+19,-2.044756E+19
26.22344,1.590904E+19,-2.043519E+19
26.24821,1.590535E+19,-2.04191E+19
26.27016,1.590223E+19,-2.040548E+19
26.28969,1.589954E+19,-2.039316E+19
26.33258,1.589373E+19,-2.03663E+19
26.36202,1.588979E+19,-2.034758E+19
26.3921,1.588571E+19,-2.03288E+19
26.41444,1.588258E+19,-2.031489E+19
26.43415,1.588001E+19,-2.030325E+19
26.45548,1.587756E+19,-2.029139E+19
26.48174,1.587509E+19,-2.027499E+19
26.50482,1.587279E+19,-2.026084E+19
26.53136,1.586933E+19,-2.024468E+19
26.55233,1.586665E+19,-2.023217E+19
26.57178,1.586414E+19,-2.022067E+19
26.598,1.586071E+19,-2.020529E+19
26.61912,1.585791E+19,-2.019306E+19
26.64007,1.585499E+19,-2.018229E+19
26.66639,1.585156E+19,-2.016525E+19
26.6876,1.585006E+19,-2.015264E+19
26.71396,1.584718E+19,-2.013768E+19
26.73387,1.584482E+19,-2.012451E+19
26.75333,1.584247E+19,-2.011162E+19
26.77242,1.583998E+19,-2.009951E+19
26.79747,1.583655E+19,-2.008398E+19
26.81674,1.583395E+19,-2.007225E+19
26.84785,1.582978E+19,-2.005399E+19
26.86761,1.582723E+19,-2.004238E+19
26.89054,1.582421E+19,-2.002861E+19
26.91395,1.582111E+19,-2.001477E+19
26.93359,1.581858E+19,-2.000362E+19
26.95327,1.581619E+19,-1.999266E+19
26.97262,1.581393E+19,-1.998194E+19
26.99792,1.5811E+19,-1.996762E+19
27.02009,1.58083E+19,-1.995453E+19
27.03917,1.580568E+19,-1.994322E+19
27.06452,1.580221E+19,-1.992881E+19
27.08651,1.579963E+19,-1.991574E+19
27.10624,1.57975E+19,-1.990334E+19
27.13116,1.579425E+19,-1.988825E+19
27.15263,1.579137E+19,-1.987579E+19
27.17361,1.578874E+19,-1.986378E+19
27.19816,1.578574E+19,-1.984942E+19
27.21902,1.578323E+19,-1.983684E+19
27.23787,1.578095E+19,-1.982567E+19
27.26394,1.577778E+19,-1.981081E+19
27.28526,1.577525E+19,-1.979849E+19
27.30425,1.577302E+19,-1.978729E+19
27.3227,1.577078E+19,-1.977701E+19
27.36361,1.576591E+19,-1.975484E+19
27.38263,1.576366E+19,-1.97446E+19
27.40245,1.576101E+19,-1.973201E+19
27.42139,1.57583E+19,-1.972085E+19
27.44786,1.57548E+19,-1.970616E+19
27.47474,1.575144E+19,-1.969203E+19
27.49756,1.57485E+19,-1.967789E+19
27.51698,1.574595E+19,-1.966537E+19
27.53621,1.574325E+19,-1.965389E+19
27.55514,1.574071E+19,-1.964244E+19
27.58024,1.573762E+19,-1.962708E+19
27.60013,1.573483E+19,-1.961507E+19
27.62105,1.573188E+19,-1.960254E+19
27.64762,1.572815E+19,-1.958664E+19
27.67101,1.572489E+19,-1.957288E+19
27.69833,1.572121E+19,-1.955766E+19
27.72199,1.571839E+19,-1.954435E+19
27.74816,1.571519E+19,-1.95295E+19
27.76988,1.571239E+19,-1.95172E+19
27.79483,1.570918E+19,-1.950295E+19
27.81503,1.570666E+19,-1.949147E+19
27.83407,1.570429E+19,-1.948077E+19
27.86471,1.570057E+19,-1.946373E+19
27.88499,1.569816E+19,-1.94527E+19
27.90603,1.569565E+19,-1.944101E+19
27.93143,1.569256E+19,-1.942651E+19
27.9513,1.569008E+19,-1.941546E+19
27.97093,1.568756E+19,-1.940475E+19
27.99723,1.568431E+19,-1.939104E+19
28.01946,1.56817E+19,-1.938085E+19
28.03922,1.568066E+19,-1.936912E+19
28.06444,1.568064E+19,-1.935564E+19
28.08493,1.56781E+19,-1.934537E+19
28.10595,1.567508E+19,-1.933221E+19
28.13159,1.567192E+19,-1.931774E+19
28.15449,1.566912E+19,-1.930493E+19
28.17567,1.566648E+19,-1.929329E+19
28.20195,1.566323E+19,-1.927933E+19
28.22256,1.56608E+19,-1.92686E+19
28.24714,1.565793E+19,-1.925501E+19
28.26697,1.565553E+19,-1.924444E+19
28.28864,1.565276E+19,-1.923295E+19
28.31415,1.564939E+19,-1.921926E+19
28.33613,1.564655E+19,-1.920783E+19
28.36932,1.56425E+19,-1.919129E+19
28.38781,1.564031E+19,-1.918184E+19
28.41403,1.563752E+19,-1.916722E+19
28.43329,1.563548E+19,-1.915723E+19
28.45413,1.563302E+19,-1.914781E+19
28.48098,1.563156E+19,-1.913189E+19
28.50266,1.563095E+19,-1.912048E+19
28.52163,1.562855E+19,-1.911068E+19
28.54827,1.56253E+19,-1.909698E+19
28.57876,1.56216E+19,-1.908179E+19
28.60601,1.561832E+19,-1.906819E+19
28.63766,1.561465E+19,-1.905219E+19
28.66758,1.561113E+19,-1.903677E+19
28.69313,1.560823E+19,-1.90244E+19
28.72631,1.560546E+19,-1.900668E+19
28.75449,1.560285E+19,-1.899182E+19
28.78279,1.55992E+19,-1.897807E+19
28.80589,1.559647E+19,-1.896654E+19
28.83115,1.559335E+19,-1.895329E+19
28.85148,1.559085E+19,-1.894289E+19
28.88683,1.558673E+19,-1.892405E+19
28.91183,1.558387E+19,-1.891147E+19
28.93789,1.558097E+19,-1.889908E+19
28.96528,1.55779E+19,-1.888437E+19
28.99221,1.557468E+19,-1.887038E+19
29.01729,1.557165E+19,-1.885774E+19
29.03719,1.556936E+19,-1.884789E+19
29.06411,1.556626E+19,-1.883481E+19
29.08349,1.556414E+19,-1.882527E+19
29.10431,1.556183E+19,-1.881499E+19
29.13069,1.555882E+19,-1.880213E+19
29.1572,1.555587E+19,-1.878907E+19
29.18511,1.555269E+19,-1.87751E+19
29.20472,1.555038E+19,-1.876551E+19
29.23368,1.554686E+19,-1.875202E+19
29.25675,1.554426E+19,-1.8742E+19
29.27652,1.554194E+19,-1.873175E+19
29.30003,1.553971E+19,-1.871994E+19
29.32426,1.553722E+19,-1.870813E+19
29.35484,1.553367E+19,-1.869403E+19
29.39272,1.552979E+19,-1.867564E+19
29.42435,1.552646E+19,-1.86602E+19
29.45415,1.552266E+19,-1.864594E+19
29.48771,1.551877E+19,-1.862978E+19
29.52021,1.551533E+19,-1.861343E+19
29.55007,1.551216E+19,-1.85984E+19
29.58073,1.550872E+19,-1.858348E+19
29.60501,1.550593E+19,-1.857196E+19
29.63628,1.550247E+19,-1.855721E+19
29.66772,1.549906E+19,-1.85423E+19
29.69521,1.549607E+19,-1.852957E+19
29.72379,1.549295E+19,-1.851609E+19
29.75187,1.549008E+19,-1.850242E+19
29.77776,1.548735E+19,-1.848986E+19
29.80202,1.548458E+19,-1.847816E+19
29.82401,1.548197E+19,-1.846761E+19
29.84676,1.547915E+19,-1.845662E+19
29.86676,1.547672E+19,-1.844719E+19
29.89885,1.547305E+19,-1.843176E+19
29.93134,1.546964E+19,-1.841583E+19
29.96479,1.546596E+19,-1.840041E+19
29.99912,1.546201E+19,-1.838453E+19
30.03295,1.545812E+19,-1.836988E+19
30.06541,1.545451E+19,-1.835543E+19
30.09902,1.545091E+19,-1.834054E+19
30.13203,1.544779E+19,-1.83255E+19
30.16733,1.544428E+19,-1.831421E+19
30.20094,1.545942E+19,-1.829434E+19
30.23455,1.549566E+19,-1.827674E+19
30.26772,1.549139E+19,-1.826072E+19
30.30002,1.54879E+19,-1.824483E+19
30.32037,1.548563E+19,-1.823517E+19
30.34791,1.548245E+19,-1.822235E+19
30.36831,1.548022E+19,-1.821255E+19
30.40578,1.54763E+19,-1.819495E+19
30.42499,1.547438E+19,-1.818599E+19
30.44711,1.54723E+19,-1.817587E+19
30.46882,1.547015E+19,-1.816524E+19
30.48784,1.546806E+19,-1.815625E+19
30.51342,1.546548E+19,-1.81443E+19
30.53283,1.546348E+19,-1.813525E+19
30.55117,1.546163E+19,-1.812686E+19
30.56922,1.545979E+19,-1.811879E+19
30.58723,1.545803E+19,-1.811104E+19
30.61319,1.545567E+19,-1.810024E+19
30.63515,1.545364E+19,-1.808984E+19
30.65565,1.545155E+19,-1.808077E+19
30.67981,1.544891E+19,-1.807014E+19
30.70009,1.544667E+19,-1.806043E+19
30.71907,1.54445E+19,-1.805148E+19
30.73682,1.544262E+19,-1.804328E+19
30.76417,1.543977E+19,-1.803082E+19
30.7902,1.543713E+19,-1.801913E+19
30.81301,1.543494E+19,-1.800904E+19
30.83194,1.543302E+19,-1.800101E+19
30.85021,1.543122E+19,-1.799371E+19
30.8686,1.542935E+19,-1.7986E+19
30.88716,1.542758E+19,-1.797849E+19
30.92978,1.542431E+19,-1.795869E+19
30.94916,1.542268E+19,-1.794904E+19
30.96902,1.542038E+19,-1.793962E+19
30.98795,1.541827E+19,-1.793094E+19
31.01382,1.541548E+19,-1.792017E+19
31.03349,1.541347E+19,-1.79124E+19
31.0537,1.541132E+19,-1.790191E+19
31.07994,1.540845E+19,-1.788977E+19
31.09941,1.540654E+19,-1.788132E+19
31.11911,1.540458E+19,-1.78731E+19
31.13998,1.540249E+19,-1.786487E+19
31.1676,1.539999E+19,-1.785315E+19
31.1876,1.539827E+19,-1.78443E+19
31.21356,1.539591E+19,-1.783295E+19
31.23418,1.539395E+19,-1.782386E+19
31.25375,1.539207E+19,-1.781548E+19
31.28076,1.538971E+19,-1.780419E+19
31.30285,1.538787E+19,-1.779505E+19
31.32186,1.538633E+19,-1.778746E+19
31.34629,1.538452E+19,-1.777797E+19
31.36749,1.538363E+19,-1.776756E+19
31.39139,1.538253E+19,-1.775601E+19
31.42618,1.53788E+19,-1.774049E+19
31.44721,1.537677E+19,-1.773117E+19
31.46679,1.537497E+19,-1.772212E+19
31.48578,1.537313E+19,-1.771328E+19
31.51331,1.537017E+19,-1.770055E+19
31.5323,1.536817E+19,-1.769195E+19
31.55178,1.536613E+19,-1.76833E+19
31.57094,1.536417E+19,-1.767498E+19
31.59575,1.536171E+19,-1.766434E+19
31.61453,1.535987E+19,-1.765622E+19
31.63456,1.535792E+19,-1.764762E+19
31.65604,1.535571E+19,-1.763851E+19
31.68079,1.535317E+19,-1.762803E+19
31.70322,1.535096E+19,-1.761855E+19
31.72287,1.534902E+19,-1.761042E+19
31.74647,1.534672E+19,-1.760094E+19
31.76838,1.534465E+19,-1.759222E+19
31.78689,1.534285E+19,-1.75846E+19
31.81337,1.534032E+19,-1.757355E+19
31.83852,1.533783E+19,-1.756291E+19
31.86259,1.533548E+19,-1.755298E+19
31.88122,1.53337E+19,-1.754544E+19
31.9047,1.533155E+19,-1.753607E+19
31.937,1.53287E+19,-1.752445E+19
31.95942,1.53271E+19,-1.751603E+19
31.98269,1.5325E+19,-1.750928E+19
32.00731,1.532505E+19,-1.749367E+19
32.03152,1.533621E+19,-1.748341E+19
32.05193,1.533456E+19,-1.747531E+19
32.07126,1.533286E+19,-1.746772E+19
32.0962,1.533075E+19,-1.745789E+19
32.11642,1.532895E+19,-1.744959E+19
32.13626,1.532716E+19,-1.744136E+19
32.16666,1.532456E+19,-1.742929E+19
32.18904,1.532266E+19,-1.742088E+19
32.21264,1.532064E+19,-1.741262E+19
32.23344,1.531884E+19,-1.740345E+19
32.25539,1.531712E+19,-1.739472E+19
32.28084,1.531492E+19,-1.738476E+19
32.30339,1.531308E+19,-1.73763E+19
32.33004,1.53107E+19,-1.73648E+19
32.35405,1.530838E+19,-1.735511E+19
32.3801,1.530596E+19,-1.734505E+19
32.39946,1.530426E+19,-1.733795E+19
32.41898,1.530244E+19,-1.733E+19
32.44947,1.529953E+19,-1.731774E+19
32.46945,1.529768E+19,-1.731027E+19
32.49632,1.529548E+19,-1.73002E+19
32.51596,1.529388E+19,-1.729305E+19
32.53508,1.529248E+19,-1.728654E+19
32.55384,1.529119E+19,-1.727906E+19
32.57975,1.528926E+19,-1.726941E+19
32.599,1.528743E+19,-1.726197E+19
32.61799,1.528573E+19,-1.725434E+19
32.63731,1.528409E+19,-1.724691E+19
32.66302,1.528203E+19,-1.723682E+19
32.68785,1.527987E+19,-1.722674E+19
32.71309,1.527753E+19,-1.721654E+19
32.73453,1.527552E+19,-1.720759E+19
32.75394,1.527372E+19,-1.719967E+19
32.77958,1.527135E+19,-1.718938E+19
32.80021,1.526952E+19,-1.718135E+19
32.82088,1.526777E+19,-1.717362E+19
32.84748,1.526571E+19,-1.716304E+19
32.86815,1.526401E+19,-1.715499E+19
32.88836,1.526229E+19,-1.714729E+19
32.91317,1.52602E+19,-1.713792E+19
32.93248,1.525862E+19,-1.713094E+19
32.96516,1.525616E+19,-1.711959E+19
32.98601,1.52548E+19,-1.711176E+19
33.00548,1.525342E+19,-1.710432E+19
33.03001,1.525142E+19,-1.709519E+19
33.05038,1.524967E+19,-1.70877E+19
33.071,1.524783E+19,-1.70804E+19
33.09714,1.52456E+19,-1.707069E+19
33.11891,1.524383E+19,-1.706301E+19
33.14238,1.524202E+19,-1.705427E+19
33.16992,1.524007E+19,-1.704442E+19
33.1968,1.523818E+19,-1.703439E+19
33.22318,1.523609E+19,-1.702522E+19
33.2481,1.523413E+19,-1.701654E+19
33.27283,1.523253E+19,-1.700518E+19
33.29801,1.52307E+19,-1.699508E+19
33.31768,1.522898E+19,-1.698791E+19
33.33717,1.522733E+19,-1.698114E+19
33.36208,1.522497E+19,-1.697174E+19
33.38142,1.522321E+19,-1.696546E+19
33.40145,1.522166E+19,-1.695885E+19
33.42057,1.522033E+19,-1.695261E+19
33.44601,1.521763E+19,-1.694083E+19
33.4827,1.521499E+19,-1.692768E+19
33.50278,1.52135E+19,-1.692077E+19
33.52117,1.521214E+19,-1.691456E+19
33.54546,1.521038E+19,-1.69065E+19
33.56484,1.520896E+19,-1.690015E+19
33.58608,1.520748E+19,-1.689344E+19
33.61263,1.520579E+19,-1.688418E+19
33.63193,1.520453E+19,-1.687748E+19
33.65243,1.520302E+19,-1.687013E+19
33.68061,1.520094E+19,-1.686074E+19
33.70477,1.519927E+19,-1.685201E+19
33.72919,1.519802E+19,-1.684339E+19
33.74835,1.51969E+19,-1.683636E+19
33.76756,1.519558E+19,-1.682975E+19
33.78714,1.519414E+19,-1.682318E+19
33.81224,1.519234E+19,-1.681504E+19
33.83334,1.51908E+19,-1.680847E+19
33.85335,1.518936E+19,-1.680196E+19
33.87951,1.518745E+19,-1.679365E+19
33.89875,1.518603E+19,-1.678612E+19
33.91988,1.518465E+19,-1.677949E+19
33.94584,1.518289E+19,-1.676841E+19
33.96487,1.518157E+19,-1.676085E+19
33.99689,1.517919E+19,-1.674876E+19
34.01635,1.517763E+19,-1.674173E+19
34.03651,1.517597E+19,-1.673474E+19
34.06194,1.517399E+19,-1.672596E+19
34.08198,1.517243E+19,-1.671887E+19
34.10305,1.517071E+19,-1.671145E+19
34.13018,1.516861E+19,-1.670187E+19
34.15308,1.516682E+19,-1.669331E+19
34.17918,1.516482E+19,-1.668376E+19
34.20284,1.5163E+19,-1.667523E+19
34.2284,1.516093E+19,-1.666574E+19
34.25385,1.515885E+19,-1.665644E+19
34.27868,1.515686E+19,-1.664752E+19
34.30384,1.515488E+19,-1.663883E+19
34.32985,1.515285E+19,-1.663015E+19
34.35376,1.515099E+19,-1.662168E+19
34.37873,1.514916E+19,-1.6613E+19
34.39841,1.514769E+19,-1.660601E+19
34.41883,1.514605E+19,-1.659905E+19
34.43851,1.514463E+19,-1.659255E+19
34.46209,1.514297E+19,-1.658498E+19
34.48182,1.514159E+19,-1.657857E+19
34.51625,1.513915E+19,-1.656714E+19
34.53677,1.513767E+19,-1.656022E+19
34.56206,1.513595E+19,-1.655247E+19
34.58173,1.513524E+19,-1.65455E+19
34.60191,1.513409E+19,-1.653753E+19
34.62185,1.513219E+19,-1.653067E+19
34.64599,1.513033E+19,-1.652276E+19
34.6701,1.512865E+19,-1.651594E+19
34.69622,1.512667E+19,-1.650646E+19
34.71991,1.512481E+19,-1.649855E+19
34.74642,1.512289E+19,-1.648865E+19
34.76735,1.512137E+19,-1.648155E+19
34.78796,1.511984E+19,-1.64748E+19
34.81311,1.511806E+19,-1.64667E+19
34.83364,1.511661E+19,-1.645991E+19
34.85363,1.511522E+19,-1.645328E+19
34.87896,1.511347E+19,-1.644522E+19
34.90311,1.511173E+19,-1.643774E+19
34.93354,1.510961E+19,-1.642903E+19
34.95996,1.510785E+19,-1.642016E+19
34.98359,1.510611E+19,-1.641307E+19
35.01968,1.510351E+19,-1.640126E+19
35.03786,1.510233E+19,-1.639554E+19
35.06315,1.510063E+19,-1.638793E+19
35.08511,1.509926E+19,-1.638149E+19
35.10367,1.509813E+19,-1.637734E+19
35.12881,1.509661E+19,-1.636717E+19
35.15005,1.509517E+19,-1.635929E+19
35.17409,1.509316E+19,-1.635136E+19
35.19867,1.509128E+19,-1.634347E+19
35.2203,1.50896E+19,-1.63369E+19
35.24627,1.50877E+19,-1.632976E+19
35.26933,1.508578E+19,-1.632051E+19
35.29644,1.50837E+19,-1.631123E+19
35.31816,1.508219E+19,-1.630403E+19
35.33777,1.508073E+19,-1.629749E+19
35.36225,1.507896E+19,-1.628943E+19
35.38423,1.507738E+19,-1.628208E+19
35.40439,1.507586E+19,-1.627538E+19
35.43271,1.507375E+19,-1.626633E+19
35.45863,1.50718E+19,-1.625838E+19
35.48053,1.507026E+19,-1.625158E+19
35.50253,1.50686E+19,-1.624462E+19
35.54,1.506577E+19,-1.623286E+19
35.56087,1.506427E+19,-1.622631E+19
35.58139,1.50628E+19,-1.62198E+19
35.60223,1.506128E+19,-1.621308E+19
35.62303,1.505984E+19,-1.620628E+19
35.64613,1.505828E+19,-1.619898E+19
35.6681,1.505685E+19,-1.619209E+19
35.69608,1.505496E+19,-1.618268E+19
35.71858,1.50532E+19,-1.617527E+19
35.73724,1.505177E+19,-1.616932E+19
35.7625,1.504988E+19,-1.616165E+19
35.78608,1.504826E+19,-1.615499E+19
35.81202,1.50466E+19,-1.614816E+19
35.83377,1.504529E+19,-1.614195E+19
35.85384,1.504392E+19,-1.613551E+19
35.87899,1.504194E+19,-1.612662E+19
35.89894,1.504034E+19,-1.61203E+19
35.91829,1.503896E+19,-1.611438E+19
35.93731,1.503759E+19,-1.610881E+19
35.96211,1.503589E+19,-1.610145E+19
35.9842,1.503444E+19,-1.609468E+19
36.00483,1.503303E+19,-1.608832E+19
36.02836,1.503143E+19,-1.608132E+19
36.05906,1.502933E+19,-1.607293E+19
36.07988,1.502793E+19,-1.606784E+19
36.09969,1.502684E+19,-1.606257E+19
36.12,1.502639E+19,-1.605652E+19
36.14525,1.502532E+19,-1.604779E+19
36.16924,1.502353E+19,-1.604025E+19
36.19637,1.502175E+19,-1.60318E+19
36.21766,1.502032E+19,-1.602499E+19
36.23615,1.501913E+19,-1.601909E+19
36.26369,1.501731E+19,-1.601039E+19
36.28941,1.501563E+19,-1.600248E+19
36.31183,1.501409E+19,-1.599567E+19
36.33112,1.501281E+19,-1.598985E+19
36.35077,1.501148E+19,-1.598399E+19
36.37034,1.501014E+19,-1.597819E+19
36.39619,1.500843E+19,-1.597074E+19
36.41774,1.500703E+19,-1.596457E+19
36.4358,1.500585E+19,-1.595954E+19
36.46233,1.500422E+19,-1.595241E+19
36.48438,1.500298E+19,-1.594697E+19
36.51303,1.500145E+19,-1.593821E+19
36.53528,1.499942E+19,-1.593004E+19
36.57589,1.499556E+19,-1.591756E+19
36.60035,1.499377E+19,-1.591043E+19
36.62099,1.499235E+19,-1.590461E+19
36.64652,1.499065E+19,-1.589776E+19
36.67944,1.498864E+19,-1.588844E+19
36.70516,1.498679E+19,-1.588026E+19
36.72887,1.4985E+19,-1.587321E+19
36.74899,1.498371E+19,-1.586731E+19
36.76952,1.498232E+19,-1.586131E+19
36.79551,1.498066E+19,-1.585383E+19
36.81751,1.497925E+19,-1.584768E+19
36.83702,1.497813E+19,-1.584267E+19
36.86149,1.497685E+19,-1.583601E+19
36.8821,1.49757E+19,-1.582961E+19
36.90219,1.497439E+19,-1.582303E+19
36.92809,1.497258E+19,-1.581535E+19
36.94855,1.497124E+19,-1.580958E+19
36.97077,1.496984E+19,-1.580348E+19
36.99465,1.496834E+19,-1.579688E+19
37.01624,1.496692E+19,-1.579082E+19
37.03809,1.496546E+19,-1.578483E+19
37.06161,1.496411E+19,-1.577843E+19
37.09809,1.496216E+19,-1.576807E+19
37.11917,1.496071E+19,-1.576152E+19
37.14683,1.495865E+19,-1.575366E+19
37.18007,1.495645E+19,-1.574461E+19
37.20542,1.495471E+19,-1.573746E+19
37.22945,1.495308E+19,-1.573075E+19
37.25086,1.495166E+19,-1.572494E+19
37.26987,1.495044E+19,-1.571992E+19
37.29424,1.4949E+19,-1.571358E+19
37.31481,1.494779E+19,-1.570835E+19
37.33547,1.494669E+19,-1.570314E+19
37.36127,1.494543E+19,-1.56964E+19
37.38166,1.494424E+19,-1.569044E+19
37.40248,1.494273E+19,-1.56844E+19
37.42947,1.494078E+19,-1.567698E+19
37.44916,1.493954E+19,-1.567183E+19
37.46978,1.493829E+19,-1.566648E+19
37.49493,1.493683E+19,-1.56601E+19
37.51515,1.493568E+19,-1.565573E+19
37.53576,1.493506E+19,-1.565485E+19
37.56145,1.493527E+19,-1.564223E+19
37.58097,1.494351E+19,-1.563738E+19
37.61288,1.494202E+19,-1.562867E+19
37.63322,1.494083E+19,-1.562297E+19
37.65335,1.493972E+19,-1.561785E+19
37.67887,1.493848E+19,-1.561127E+19
37.69954,1.493755E+19,-1.56057E+19
37.7197,1.493657E+19,-1.560009E+19
37.74516,1.493508E+19,-1.559327E+19
37.76609,1.493381E+19,-1.558773E+19
37.7857,1.493262E+19,-1.558262E+19
37.81131,1.493112E+19,-1.557601E+19
37.8311,1.492995E+19,-1.557064E+19
37.85118,1.492862E+19,-1.5565E+19
37.87083,1.492732E+19,-1.555948E+19
37.89546,1.492567E+19,-1.555281E+19
37.91645,1.492432E+19,-1.554707E+19
37.93556,1.492312E+19,-1.554191E+19
37.96131,1.492151E+19,-1.553501E+19
37.9807,1.492031E+19,-1.552981E+19
38.00611,1.491874E+19,-1.552307E+19
38.02838,1.49174E+19,-1.551726E+19
38.04753,1.491631E+19,-1.551233E+19
38.0682,1.491516E+19,-1.550678E+19
38.0871,1.491418E+19,-1.55016E+19
38.12414,1.491217E+19,-1.549202E+19
38.14811,1.491095E+19,-1.548603E+19
38.17041,1.490978E+19,-1.547999E+19
38.19555,1.49082E+19,-1.547333E+19
38.21756,1.490674E+19,-1.546775E+19
38.23611,1.490559E+19,-1.546312E+19
38.26093,1.490411E+19,-1.545695E+19
38.28025,1.4903E+19,-1.545225E+19
38.29962,1.490192E+19,-1.544762E+19
38.31884,1.49009E+19,-1.544307E+19
38.34469,1.489955E+19,-1.543689E+19
38.36425,1.489857E+19,-1.543219E+19
38.38356,1.489753E+19,-1.542744E+19
38.40237,1.489654E+19,-1.54229E+19
38.42783,1.489525E+19,-1.541718E+19
38.45352,1.489392E+19,-1.54111E+19
38.47776,1.489246E+19,-1.540452E+19
38.49903,1.489121E+19,-1.539879E+19
38.51884,1.489009E+19,-1.539337E+19
38.54509,1.488849E+19,-1.538629E+19
38.56894,1.488701E+19,-1.537994E+19
38.59516,1.488544E+19,-1.537314E+19
38.62688,1.488361E+19,-1.536531E+19
38.64845,1.488236E+19,-1.536024E+19
38.66955,1.488123E+19,-1.535556E+19
38.6945,1.487994E+19,-1.534927E+19
38.71469,1.487883E+19,-1.534417E+19
38.7349,1.487772E+19,-1.533899E+19
38.75345,1.487675E+19,-1.533424E+19
38.77831,1.487541E+19,-1.53278E+19
38.79721,1.487437E+19,-1.532302E+19
38.81657,1.487335E+19,-1.531813E+19
38.84264,1.487195E+19,-1.531186E+19
38.86256,1.4871E+19,-1.530778E+19
38.88448,1.487066E+19,-1.530266E+19
38.90344,1.486913E+19,-1.529623E+19
38.92833,1.486687E+19,-1.528988E+19
38.95083,1.486555E+19,-1.528426E+19
38.97016,1.486448E+19,-1.527948E+19
38.99473,1.486311E+19,-1.527347E+19
39.01608,1.486193E+19,-1.526846E+19
39.03818,1.486075E+19,-1.526397E+19
39.06095,1.485967E+19,-1.526003E+19
39.08075,1.485916E+19,-1.525342E+19
39.10156,1.485856E+19,-1.524846E+19
39.13214,1.485708E+19,-1.524078E+19
39.15405,1.4856E+19,-1.523545E+19
39.17813,1.485478E+19,-1.522997E+19
39.19919,1.485376E+19,-1.522554E+19
39.21967,1.485287E+19,-1.522171E+19
39.24651,1.48525E+19,-1.521731E+19
39.26836,1.485083E+19,-1.52075E+19
39.2939,1.484864E+19,-1.520068E+19
39.3133,1.484757E+19,-1.519569E+19
39.33258,1.484651E+19,-1.519086E+19
39.35158,1.484542E+19,-1.518631E+19
39.37726,1.484401E+19,-1.51805E+19
39.3972,1.484299E+19,-1.517619E+19
39.4163,1.484199E+19,-1.517186E+19
39.4348,1.484087E+19,-1.516755E+19
39.46144,1.483916E+19,-1.516133E+19
39.48288,1.483795E+19,-1.515506E+19
39.50269,1.483688E+19,-1.514983E+19
39.52825,1.483545E+19,-1.514343E+19
39.54724,1.483442E+19,-1.513874E+19
39.56823,1.483327E+19,-1.513384E+19
39.5944,1.483197E+19,-1.512801E+19
39.61338,1.483105E+19,-1.512426E+19
39.6464,1.48298E+19,-1.511752E+19
39.67186,1.482834E+19,-1.511146E+19
39.69535,1.482678E+19,-1.510714E+19
39.716,1.482563E+19,-1.510057E+19
39.73506,1.482475E+19,-1.50959E+19
39.76087,1.482351E+19,-1.509144E+19
39.78043,1.482262E+19,-1.508601E+19
39.8003,1.482133E+19,-1.508036E+19
39.81933,1.482016E+19,-1.507585E+19
39.84416,1.481884E+19,-1.506996E+19
39.86406,1.481785E+19,-1.506561E+19
39.88562,1.481674E+19,-1.506225E+19
39.9105,1.481549E+19,-1.505316E+19
39.93068,1.481543E+19,-1.50482E+19
39.95224,1.48143E+19,-1.504307E+19
39.97803,1.48128E+19,-1.503667E+19
39.99778,1.481173E+19,-1.503186E+19
40.01799,1.481069E+19,-1.502714E+19
40.04433,1.480939E+19,-1.502106E+19
40.06408,1.48084E+19,-1.50166E+19
40.08503,1.480731E+19,-1.501192E+19
40.11097,1.4806E+19,-1.500617E+19
40.13034,1.480502E+19,-1.500189E+19
40.16586,1.480325E+19,-1.499378E+19
40.18753,1.480219E+19,-1.498876E+19
40.21054,1.480108E+19,-1.498353E+19
40.23139,1.480013E+19,-1.49789E+19
40.25093,1.47993E+19,-1.497447E+19
40.27235,1.479842E+19,-1.496955E+19
40.2984,1.479724E+19,-1.49636E+19
40.31794,1.479627E+19,-1.495923E+19
40.34404,1.479495E+19,-1.495354E+19
40.36367,1.479394E+19,-1.494925E+19
40.38414,1.479293E+19,-1.494492E+19
40.40367,1.479192E+19,-1.494082E+19
40.42755,1.479074E+19,-1.493597E+19
40.4468,1.478981E+19,-1.493188E+19
40.46749,1.478878E+19,-1.492744E+19
40.49427,1.478742E+19,-1.492172E+19
40.51331,1.478642E+19,-1.491781E+19
40.53349,1.478549E+19,-1.491316E+19
40.55289,1.478484E+19,-1.490828E+19
40.5778,1.478379E+19,-1.490251E+19
40.59795,1.478271E+19,-1.489803E+19
40.61775,1.478167E+19,-1.48938E+19
40.64448,1.478033E+19,-1.48882E+19
40.67995,1.477857E+19,-1.488059E+19
40.70004,1.477767E+19,-1.487628E+19
40.71865,1.477681E+19,-1.487249E+19
40.74424,1.477565E+19,-1.486751E+19
40.76424,1.477461E+19,-1.486334E+19
40.7866,1.477343E+19,-1.485889E+19
40.81073,1.477223E+19,-1.485444E+19
40.83003,1.477157E+19,-1.48511E+19
40.8495,1.477083E+19,-1.484617E+19
40.86894,1.476968E+19,-1.484156E+19
40.8952,1.476816E+19,-1.48358E+19
40.91615,1.476717E+19,-1.483137E+19
40.93626,1.476622E+19,-1.48272E+19
40.96045,1.476514E+19,-1.482226E+19
40.97976,1.476423E+19,-1.481835E+19
40.99942,1.476329E+19,-1.48144E+19
41.02518,1.476201E+19,-1.480916E+19
