0.02,1.732762E+15,-4.571226E+19
0.3533334,2.042542E+18,-4.584015E+19
0.4206119,3.183503E+18,-4.591855E+19
0.4726526,5.53277E+18,-4.599238E+19
0.5190153,8.079678E+18,-4.589091E+19
0.5655822,9.815695E+18,-4.591051E+19
0.6037803,1.061733E+19,-4.594707E+19
0.6207423,1.077923E+19,-4.598553E+19
0.6370595,1.089306E+19,-4.599467E+19
0.6537721,1.115288E+19,-4.594573E+19
0.6706197,1.142297E+19,-4.595353E+19
0.6882604,1.150572E+19,-4.592621E+19
0.7073748,1.172637E+19,-4.592832E+19
0.7242877,1.181532E+19,-4.595138E+19
0.7417551,1.184104E+19,-4.597183E+19
0.7594308,1.192064E+19,-4.59851E+19
0.7765896,1.208416E+19,-4.596866E+19
0.7923325,1.224636E+19,-4.603328E+19
0.8098276,1.239843E+19,-4.598092E+19
0.8258346,1.253733E+19,-4.596755E+19
0.8424013,1.257191E+19,-4.599596E+19
0.8614345,1.262354E+19,-4.599009E+19
0.8864018,1.281169E+19,-4.598322E+19
0.9037001,1.291596E+19,-4.599342E+19
0.921042,1.293039E+19,-4.604847E+19
0.9378729,1.295832E+19,-4.606159E+19
0.9556342,1.305114E+19,-4.608277E+19
0.9725732,1.315139E+19,-4.610754E+19
0.9888561,1.320736E+19,-4.611379E+19
1.005315,1.326018E+19,-4.61432E+19
1.022191,1.334806E+19,-4.613617E+19
1.038954,1.34386E+19,-4.610362E+19
1.055703,1.352159E+19,-4.613276E+19
1.075779,1.357135E+19,-4.611542E+19
1.09297,1.365098E+19,-4.615259E+19
1.110945,1.368358E+19,-4.613367E+19
1.136105,1.390356E+19,-4.612342E+19
1.155898,1.417916E+19,-4.615228E+19
1.176366,1.431107E+19,-4.610599E+19
1.192816,1.449626E+19,-4.611006E+19
1.210653,1.4533E+19,-4.613095E+19
1.236406,1.463937E+19,-4.612144E+19
1.252808,1.479917E+19,-4.611325E+19
1.269836,1.482616E+19,-4.611464E+19
1.286451,1.484938E+19,-4.613308E+19
1.30414,1.490594E+19,-4.611091E+19
1.320616,1.495409E+19,-4.611223E+19
1.337159,1.499281E+19,-4.609404E+19
1.353522,1.502389E+19,-4.609287E+19
1.37024,1.50356E+19,-4.608941E+19
1.387443,1.505625E+19,-4.608565E+19
1.403921,1.506746E+19,-4.607107E+19
1.420284,1.508219E+19,-4.608771E+19
1.43785,1.509306E+19,-4.607895E+19
1.455099,1.512384E+19,-4.604906E+19
1.470923,1.516866E+19,-4.604471E+19
1.492928,1.518027E+19,-4.604526E+19
1.508731,1.518496E+19,-4.605245E+19
1.525668,1.519339E+19,-4.605374E+19
1.54234,1.520866E+19,-4.60537E+19
1.559125,1.522762E+19,-4.604782E+19
1.597892,1.534272E+19,-4.602634E+19
1.621636,1.538825E+19,-4.602696E+19
1.647326,1.540436E+19,-4.600814E+19
1.677553,1.545252E+19,-4.598213E+19
1.703871,1.551145E+19,-4.597273E+19
1.720643,1.551695E+19,-4.59873E+19
1.73876,1.552802E+19,-4.59642E+19
1.756925,1.556593E+19,-4.595685E+19
1.773999,1.55712E+19,-4.596079E+19
1.791047,1.557769E+19,-4.59606E+19
1.808161,1.558455E+19,-4.594525E+19
1.825682,1.560008E+19,-4.593308E+19
1.844274,1.561032E+19,-4.593207E+19
1.87045,1.561873E+19,-4.592779E+19
1.887438,1.562256E+19,-4.591353E+19
1.905283,1.562604E+19,-4.592241E+19
1.922432,1.564058E+19,-4.592139E+19
1.93887,1.567643E+19,-4.589816E+19
1.955363,1.571575E+19,-4.589358E+19
1.973161,1.57214E+19,-4.588602E+19
1.990674,1.574669E+19,-4.586534E+19
2.007778,1.577343E+19,-4.585555E+19
2.025014,1.577607E+19,-4.586231E+19
2.041629,1.578088E+19,-4.584488E+19
2.05863,1.579021E+19,-4.58368E+19
2.075733,1.579668E+19,-4.582922E+19
2.092266,1.580292E+19,-4.582234E+19
2.109027,1.580648E+19,-4.58131E+19
2.128196,1.581161E+19,-4.580777E+19
2.1569,1.582218E+19,-4.579038E+19
2.176718,1.582665E+19,-4.5776E+19
2.208557,1.584563E+19,-4.575778E+19
2.229754,1.585997E+19,-4.574476E+19
2.24653,1.586106E+19,-4.573821E+19
2.273926,1.58711E+19,-4.572044E+19
2.294726,1.588204E+19,-4.570579E+19
2.311668,1.58846E+19,-4.569837E+19
2.340851,1.588967E+19,-4.568493E+19
2.361225,1.589312E+19,-4.567192E+19
2.377702,1.589471E+19,-4.566276E+19
2.405595,1.590025E+19,-4.564532E+19
2.425717,1.590602E+19,-4.563695E+19
2.442373,1.590838E+19,-4.563519E+19
2.462018,1.591331E+19,-4.563041E+19
2.479113,1.591706E+19,-4.561161E+19
2.504822,1.592273E+19,-4.559932E+19
2.524408,1.592567E+19,-4.559065E+19
2.542823,1.59277E+19,-4.557687E+19
2.573384,1.593343E+19,-4.555999E+19
2.593387,1.593663E+19,-4.555441E+19
2.615399,1.593973E+19,-4.554325E+19
2.63567,1.594277E+19,-4.553836E+19
2.658225,1.594866E+19,-4.552828E+19
2.68524,1.595589E+19,-4.551807E+19
2.702729,1.595854E+19,-4.551404E+19
2.724465,1.597181E+19,-4.5504E+19
2.741955,1.598968E+19,-4.54974E+19
2.761379,1.599413E+19,-4.547928E+19
2.784146,1.600138E+19,-4.546992E+19
2.804211,1.60053E+19,-4.54646E+19
2.82376,1.600871E+19,-4.545641E+19
2.841452,1.601156E+19,-4.545109E+19
2.863235,1.601477E+19,-4.544522E+19
2.885602,1.601817E+19,-4.543998E+19
2.90249,1.602112E+19,-4.543455E+19
2.919363,1.602383E+19,-4.543096E+19
2.93646,1.602633E+19,-4.542823E+19
2.954389,1.602889E+19,-4.542485E+19
2.971588,1.603142E+19,-4.542174E+19
2.988659,1.60356E+19,-4.541523E+19
3.005876,1.603953E+19,-4.541199E+19
3.023342,1.604326E+19,-4.540747E+19
3.041306,1.605147E+19,-4.540334E+19
3.058853,1.606463E+19,-4.53886E+19
3.076766,1.606752E+19,-4.538629E+19
3.102688,1.60736E+19,-4.537914E+19
3.122943,1.609255E+19,-4.536531E+19
3.142043,1.610062E+19,-4.536026E+19
3.159761,1.610272E+19,-4.535518E+19
3.177266,1.610518E+19,-4.535138E+19
3.202969,1.610998E+19,-4.535013E+19
3.22375,1.611415E+19,-4.534544E+19
3.24142,1.612152E+19,-4.53402E+19
3.259519,1.612505E+19,-4.533917E+19
3.275821,1.612794E+19,-4.534044E+19
3.29224,1.613046E+19,-4.533017E+19
3.309108,1.613584E+19,-4.53253E+19
3.32574,1.61386E+19,-4.532278E+19
3.342103,1.614152E+19,-4.532352E+19
3.359577,1.614738E+19,-4.531641E+19
3.375479,1.615394E+19,-4.530804E+19
3.391679,1.615642E+19,-4.530529E+19
3.408733,1.615948E+19,-4.530389E+19
3.431403,1.616376E+19,-4.530189E+19
3.452548,1.61677E+19,-4.530506E+19
3.471833,1.617575E+19,-4.530122E+19
3.488595,1.618484E+19,-4.529862E+19
3.505771,1.618654E+19,-4.529721E+19
3.524271,1.618882E+19,-4.529396E+19
3.542715,1.61911E+19,-4.529277E+19
3.55987,1.619455E+19,-4.529235E+19
3.587871,1.6201E+19,-4.529198E+19
3.607745,1.620446E+19,-4.529212E+19
3.628269,1.620802E+19,-4.529125E+19
3.652681,1.621411E+19,-4.528826E+19
3.675681,1.621997E+19,-4.52899E+19
3.696015,1.622262E+19,-4.528365E+19
3.71893,1.622919E+19,-4.528356E+19
3.737826,1.623277E+19,-4.528372E+19
3.754951,1.623562E+19,-4.528483E+19
3.772511,1.62391E+19,-4.528611E+19
3.790602,1.624271E+19,-4.528901E+19
3.808725,1.624787E+19,-4.528774E+19
3.825719,1.625175E+19,-4.528923E+19
3.842107,1.625413E+19,-4.528996E+19
3.859297,1.625774E+19,-4.529069E+19
3.875565,1.626036E+19,-4.529262E+19
3.893512,1.626351E+19,-4.529644E+19
3.918655,1.626884E+19,-4.529827E+19
3.936111,1.627302E+19,-4.529847E+19
3.952727,1.627578E+19,-4.530133E+19
3.970025,1.627831E+19,-4.530585E+19
3.991065,1.628333E+19,-4.530718E+19
4.009542,1.629016E+19,-4.531007E+19
4.02624,1.629422E+19,-4.531445E+19
4.042779,1.629742E+19,-4.531356E+19
4.059331,1.630074E+19,-4.531631E+19
4.07649,1.630431E+19,-4.532088E+19
4.094653,1.630812E+19,-4.532621E+19
4.125284,1.631465E+19,-4.533392E+19
4.150855,1.631919E+19,-4.533658E+19
4.171673,1.632279E+19,-4.534173E+19
4.190442,1.632671E+19,-4.534704E+19
4.216038,1.633234E+19,-4.535234E+19
4.235381,1.633597E+19,-4.535851E+19
4.252844,1.633926E+19,-4.536024E+19
4.27082,1.634398E+19,-4.536697E+19
4.288623,1.634695E+19,-4.536951E+19
4.306968,1.634962E+19,-4.537451E+19
4.32474,1.635281E+19,-4.538045E+19
4.34311,1.635632E+19,-4.538786E+19
4.368771,1.636168E+19,-4.540356E+19
4.389321,1.636654E+19,-4.540741E+19
4.407261,1.637108E+19,-4.541292E+19
4.425614,1.637529E+19,-4.54224E+19
4.442138,1.63811E+19,-4.542782E+19
4.459418,1.638983E+19,-4.543481E+19
4.476307,1.639445E+19,-4.54422E+19
4.492568,1.639859E+19,-4.545122E+19
4.515961,1.640541E+19,-4.545945E+19
4.536077,1.641137E+19,-4.546931E+19
4.554132,1.641534E+19,-4.547911E+19
4.571743,1.641943E+19,-4.549126E+19
4.592204,1.642448E+19,-4.550386E+19
4.609671,1.643214E+19,-4.551045E+19
4.635891,1.645036E+19,-4.552368E+19
4.656508,1.645465E+19,-4.553546E+19
4.675956,1.645817E+19,-4.554392E+19
4.694336,1.646155E+19,-4.55547E+19
4.719131,1.64675E+19,-4.557095E+19
4.737872,1.647229E+19,-4.558417E+19
4.755432,1.647682E+19,-4.559566E+19
4.772953,1.648232E+19,-4.560678E+19
4.79086,1.648735E+19,-4.561685E+19
4.80834,1.649113E+19,-4.562666E+19
4.825586,1.649499E+19,-4.56372E+19
4.85264,1.650224E+19,-4.565994E+19
4.870284,1.650895E+19,-4.567001E+19
4.888499,1.651835E+19,-4.568199E+19
4.906648,1.652293E+19,-4.56941E+19
4.924366,1.652729E+19,-4.570708E+19
4.942217,1.653224E+19,-4.572016E+19
4.958582,1.653718E+19,-4.57311E+19
4.981725,1.654546E+19,-4.574806E+19
5.001451,1.655169E+19,-4.576115E+19
5.020073,1.655772E+19,-4.577452E+19
5.038049,1.65633E+19,-4.578835E+19
5.05514,1.656831E+19,-4.580181E+19
5.073225,1.657297E+19,-4.581584E+19
5.092265,1.657764E+19,-4.583336E+19
5.111729,1.65833E+19,-4.584671E+19
5.136367,1.659126E+19,-4.586426E+19
5.156189,1.659677E+19,-4.588101E+19
5.177254,1.660279E+19,-4.589743E+19
5.201691,1.66094E+19,-4.591708E+19
5.218347,1.661432E+19,-4.593258E+19
5.235961,1.662042E+19,-4.594772E+19
5.253247,1.662636E+19,-4.596534E+19
5.271037,1.663489E+19,-4.597961E+19
5.287866,1.664481E+19,-4.599387E+19
5.305224,1.665141E+19,-4.600941E+19
5.324466,1.66568E+19,-4.602503E+19
5.341833,1.666291E+19,-4.603883E+19
5.358717,1.666929E+19,-4.605475E+19
5.37703,1.667534E+19,-4.607474E+19
5.402008,1.668401E+19,-4.609692E+19
5.423404,1.669226E+19,-4.611761E+19
5.44059,1.669809E+19,-4.613533E+19
5.458239,1.67037E+19,-4.615163E+19
5.474852,1.670864E+19,-4.616848E+19
5.491757,1.671424E+19,-4.618546E+19
5.508182,1.671956E+19,-4.620099E+19
5.525786,1.672437E+19,-4.621923E+19
5.545064,1.672998E+19,-4.623943E+19
5.569325,1.673784E+19,-4.626674E+19
5.591105,1.674563E+19,-4.629118E+19
5.611489,1.675287E+19,-4.63136E+19
5.635486,1.676137E+19,-4.634376E+19
5.657612,1.677014E+19,-4.637113E+19
5.675943,1.677835E+19,-4.639366E+19
5.701326,1.679106E+19,-4.641953E+19
5.718778,1.67991E+19,-4.643759E+19
5.736583,1.680625E+19,-4.645671E+19
5.761304,1.681544E+19,-4.64845E+19
5.785008,1.682297E+19,-4.651744E+19
5.806818,1.683351E+19,-4.653836E+19
5.825354,1.684359E+19,-4.655918E+19
5.84441,1.684968E+19,-4.658211E+19
5.867965,1.685756E+19,-4.660873E+19
5.88643,1.686358E+19,-4.663192E+19
5.903322,1.686946E+19,-4.66539E+19
5.920416,1.68759E+19,-4.667595E+19
5.937718,1.688208E+19,-4.669803E+19
5.955006,1.688741E+19,-4.671867E+19
5.972346,1.689309E+19,-4.674172E+19
5.99011,1.689931E+19,-4.676399E+19
6.00686,1.690553E+19,-4.678686E+19
6.024428,1.691225E+19,-4.681107E+19
6.04131,1.691874E+19,-4.683501E+19
6.057896,1.692383E+19,-4.685591E+19
6.075119,1.692947E+19,-4.688131E+19
6.091364,1.693596E+19,-4.690554E+19
6.10789,1.694276E+19,-4.693222E+19
6.126485,1.695059E+19,-4.696458E+19
6.151535,1.696185E+19,-4.700311E+19
6.174904,1.697349E+19,-4.703377E+19
6.194688,1.698283E+19,-4.706314E+19
6.218269,1.699221E+19,-4.709762E+19
6.236771,1.700002E+19,-4.712527E+19
6.258553,1.700935E+19,-4.715793E+19
6.275825,1.70165E+19,-4.71874E+19
6.292138,1.702426E+19,-4.721382E+19
6.308904,1.703278E+19,-4.723779E+19
6.334673,1.704428E+19,-4.727734E+19
6.352808,1.7052E+19,-4.731148E+19
6.370801,1.706137E+19,-4.733413E+19
6.388495,1.707485E+19,-4.73614E+19
6.40632,1.708324E+19,-4.739159E+19
6.425474,1.709174E+19,-4.741924E+19
6.451645,1.710908E+19,-4.74536E+19
6.471077,1.712306E+19,-4.748328E+19
6.488149,1.712902E+19,-4.750766E+19
6.506411,1.71356E+19,-4.753583E+19
6.528169,1.714461E+19,-4.757001E+19
6.551532,1.715437E+19,-4.760751E+19
6.570603,1.716235E+19,-4.763865E+19
6.589071,1.717054E+19,-4.766842E+19
6.606859,1.717847E+19,-4.769707E+19
6.625927,1.718689E+19,-4.772663E+19
6.651608,1.719838E+19,-4.776864E+19
6.669989,1.720642E+19,-4.780414E+19
6.68866,1.721817E+19,-4.783216E+19
6.709747,1.72362E+19,-4.786768E+19
6.738557,1.724913E+19,-4.791888E+19
6.757573,1.725794E+19,-4.795E+19
6.77521,1.726648E+19,-4.797891E+19
6.793946,1.727477E+19,-4.801065E+19
6.818928,1.728631E+19,-4.805541E+19
6.840622,1.729673E+19,-4.809588E+19
6.858691,1.730567E+19,-4.812963E+19
6.876327,1.731412E+19,-4.816478E+19
6.90197,1.732655E+19,-4.821385E+19
6.91937,1.733584E+19,-4.824907E+19
6.937971,1.734611E+19,-4.8283E+19
6.956869,1.73568E+19,-4.831983E+19
6.974201,1.736513E+19,-4.83496E+19
6.991013,1.737312E+19,-4.838182E+19
7.008051,1.738159E+19,-4.841375E+19
7.024628,1.739019E+19,-4.844619E+19
7.041231,1.739911E+19,-4.848E+19
7.05787,1.740819E+19,-4.851205E+19
7.075223,1.741774E+19,-4.854636E+19
7.091518,1.742722E+19,-4.857903E+19
7.108899,1.743753E+19,-4.861062E+19
7.135212,1.745207E+19,-4.865942E+19
7.158628,1.746337E+19,-4.870659E+19
7.176844,1.747251E+19,-4.874416E+19
7.201147,1.748577E+19,-4.87952E+19
7.219553,1.749662E+19,-4.883206E+19
7.236984,1.750691E+19,-4.886893E+19
7.254549,1.751644E+19,-4.890573E+19
7.271012,1.752556E+19,-4.894303E+19
7.287658,1.753559E+19,-4.898096E+19
7.309112,1.754812E+19,-4.902583E+19
7.334708,1.756235E+19,-4.908724E+19
7.355599,1.757508E+19,-4.913105E+19
7.373671,1.75861E+19,-4.916899E+19
7.391713,1.759701E+19,-4.920728E+19
7.409427,1.760797E+19,-4.924776E+19
7.434416,1.762294E+19,-4.93015E+19
7.454878,1.763576E+19,-4.934484E+19
7.472984,1.764681E+19,-4.938507E+19
7.491027,1.765805E+19,-4.942635E+19
7.508882,1.766998E+19,-4.94665E+19
7.525735,1.768115E+19,-4.950397E+19
7.551383,1.76967E+19,-4.956278E+19
7.575144,1.771139E+19,-4.961704E+19
7.592038,1.772178E+19,-4.965734E+19
7.609179,1.773243E+19,-4.969904E+19
7.634903,1.774907E+19,-4.976186E+19
7.654359,1.776201E+19,-4.980044E+19
7.67344,1.778435E+19,-4.98453E+19
7.692868,1.779652E+19,-4.989087E+19
7.71804,1.781167E+19,-4.995184E+19
7.738767,1.782464E+19,-5.000373E+19
7.756979,1.783603E+19,-5.00495E+19
7.775185,1.784748E+19,-5.009418E+19
7.798421,1.786233E+19,-5.015159E+19
7.817928,1.787509E+19,-5.020251E+19
7.835995,1.788704E+19,-5.025161E+19
7.854022,1.78993E+19,-5.02992E+19
7.871362,1.791077E+19,-5.033942E+19
7.889174,1.792325E+19,-5.038344E+19
7.907817,1.793582E+19,-5.043059E+19
7.925067,1.794776E+19,-5.047711E+19
7.940861,1.795915E+19,-5.051718E+19
7.958237,1.797157E+19,-5.056035E+19
7.974424,1.79825E+19,-5.060543E+19
7.991087,1.799375E+19,-5.065183E+19
8.008357,1.800639E+19,-5.069761E+19
8.024903,1.80186E+19,-5.0744E+19
8.041405,1.803054E+19,-5.079178E+19
8.058317,1.804369E+19,-5.083921E+19
8.084254,1.806307E+19,-5.090993E+19
8.101089,1.807469E+19,-5.09543E+19
8.120692,1.80883E+19,-5.100688E+19
8.140446,1.810239E+19,-5.106205E+19
8.161731,1.811873E+19,-5.112348E+19
8.184936,1.813478E+19,-5.118742E+19
8.203314,1.81479E+19,-5.12397E+19
8.220551,1.816041E+19,-5.12894E+19
8.237017,1.817244E+19,-5.133804E+19
8.254083,1.818551E+19,-5.138919E+19
8.271023,1.819865E+19,-5.143933E+19
8.288626,1.821195E+19,-5.149346E+19
8.307096,1.822616E+19,-5.154991E+19
8.324438,1.823937E+19,-5.160196E+19
8.34124,1.825172E+19,-5.165282E+19
8.357855,1.826412E+19,-5.170362E+19
8.373855,1.827644E+19,-5.175445E+19
8.390764,1.829067E+19,-5.180887E+19
8.408113,1.830568E+19,-5.185684E+19
8.425077,1.831846E+19,-5.191082E+19
8.443164,1.833202E+19,-5.196604E+19
8.467689,1.835142E+19,-5.204548E+19
8.488991,1.836827E+19,-5.21141E+19
8.507092,1.838294E+19,-5.216961E+19
8.528039,1.84018E+19,-5.223806E+19
8.551444,1.842096E+19,-5.230979E+19
8.57149,1.843803E+19,-5.237301E+19
8.590734,1.845403E+19,-5.243616E+19
8.608074,1.846736E+19,-5.249059E+19
8.62732,1.848192E+19,-5.254975E+19
8.651343,1.850063E+19,-5.262446E+19
8.671183,1.851673E+19,-5.268947E+19
8.689471,1.853179E+19,-5.274896E+19
8.707477,1.854667E+19,-5.280677E+19
8.72515,1.856157E+19,-5.286685E+19
8.741642,1.857523E+19,-5.292072E+19
8.758824,1.859058E+19,-5.297711E+19
8.776094,1.860669E+19,-5.303596E+19
8.801151,1.862827E+19,-5.31233E+19
8.819287,1.864624E+19,-5.318489E+19
8.841058,1.866864E+19,-5.326225E+19
8.858233,1.868337E+19,-5.331969E+19
8.875571,1.869958E+19,-5.338241E+19
8.90097,1.872323E+19,-5.347022E+19
8.923665,1.874389E+19,-5.35508E+19
8.946655,1.876464E+19,-5.363571E+19
8.968523,1.878584E+19,-5.371812E+19
8.98868,1.880649E+19,-5.379305E+19
9.007537,1.882579E+19,-5.386164E+19
9.02521,1.88428E+19,-5.392836E+19
9.050992,1.886812E+19,-5.402776E+19
9.073197,1.888996E+19,-5.411228E+19
9.090537,1.890735E+19,-5.417757E+19
9.110559,1.89273E+19,-5.425429E+19
9.134654,1.894957E+19,-5.434638E+19
9.15485,1.896853E+19,-5.442694E+19
9.174344,1.898933E+19,-5.450143E+19
9.191153,1.900729E+19,-5.456772E+19
9.209755,1.902451E+19,-5.463545E+19
9.234306,1.904818E+19,-5.473033E+19
9.253864,1.906737E+19,-5.480931E+19
9.271536,1.908472E+19,-5.488037E+19
9.290233,1.9103E+19,-5.495469E+19
9.308302,1.912111E+19,-5.503207E+19
9.324986,1.913872E+19,-5.51E+19
9.341433,1.915751E+19,-5.517106E+19
9.358015,1.917686E+19,-5.524491E+19
9.374404,1.919666E+19,-5.530924E+19
9.390725,1.921522E+19,-5.537597E+19
9.407488,1.923301E+19,-5.545163E+19
9.424936,1.925265E+19,-5.55209E+19
9.441841,1.927199E+19,-5.559372E+19
9.458696,1.929123E+19,-5.567004E+19
9.483934,1.932447E+19,-5.577152E+19
9.5008,1.934905E+19,-5.584621E+19
9.519327,1.936881E+19,-5.592184E+19
9.538314,1.938871E+19,-5.600429E+19
9.557204,1.940941E+19,-5.60891E+19
9.583832,1.944039E+19,-5.621685E+19
9.603258,1.947063E+19,-5.630169E+19
9.629443,1.951666E+19,-5.641573E+19
9.650988,1.954017E+19,-5.651601E+19
9.669739,1.956259E+19,-5.660492E+19
9.687313,1.958334E+19,-5.668684E+19
9.704022,1.960344E+19,-5.675729E+19
9.721956,1.96269E+19,-5.683815E+19
9.739729,1.964796E+19,-5.692173E+19
9.757836,1.967014E+19,-5.700874E+19
9.774321,1.969051E+19,-5.708879E+19
9.793997,1.971622E+19,-5.718193E+19
9.817237,1.974691E+19,-5.729407E+19
9.834859,1.976983E+19,-5.738782E+19
9.852832,1.979425E+19,-5.747119E+19
9.869915,1.981978E+19,-5.755874E+19
9.886822,1.984114E+19,-5.764605E+19
9.903817,1.986323E+19,-5.773559E+19
9.926044,1.989383E+19,-5.784119E+19
9.94981,1.99265E+19,-5.795349E+19
9.970715,1.995364E+19,-5.805784E+19
9.987752,1.997453E+19,-5.814208E+19
10.00569,1.999761E+19,-5.823084E+19
10.02285,2.00194E+19,-5.831922E+19
10.04047,2.004311E+19,-5.841116E+19
10.05725,2.006835E+19,-5.849957E+19
10.07479,2.009263E+19,-5.858983E+19
10.0913,2.01151E+19,-5.867599E+19
10.10757,2.01374E+19,-5.876051E+19
10.12603,2.016218E+19,-5.885491E+19
10.15158,2.01957E+19,-5.899118E+19
10.17252,2.02237E+19,-5.910384E+19
10.19057,2.024849E+19,-5.920078E+19
10.21938,2.028793E+19,-5.935946E+19
10.23983,2.031631E+19,-5.947657E+19
10.25777,2.034178E+19,-5.957819E+19
10.27705,2.036942E+19,-5.968884E+19
10.30103,2.040359E+19,-5.982809E+19
10.3185,2.042927E+19,-5.992719E+19
10.33552,2.045467E+19,-6.002793E+19
10.35304,2.048048E+19,-6.013263E+19
10.37024,2.050635E+19,-6.023066E+19
10.39113,2.05371E+19,-6.035464E+19
10.40781,2.056166E+19,-6.045734E+19
10.42431,2.058848E+19,-6.055935E+19
10.44044,2.061638E+19,-6.065589E+19
10.45691,2.064172E+19,-6.075466E+19
10.47362,2.066588E+19,-6.085584E+19
10.49018,2.06898E+19,-6.095753E+19
10.50733,2.071509E+19,-6.106747E+19
10.52392,2.074027E+19,-6.116501E+19
10.54123,2.07667E+19,-6.127294E+19
10.55852,2.079235E+19,-6.138038E+19
10.58347,2.083083E+19,-6.153863E+19
10.60113,2.085928E+19,-6.165455E+19
10.61904,2.088922E+19,-6.175923E+19
10.64004,2.093828E+19,-6.189311E+19
10.66651,2.09802E+19,-6.206169E+19
10.69261,2.102092E+19,-6.22278E+19
10.71942,2.106261E+19,-6.240517E+19
10.73749,2.109127E+19,-6.252434E+19
10.75666,2.112229E+19,-6.265357E+19
10.77412,2.115095E+19,-6.277181E+19
10.79183,2.117913E+19,-6.28901E+19
10.80841,2.120549E+19,-6.300596E+19
10.83426,2.124939E+19,-6.318724E+19
10.85256,2.128141E+19,-6.331542E+19
10.87106,2.131341E+19,-6.344366E+19
10.88898,2.134325E+19,-6.356366E+19
10.90703,2.13735E+19,-6.369062E+19
10.92475,2.140374E+19,-6.381638E+19
10.94125,2.143196E+19,-6.392623E+19
10.96697,2.14761E+19,-6.411545E+19
10.98535,2.150733E+19,-6.424724E+19
11.0032,2.153929E+19,-6.437739E+19
11.02159,2.157237E+19,-6.45103E+19
11.03963,2.160513E+19,-6.463584E+19
11.05772,2.163711E+19,-6.477115E+19
11.07528,2.16686E+19,-6.490506E+19
11.1003,2.171498E+19,-6.510474E+19
11.11901,2.175548E+19,-6.524065E+19
11.13907,2.18099E+19,-6.539257E+19
11.16566,2.186126E+19,-6.560131E+19
11.18422,2.189546E+19,-6.57447E+19
11.20335,2.193211E+19,-6.589619E+19
11.22054,2.196676E+19,-6.602815E+19
11.23868,2.200292E+19,-6.617919E+19
11.25714,2.204019E+19,-6.63222E+19
11.27379,2.207374E+19,-6.645534E+19
11.2908,2.210666E+19,-6.659443E+19
11.30768,2.213993E+19,-6.673311E+19
11.32592,2.217664E+19,-6.688437E+19
11.35126,2.222846E+19,-6.709362E+19
11.36893,2.226515E+19,-6.724672E+19
11.38613,2.230032E+19,-6.739315E+19
11.40297,2.233469E+19,-6.753772E+19
11.42025,2.237159E+19,-6.769022E+19
11.4374,2.240868E+19,-6.784034E+19
11.45546,2.244686E+19,-6.799922E+19
11.47304,2.248365E+19,-6.815487E+19
11.49054,2.252151E+19,-6.831186E+19
11.50754,2.255826E+19,-6.846255E+19
11.524,2.259487E+19,-6.861366E+19
11.54291,2.263851E+19,-6.879394E+19
11.5669,2.269671E+19,-6.901149E+19
11.5893,2.276834E+19,-6.921358E+19
11.60936,2.281551E+19,-6.939527E+19
11.63416,2.287246E+19,-6.962486E+19
11.65361,2.291866E+19,-6.980852E+19
11.67164,2.296276E+19,-6.9984E+19
11.68943,2.300746E+19,-7.016055E+19
11.70718,2.305277E+19,-7.032766E+19
11.72505,2.309844E+19,-7.049982E+19
11.75017,2.315905E+19,-7.074993E+19
11.77006,2.32089E+19,-7.09503E+19
11.78774,2.325477E+19,-7.112375E+19
11.80548,2.330092E+19,-7.129803E+19
11.82391,2.334809E+19,-7.147438E+19
11.84061,2.339053E+19,-7.163916E+19
11.85741,2.343248E+19,-7.181341E+19
11.88486,2.352386E+19,-7.208998E+19
11.90414,2.359759E+19,-7.228956E+19
11.92693,2.365585E+19,-7.252761E+19
11.95009,2.371808E+19,-7.277546E+19
11.96803,2.376762E+19,-7.297452E+19
11.98684,2.381992E+19,-7.317921E+19
12.00475,2.386898E+19,-7.336153E+19
12.02252,2.39164E+19,-7.355011E+19
12.04004,2.396544E+19,-7.374005E+19
12.05763,2.401434E+19,-7.392967E+19
12.07457,2.406201E+19,-7.411803E+19
12.10037,2.413675E+19,-7.440014E+19
12.11918,2.419271E+19,-7.460666E+19
12.13998,2.425402E+19,-7.483378E+19
12.15923,2.431117E+19,-7.504994E+19
12.18332,2.438165E+19,-7.531963E+19
12.20196,2.443661E+19,-7.552814E+19
12.21955,2.448852E+19,-7.5722E+19
12.23742,2.453968E+19,-7.592615E+19
12.25564,2.459356E+19,-7.613695E+19
12.27396,2.464997E+19,-7.634591E+19
12.29046,2.470154E+19,-7.653276E+19
12.30766,2.475668E+19,-7.673442E+19
12.32417,2.48102E+19,-7.693142E+19
12.35039,2.489356E+19,-7.723263E+19
12.36799,2.494757E+19,-7.743584E+19
12.38626,2.500205E+19,-7.76511E+19
12.40349,2.505529E+19,-7.785576E+19
12.42117,2.511292E+19,-7.80692E+19
12.43968,2.517257E+19,-7.828767E+19
12.45854,2.523302E+19,-7.850605E+19
12.48339,2.53152E+19,-7.879591E+19
12.50149,2.537567E+19,-7.901572E+19
12.51958,2.543733E+19,-7.924046E+19
12.53844,2.550148E+19,-7.946319E+19
12.55726,2.556571E+19,-7.968868E+19
12.58316,2.565565E+19,-8.000718E+19
12.6015,2.572292E+19,-8.023037E+19
12.62078,2.579641E+19,-8.048004E+19
12.64181,2.587166E+19,-8.073295E+19
12.66736,2.596166E+19,-8.10387E+19
12.68706,2.603051E+19,-8.128382E+19
12.71054,2.611113E+19,-8.158258E+19
12.73378,2.61929E+19,-8.187517E+19
12.75214,2.625804E+19,-8.211757E+19
12.76944,2.63191E+19,-8.232829E+19
12.78743,2.638137E+19,-8.256048E+19
12.80634,2.644809E+19,-8.28119E+19
12.82435,2.651355E+19,-8.304763E+19
12.84144,2.65752E+19,-8.3278E+19
12.86637,2.666806E+19,-8.361206E+19
12.88518,2.673988E+19,-8.386433E+19
12.90303,2.680711E+19,-8.411168E+19
12.92126,2.687725E+19,-8.436383E+19
12.93952,2.694644E+19,-8.46241E+19
12.95756,2.704019E+19,-8.486347E+19
12.9835,2.724718E+19,-8.52322E+19
13.00692,2.733856E+19,-8.556297E+19
13.02505,2.740923E+19,-8.581981E+19
13.04944,2.750558E+19,-8.616815E+19
13.06764,2.758008E+19,-8.644189E+19
13.0865,2.765642E+19,-8.671963E+19
13.10539,2.773463E+19,-8.700976E+19
13.12582,2.781908E+19,-8.731941E+19
13.15029,2.792182E+19,-8.770389E+19
13.17141,2.80118E+19,-8.802363E+19
13.19062,2.809321E+19,-8.833805E+19
13.21668,2.820523E+19,-8.876651E+19
13.23501,2.829038E+19,-8.905766E+19
13.25305,2.836891E+19,-8.934424E+19
13.27072,2.844053E+19,-8.964128E+19
13.29011,2.85217E+19,-8.997204E+19
13.30769,2.861137E+19,-9.026195E+19
13.33366,2.877107E+19,-9.071738E+19
13.3514,2.885108E+19,-9.101523E+19
13.36973,2.893907E+19,-9.133986E+19
13.38808,2.902439E+19,-9.166761E+19
13.40625,2.910981E+19,-9.200098E+19
13.42339,2.919048E+19,-9.231376E+19
13.44207,2.927871E+19,-9.266841E+19
13.46613,2.9396E+19,-9.312313E+19
13.48735,2.949964E+19,-9.353803E+19
13.51188,2.962422E+19,-9.401604E+19
13.53348,2.973856E+19,-9.444838E+19
13.557,2.987391E+19,-9.49242E+19
13.58325,3.002978E+19,-9.545996E+19
13.60275,3.013679E+19,-9.586952E+19
13.62322,3.024828E+19,-9.630921E+19
13.6434,3.035578E+19,-9.675569E+19
13.66752,3.04844E+19,-9.727651E+19
13.68734,3.059586E+19,-9.772255E+19
13.70645,3.070405E+19,-9.815476E+19
13.73354,3.085823E+19,-9.877207E+19
13.7522,3.096968E+19,-9.920185E+19
13.77141,3.108638E+19,-9.966462E+19
13.78974,3.119718E+19,-1.000959E+20
13.80815,3.13086E+19,-1.005421E+20
13.83326,3.146263E+19,-1.011704E+20
13.85293,3.15825E+19,-1.016567E+20
13.86964,3.168326E+19,-1.020723E+20
13.88745,3.179174E+19,-1.025212E+20
13.90453,3.189657E+19,-1.029627E+20
13.92278,3.200514E+19,-1.034282E+20
13.94,3.211154E+19,-1.038822E+20
13.95707,3.222314E+19,-1.043342E+20
13.97459,3.233794E+19,-1.048077E+20
14.0003,3.251415E+19,-1.055104E+20
14.01803,3.26422E+19,-1.060148E+20
14.03585,3.277327E+19,-1.065247E+20
14.05315,3.289697E+19,-1.0702E+20
14.0715,3.302246E+19,-1.075605E+20
14.08925,3.314806E+19,-1.080953E+20
14.10998,3.330355E+19,-1.087309E+20
14.13365,3.348424E+19,-1.094614E+20
14.15323,3.363676E+19,-1.100836E+20
14.17158,3.379142E+19,-1.106613E+20
14.19002,3.395262E+19,-1.112646E+20
14.20708,3.408403E+19,-1.118347E+20
14.22356,3.42095E+19,-1.123941E+20
14.23997,3.433158E+19,-1.129555E+20
14.25686,3.446602E+19,-1.135272E+20
14.27334,3.46019E+19,-1.140977E+20
14.29743,3.47911E+19,-1.149386E+20
14.31721,3.497532E+19,-1.156302E+20
14.33562,3.516315E+19,-1.162948E+20
14.35485,3.53232E+19,-1.170061E+20
14.37322,3.548663E+19,-1.177064E+20
14.39186,3.564996E+19,-1.184265E+20
14.41584,3.595448E+19,-1.19332E+20
14.43354,3.625955E+19,-1.200234E+20
14.45106,3.642136E+19,-1.207186E+20
14.46891,3.658052E+19,-1.214403E+20
14.48686,3.674937E+19,-1.221807E+20
14.50526,3.692611E+19,-1.229425E+20
14.52287,3.709497E+19,-1.236827E+20
14.54132,3.727988E+19,-1.244971E+20
14.56628,3.754339E+19,-1.256126E+20
14.58766,3.778396E+19,-1.265763E+20
14.60973,3.804723E+19,-1.275797E+20
14.63353,3.841505E+19,-1.286896E+20
14.65416,3.864784E+19,-1.296702E+20
14.6729,3.886218E+19,-1.305907E+20
14.69067,3.907617E+19,-1.314585E+20
14.71652,3.940759E+19,-1.327586E+20
14.73482,3.963898E+19,-1.336869E+20
14.75211,3.985834E+19,-1.345992E+20
14.76966,4.007788E+19,-1.35532E+20
14.78769,4.031266E+19,-1.365058E+20
14.80559,4.055499E+19,-1.374832E+20
14.82357,4.079995E+19,-1.384724E+20
14.84087,4.104301E+19,-1.394409E+20
14.86637,4.141023E+19,-1.408832E+20
14.88435,4.167887E+19,-1.419033E+20
14.90309,4.195999E+19,-1.429582E+20
14.92078,4.221748E+19,-1.439873E+20
14.93888,4.249509E+19,-1.450654E+20
14.95642,4.277015E+19,-1.460953E+20
14.97284,4.303475E+19,-1.47075E+20
14.98945,4.33101E+19,-1.480674E+20
15.00599,4.358577E+19,-1.490687E+20
15.02251,4.386792E+19,-1.500569E+20
15.04005,4.416568E+19,-1.511073E+20
15.06283,4.455034E+19,-1.52483E+20
15.08277,4.488287E+19,-1.536596E+20
15.1018,4.520392E+19,-1.547641E+20
15.12336,4.555864E+19,-1.559784E+20
15.15028,4.599049E+19,-1.575E+20
15.16961,4.629237E+19,-1.585423E+20
15.19025,4.660195E+19,-1.596381E+20
15.20705,4.684815E+19,-1.60501E+20
15.23292,4.722323E+19,-1.6179E+20
15.25422,4.753807E+19,-1.627601E+20
15.27179,4.779499E+19,-1.635493E+20
15.2893,4.802687E+19,-1.642977E+20
15.30673,4.82428E+19,-1.64981E+20
15.32345,4.843047E+19,-1.656105E+20
15.34084,4.861897E+19,-1.662238E+20
15.36601,4.891562E+19,-1.670186E+20
15.38419,4.91246E+19,-1.675567E+20
15.40285,4.930175E+19,-1.680463E+20
15.42166,4.945498E+19,-1.685002E+20
15.43953,4.966142E+19,-1.688625E+20
15.45693,4.992859E+19,-1.691946E+20
15.48264,5.014897E+19,-1.695863E+20
15.50209,5.028196E+19,-1.698066E+20
15.51939,5.037505E+19,-1.69971E+20
15.53837,5.045273E+19,-1.700683E+20
15.55698,5.053794E+19,-1.701356E+20
15.5834,5.064531E+19,-1.701599E+20
15.60114,5.069801E+19,-1.70073E+20
15.61993,5.072158E+19,-1.699629E+20
15.64052,5.071839E+19,-1.697952E+20
15.66631,5.07053E+19,-1.695155E+20
15.68651,5.067747E+19,-1.692169E+20
15.70402,5.064055E+19,-1.689141E+20
15.72177,5.059308E+19,-1.686086E+20
15.73989,5.052729E+19,-1.682201E+20
15.75733,5.045638E+19,-1.678103E+20
15.78308,5.035977E+19,-1.671467E+20
15.80411,5.026974E+19,-1.665259E+20
15.82196,5.017176E+19,-1.659823E+20
15.8405,5.005764E+19,-1.654011E+20
15.86541,4.990157E+19,-1.645926E+20
15.88374,4.975675E+19,-1.639365E+20
15.90105,4.962183E+19,-1.632812E+20
15.91965,4.946033E+19,-1.625493E+20
15.93761,4.930557E+19,-1.618494E+20
15.95584,4.913765E+19,-1.610997E+20
15.97303,4.896946E+19,-1.603736E+20
15.99013,4.880992E+19,-1.596081E+20
16.0157,4.859489E+19,-1.584208E+20
16.03667,4.844802E+19,-1.574426E+20
16.05442,4.830067E+19,-1.566011E+20
16.07272,4.810123E+19,-1.557326E+20
16.0899,4.791088E+19,-1.548893E+20
16.10734,4.771278E+19,-1.540434E+20
16.13315,4.741767E+19,-1.527571E+20
16.15247,4.721039E+19,-1.517788E+20
16.17233,4.698087E+19,-1.507713E+20
16.1905,4.677243E+19,-1.498722E+20
16.21581,4.649473E+19,-1.485901E+20
16.23566,4.626456E+19,-1.475832E+20
16.26991,4.584653E+19,-1.458358E+20
16.2886,4.563114E+19,-1.448965E+20
16.3068,4.542899E+19,-1.439765E+20
16.33305,4.513387E+19,-1.426413E+20
16.35248,4.49171E+19,-1.416719E+20
16.3702,4.472322E+19,-1.407874E+20
16.39313,4.447781E+19,-1.396015E+20
16.41625,4.427142E+19,-1.384147E+20
16.43541,4.406522E+19,-1.374589E+20
16.45272,4.386796E+19,-1.366068E+20
16.47162,4.364441E+19,-1.356669E+20
16.49022,4.342828E+19,-1.347595E+20
16.51867,4.310516E+19,-1.333835E+20
16.54478,4.281535E+19,-1.321337E+20
16.5674,4.257562E+19,-1.310596E+20
16.58536,4.238246E+19,-1.301931E+20
16.60739,4.214982E+19,-1.291594E+20
16.63235,4.188389E+19,-1.280167E+20
16.65092,4.168486E+19,-1.271758E+20
16.66934,4.149155E+19,-1.263253E+20
16.69194,4.125624E+19,-1.253158E+20
16.71581,4.101138E+19,-1.242574E+20
16.73518,4.081377E+19,-1.234073E+20
16.75136,4.065528E+19,-1.227156E+20
16.7682,4.049274E+19,-1.219998E+20
16.78544,4.032264E+19,-1.212698E+20
16.80294,4.015444E+19,-1.205358E+20
16.82095,3.998181E+19,-1.197826E+20
16.83807,3.981776E+19,-1.190728E+20
16.85632,3.965001E+19,-1.183383E+20
16.88273,3.94127E+19,-1.172968E+20
16.9062,3.919696E+19,-1.163737E+20
16.92342,3.904172E+19,-1.157116E+20
16.94145,3.888714E+19,-1.150284E+20
16.96548,3.868585E+19,-1.141184E+20
16.9853,3.851764E+19,-1.13381E+20
17.00468,3.835254E+19,-1.126785E+20
17.02453,3.818709E+19,-1.11955E+20
17.04929,3.798451E+19,-1.110677E+20
17.07119,3.780537E+19,-1.102824E+20
17.09249,3.763433E+19,-1.095289E+20
17.11549,3.744902E+19,-1.087383E+20
17.13634,3.727996E+19,-1.080362E+20
17.15832,3.710346E+19,-1.07307E+20
17.1837,3.690721E+19,-1.064753E+20
17.2051,3.674665E+19,-1.057791E+20
17.22548,3.659768E+19,-1.051322E+20
17.24911,3.642572E+19,-1.043751E+20
17.26722,3.629494E+19,-1.03809E+20
17.28551,3.616413E+19,-1.0325E+20
17.30366,3.6036E+19,-1.026962E+20
17.32195,3.590707E+19,-1.021434E+20
17.34019,3.57798E+19,-1.016057E+20
17.36552,3.560892E+19,-1.008585E+20
17.38347,3.549093E+19,-1.003445E+20
17.40254,3.536564E+19,-9.979859E+19
17.41969,3.525244E+19,-9.930957E+19
17.43943,3.512187E+19,-9.875627E+19
17.45675,3.500967E+19,-9.82808E+19
17.48228,3.485006E+19,-9.758795E+19
17.50451,3.471215E+19,-9.699673E+19
17.52308,3.460071E+19,-9.650111E+19
17.54172,3.448976E+19,-9.601235E+19
17.56561,3.434329E+19,-9.53922E+19
17.58431,3.423251E+19,-9.491185E+19
17.60379,3.412039E+19,-9.44232E+19
17.62514,3.39979E+19,-9.389089E+19
17.64946,3.385611E+19,-9.328927E+19
17.66985,3.373866E+19,-9.279285E+19
17.68854,3.363771E+19,-9.233378E+19
17.70638,3.354215E+19,-9.189996E+19
17.73255,3.339523E+19,-9.127839E+19
17.75347,3.328196E+19,-9.079398E+19
17.77077,3.319224E+19,-9.039974E+19
17.78882,3.310094E+19,-8.999041E+19
17.80737,3.300739E+19,-8.9565E+19
17.83274,3.287721E+19,-8.899694E+19
17.85433,3.276768E+19,-8.853262E+19
17.87305,3.268188E+19,-8.811918E+19
17.88962,3.26115E+19,-8.775791E+19
17.90617,3.252763E+19,-8.74008E+19
17.93233,3.239871E+19,-8.684457E+19
17.95276,3.229898E+19,-8.642116E+19
17.97074,3.221214E+19,-8.605255E+19
17.99029,3.212035E+19,-8.564856E+19
18.01553,3.200346E+19,-8.513643E+19
18.03519,3.191192E+19,-8.474074E+19
18.05286,3.183088E+19,-8.438869E+19
18.07061,3.174886E+19,-8.403648E+19
18.08848,3.166707E+19,-8.369117E+19
18.10574,3.158978E+19,-8.336023E+19
18.12744,3.149333E+19,-8.29396E+19
18.15444,3.137379E+19,-8.242474E+19
18.17545,3.128163E+19,-8.202863E+19
18.19931,3.118166E+19,-8.158266E+19
18.21855,3.11056E+19,-8.123609E+19
18.23669,3.10296E+19,-8.091032E+19
18.25451,3.095657E+19,-8.058932E+19
18.27324,3.087995E+19,-8.025549E+19
18.2989,3.078744E+19,-7.980414E+19
18.32266,3.069353E+19,-7.939119E+19
18.33991,3.062457E+19,-7.909449E+19
18.36564,3.052253E+19,-7.865516E+19
18.38922,3.04294E+19,-7.82616E+19
18.40664,3.03614E+19,-7.797791E+19
18.43226,3.02649E+19,-7.756365E+19
18.4534,3.018702E+19,-7.722686E+19
18.47117,3.01216E+19,-7.694403E+19
18.48845,3.005875E+19,-7.667499E+19
18.50604,2.999519E+19,-7.639789E+19
18.53139,2.99052E+19,-7.599838E+19
18.55108,2.983577E+19,-7.569435E+19
18.57316,2.975834E+19,-7.534824E+19
18.59971,2.966593E+19,-7.494488E+19
18.63032,2.955859E+19,-7.448584E+19
18.66485,2.944093E+19,-7.398455E+19
18.68676,2.936741E+19,-7.36667E+19
18.70513,2.930605E+19,-7.34061E+19
18.72207,2.925143E+19,-7.316604E+19
18.73982,2.919494E+19,-7.291443E+19
18.75687,2.913902E+19,-7.267435E+19
18.78219,2.905758E+19,-7.232297E+19
18.80367,2.899073E+19,-7.202598E+19
18.82113,2.893663E+19,-7.178533E+19
18.83927,2.887961E+19,-7.154163E+19
18.85686,2.882471E+19,-7.130562E+19
18.88305,2.874526E+19,-7.096135E+19
18.90411,2.868316E+19,-7.068311E+19
18.92174,2.86311E+19,-7.045286E+19
18.9395,2.857815E+19,-7.022654E+19
18.96588,2.850011E+19,-6.989273E+19
18.98535,2.844358E+19,-6.964627E+19
19.00403,2.838986E+19,-6.941404E+19
19.02323,2.833518E+19,-6.917789E+19
19.04869,2.826272E+19,-6.886657E+19
19.06829,2.8212E+19,-6.862271E+19
19.08759,2.816758E+19,-6.838682E+19
19.10509,2.811967E+19,-6.817721E+19
19.12628,2.806185E+19,-6.792379E+19
19.14949,2.799855E+19,-6.765319E+19
19.17664,2.79253E+19,-6.733196E+19
19.20307,2.785494E+19,-6.702398E+19
19.21984,2.781057E+19,-6.683204E+19
19.24109,2.775495E+19,-6.659122E+19
19.26046,2.770496E+19,-6.637545E+19
19.28133,2.765162E+19,-6.61413E+19
19.30136,2.760034E+19,-6.591955E+19
19.31956,2.755402E+19,-6.57173E+19
19.34297,2.749538E+19,-6.546175E+19
19.36509,2.743958E+19,-6.522551E+19
19.38329,2.739343E+19,-6.502867E+19
19.40415,2.734194E+19,-6.480927E+19
19.42195,2.729767E+19,-6.461919E+19
19.44264,2.724636E+19,-6.440382E+19
19.46781,2.718538E+19,-6.414303E+19
19.48573,2.714257E+19,-6.395809E+19
19.50695,2.709267E+19,-6.373937E+19
19.53131,2.703559E+19,-6.349467E+19
19.55001,2.69922E+19,-6.330932E+19
19.57537,2.693414E+19,-6.305831E+19
19.60064,2.687612E+19,-6.280789E+19
19.62543,2.682009E+19,-6.256579E+19
19.64555,2.677503E+19,-6.236948E+19
19.66989,2.672059E+19,-6.213782E+19
19.69365,2.666865E+19,-6.191197E+19
19.7148,2.662481E+19,-6.171317E+19
19.73769,2.657837E+19,-6.150048E+19
19.75896,2.653393E+19,-6.130861E+19
19.78161,2.648705E+19,-6.110406E+19
19.80364,2.644095E+19,-6.090359E+19
19.82822,2.638943E+19,-6.068465E+19
19.84842,2.634815E+19,-6.050664E+19
19.87115,2.630189E+19,-6.030663E+19
19.89169,2.626047E+19,-6.01281E+19
19.91056,2.622352E+19,-5.9963E+19
19.93669,2.617234E+19,-5.973959E+19
19.95624,2.613171E+19,-5.957334E+19
19.98237,2.607892E+19,-5.935977E+19
20.00062,2.604536E+19,-5.920265E+19
20.01785,2.601977E+19,-5.905768E+19
20.04086,2.597703E+19,-5.886931E+19
20.06567,2.592989E+19,-5.866572E+19
20.08703,2.58892E+19,-5.849283E+19
20.10594,2.585343E+19,-5.833915E+19
20.13153,2.580615E+19,-5.81346E+19
20.15545,2.576203E+19,-5.794274E+19
20.18177,2.57138E+19,-5.773402E+19
20.20107,2.56789E+19,-5.758479E+19
20.22033,2.564407E+19,-5.743599E+19
20.23977,2.560903E+19,-5.728857E+19
20.26994,2.555569E+19,-5.705804E+19
20.29621,2.551012E+19,-5.685895E+19
20.31725,2.547369E+19,-5.670116E+19
20.33755,2.543864E+19,-5.655127E+19
20.35771,2.540429E+19,-5.640412E+19
20.38189,2.536379E+19,-5.622804E+19
20.40082,2.533203E+19,-5.609042E+19
20.4193,2.530119E+19,-5.595786E+19
20.43835,2.526985E+19,-5.582357E+19
20.45626,2.524098E+19,-5.569814E+19
20.48178,2.520044E+19,-5.551988E+19
20.49986,2.517166E+19,-5.539132E+19
20.51875,2.5141E+19,-5.525781E+19
20.53944,2.510754E+19,-5.511244E+19
20.56512,2.506658E+19,-5.493438E+19
20.58342,2.503776E+19,-5.48061E+19
20.60145,2.500984E+19,-5.468221E+19
20.6206,2.497995E+19,-5.455157E+19
20.64077,2.494888E+19,-5.441723E+19
20.66518,2.491253E+19,-5.425509E+19
20.68446,2.488377E+19,-5.412599E+19
20.70388,2.485409E+19,-5.39971E+19
20.72142,2.482763E+19,-5.388265E+19
20.73862,2.480216E+19,-5.377003E+19
20.75494,2.477763E+19,-5.366358E+19
20.77205,2.475178E+19,-5.35537E+19
20.79085,2.472422E+19,-5.343462E+19
20.81549,2.468856E+19,-5.328043E+19
20.83572,2.465953E+19,-5.315381E+19
20.85365,2.46337E+19,-5.304193E+19
20.87517,2.460287E+19,-5.290984E+19
20.89837,2.456974E+19,-5.276634E+19
20.91736,2.454274E+19,-5.26504E+19
20.93483,2.451843E+19,-5.254635E+19
20.95355,2.44937E+19,-5.243198E+19
20.97143,2.447049E+19,-5.232376E+19
20.98838,2.444715E+19,-5.222309E+19
21.00506,2.442435E+19,-5.212479E+19
21.02151,2.44023E+19,-5.202823E+19
21.03792,2.438036E+19,-5.193331E+19
21.06493,2.43443E+19,-5.177572E+19
21.08998,2.431124E+19,-5.162835E+19
21.11514,2.427752E+19,-5.148169E+19
21.13397,2.425255E+19,-5.13732E+19
21.15483,2.422506E+19,-5.125502E+19
21.17411,2.419983E+19,-5.114649E+19
21.19866,2.41678E+19,-5.100864E+19
21.21752,2.414326E+19,-5.090259E+19
21.23604,2.411947E+19,-5.079941E+19
21.25416,2.409654E+19,-5.069931E+19
21.27127,2.407493E+19,-5.060585E+19
21.2883,2.405358E+19,-5.051246E+19
21.30513,2.403247E+19,-5.042102E+19
21.33125,2.400013E+19,-5.02809E+19
21.34907,2.397787E+19,-5.018539E+19
21.36706,2.39554E+19,-5.008901E+19
21.38638,2.393161E+19,-4.998676E+19
21.40432,2.390939E+19,-4.989245E+19
21.42142,2.388844E+19,-4.980452E+19
21.43851,2.386802E+19,-4.971519E+19
21.45524,2.384915E+19,-4.962676E+19
21.47172,2.382994E+19,-4.954107E+19
21.48823,2.381016E+19,-4.945525E+19
21.50479,2.379025E+19,-4.936961E+19
21.52175,2.37699E+19,-4.928319E+19
21.53942,2.374922E+19,-4.919307E+19
21.56433,2.372026E+19,-4.906692E+19
21.58323,2.369809E+19,-4.897165E+19
21.60071,2.3678E+19,-4.888615E+19
21.62045,2.365597E+19,-4.878884E+19
21.64647,2.362663E+19,-4.865944E+19
21.66644,2.360356E+19,-4.856151E+19
21.685,2.358263E+19,-4.846993E+19
21.70285,2.356267E+19,-4.838352E+19
21.7202,2.354346E+19,-4.830071E+19
21.7381,2.352424E+19,-4.821432E+19
21.75458,2.350655E+19,-4.813503E+19
21.77129,2.348799E+19,-4.805529E+19
21.7878,2.346988E+19,-4.797686E+19
21.80466,2.345149E+19,-4.789837E+19
21.82135,2.343342E+19,-4.782244E+19
21.83829,2.341566E+19,-4.774269E+19
21.85492,2.339876E+19,-4.766631E+19
21.87168,2.338096E+19,-4.758864E+19
21.88872,2.33627E+19,-4.751094E+19
21.90542,2.334508E+19,-4.743396E+19
21.93117,2.331826E+19,-4.731737E+19
21.953,2.329566E+19,-4.722089E+19
21.97094,2.327836E+19,-4.713851E+19
21.98793,2.32626E+19,-4.706222E+19
22.00487,2.324518E+19,-4.69872E+19
22.0316,2.321809E+19,-4.686953E+19
22.0571,2.319261E+19,-4.675673E+19
22.08163,2.316826E+19,-4.665004E+19
22.09908,2.315082E+19,-4.657445E+19
22.11982,2.313027E+19,-4.648568E+19
22.14022,2.311065E+19,-4.639938E+19
22.1648,2.308651E+19,-4.629562E+19
22.18384,2.306783E+19,-4.621734E+19
22.20254,2.305013E+19,-4.613681E+19
22.22016,2.303391E+19,-4.606306E+19
22.23842,2.301634E+19,-4.598684E+19
22.26406,2.299169E+19,-4.588185E+19
22.28177,2.297502E+19,-4.580915E+19
22.29904,2.295843E+19,-4.573888E+19
22.31682,2.294165E+19,-4.56672E+19
22.33391,2.292567E+19,-4.559874E+19
22.35254,2.290808E+19,-4.552523E+19
22.37124,2.289096E+19,-4.545073E+19
22.38821,2.287568E+19,-4.538262E+19
22.41422,2.285248E+19,-4.528225E+19
22.43153,2.284023E+19,-4.521212E+19
22.45229,2.283155E+19,-4.51285E+19
22.47212,2.281484E+19,-4.505135E+19
22.48844,2.280034E+19,-4.498826E+19
22.51566,2.27763E+19,-4.488308E+19
22.53694,2.275758E+19,-4.480154E+19
22.55441,2.274247E+19,-4.47345E+19
22.57201,2.272707E+19,-4.466675E+19
22.5978,2.270412E+19,-4.456864E+19
22.61814,2.268615E+19,-4.449202E+19
22.64053,2.266668E+19,-4.440841E+19
22.66469,2.264615E+19,-4.431926E+19
22.68395,2.263038E+19,-4.424781E+19
22.70342,2.261469E+19,-4.417642E+19
22.72087,2.260002E+19,-4.411437E+19
22.73804,2.258509E+19,-4.405002E+19
22.75514,2.257072E+19,-4.398901E+19
22.77237,2.255658E+19,-4.392818E+19
22.79743,2.253662E+19,-4.383812E+19
22.81678,2.252121E+19,-4.376877E+19
22.8346,2.250671E+19,-4.37053E+19
22.85208,2.249237E+19,-4.364369E+19
22.87128,2.247675E+19,-4.357649E+19
22.90495,2.244945E+19,-4.345913E+19
22.93894,2.242203E+19,-4.334006E+19
22.97649,2.239224E+19,-4.321181E+19
23.01359,2.236311E+19,-4.308652E+19
23.04827,2.233628E+19,-4.296978E+19
23.08381,2.230868E+19,-4.285136E+19
23.12208,2.227924E+19,-4.272745E+19
23.1705,2.224237E+19,-4.256744E+19
23.21026,2.221211E+19,-4.243632E+19
23.2468,2.218454E+19,-4.231976E+19
23.2806,2.215926E+19,-4.221586E+19
23.31761,2.213129E+19,-4.209459E+19
23.33955,2.211899E+19,-4.202509E+19
23.35676,2.210657E+19,-4.197106E+19
23.38443,2.208621E+19,-4.188468E+19
23.40606,2.207053E+19,-4.181897E+19
23.43239,2.205193E+19,-4.173877E+19
23.45033,2.203914E+19,-4.168351E+19
23.47033,2.202478E+19,-4.162185E+19
23.48793,2.201219E+19,-4.15676E+19
23.50775,2.199798E+19,-4.150708E+19
23.53309,2.197968E+19,-4.143078E+19
23.5521,2.196622E+19,-4.137446E+19
23.57641,2.194916E+19,-4.130297E+19
23.59994,2.193289E+19,-4.123337E+19
23.62148,2.191821E+19,-4.117226E+19
23.64928,2.189817E+19,-4.108816E+19
23.67203,2.188447E+19,-4.102193E+19
23.6981,2.186689E+19,-4.094511E+19
23.71685,2.185429E+19,-4.089102E+19
23.73684,2.184096E+19,-4.083366E+19
23.75898,2.182636E+19,-4.077001E+19
23.78052,2.181219E+19,-4.070878E+19
23.80221,2.179811E+19,-4.064843E+19
23.82422,2.178406E+19,-4.059145E+19
23.84128,2.177249E+19,-4.054079E+19
23.86694,2.175637E+19,-4.046799E+19
23.88962,2.174187E+19,-4.040512E+19
23.90702,2.173064E+19,-4.035768E+19
23.93431,2.171346E+19,-4.028378E+19
23.95872,2.169795E+19,-4.021707E+19
23.98055,2.168428E+19,-4.015918E+19
24.00472,2.166975E+19,-4.009449E+19
24.02664,2.165649E+19,-4.003726E+19
24.04725,2.164375E+19,-3.99814E+19
24.07179,2.162816E+19,-3.991582E+19
24.09882,2.161091E+19,-3.984371E+19
24.12731,2.15932E+19,-3.976879E+19
24.14896,2.157997E+19,-3.971248E+19
24.17583,2.15636E+19,-3.96436E+19
24.20096,2.154865E+19,-3.957932E+19
24.22181,2.153617E+19,-3.952567E+19
24.23915,2.152582E+19,-3.948114E+19
24.26884,2.150827E+19,-3.940528E+19
24.29097,2.149517E+19,-3.93494E+19
24.3109,2.14835E+19,-3.930001E+19
24.34276,2.146535E+19,-3.922E+19
24.36944,2.145011E+19,-3.915254E+19
24.39094,2.143752E+19,-3.91006E+19
24.40764,2.142773E+19,-3.905613E+19
24.43304,2.141324E+19,-3.899253E+19
24.45339,2.140138E+19,-3.89419E+19
24.47046,2.139143E+19,-3.889986E+19
24.49046,2.137981E+19,-3.885122E+19
24.50659,2.137069E+19,-3.881193E+19
24.54036,2.13515E+19,-3.872978E+19
24.5653,2.133743E+19,-3.867026E+19
24.58564,2.132593E+19,-3.86213E+19
24.60331,2.131604E+19,-3.857958E+19
24.62032,2.130666E+19,-3.853906E+19
24.63758,2.129703E+19,-3.849835E+19
24.65397,2.128796E+19,-3.846036E+19
24.68071,2.127327E+19,-3.839863E+19
24.70114,2.126247E+19,-3.83514E+19
24.72013,2.125269E+19,-3.830701E+19
24.73859,2.12431E+19,-3.826339E+19
24.76358,2.122965E+19,-3.820632E+19
24.78186,2.121998E+19,-3.816549E+19
24.79963,2.121081E+19,-3.812579E+19
24.81696,2.120176E+19,-3.808696E+19
24.834,2.119287E+19,-3.80484E+19
24.85191,2.118344E+19,-3.80076E+19
24.8697,2.117389E+19,-3.796756E+19
24.88746,2.116432E+19,-3.792698E+19
24.90392,2.115573E+19,-3.788945E+19
24.92009,2.114743E+19,-3.78536E+19
24.93761,2.113842E+19,-3.781488E+19
24.95428,2.112994E+19,-3.777804E+19
24.97079,2.112169E+19,-3.774208E+19
24.98784,2.111294E+19,-3.7705E+19
25.01413,2.109945E+19,-3.764785E+19
25.03096,2.109089E+19,-3.761191E+19
25.04818,2.108236E+19,-3.757592E+19
25.06537,2.10739E+19,-3.75396E+19
25.08221,2.106558E+19,-3.750314E+19
25.09919,2.105743E+19,-3.746611E+19
25.12189,2.104649E+19,-3.741776E+19
25.14676,2.103426E+19,-3.736574E+19
25.16483,2.102543E+19,-3.732814E+19
25.18274,2.101667E+19,-3.729091E+19
25.20316,2.100684E+19,-3.724949E+19
25.22268,2.099759E+19,-3.720818E+19
25.24744,2.098573E+19,-3.715731E+19
25.26767,2.097593E+19,-3.711675E+19
25.28565,2.096754E+19,-3.707961E+19
25.3037,2.095872E+19,-3.704201E+19
25.32136,2.094997E+19,-3.70059E+19
25.33836,2.094194E+19,-3.697176E+19
25.36363,2.093017E+19,-3.692174E+19
25.38532,2.092014E+19,-3.688066E+19
25.40367,2.09115E+19,-3.684228E+19
25.42125,2.090392E+19,-3.680872E+19
25.4381,2.089636E+19,-3.677458E+19
25.46411,2.088526E+19,-3.672052E+19
25.48951,2.087412E+19,-3.667009E+19
25.5137,2.086284E+19,-3.662277E+19
25.53477,2.085321E+19,-3.658217E+19
25.55692,2.084327E+19,-3.653988E+19
25.58036,2.083266E+19,-3.649495E+19
25.59953,2.082398E+19,-3.645865E+19
25.61712,2.081605E+19,-3.642571E+19
25.63697,2.080721E+19,-3.638918E+19
25.6558,2.079895E+19,-3.635304E+19
25.68019,2.078834E+19,-3.630663E+19
25.70269,2.077855E+19,-3.626386E+19
25.72344,2.076965E+19,-3.622481E+19
25.74699,2.075937E+19,-3.61811E+19
25.76507,2.075154E+19,-3.614791E+19
25.78359,2.074352E+19,-3.611322E+19
25.80234,2.07353E+19,-3.607809E+19
25.82132,2.072721E+19,-3.6043E+19
25.84684,2.071641E+19,-3.599608E+19
25.9051,2.069216E+19,-3.589116E+19
25.9518,2.067302E+19,-3.580593E+19
25.99946,2.065331E+19,-3.572295E+19
26.04727,2.063476E+19,-3.564003E+19
26.10449,2.061313E+19,-3.55391E+19
26.15423,2.059329E+19,-3.545412E+19
26.20704,2.057278E+19,-3.536363E+19
26.23529,2.056231E+19,-3.531626E+19
26.25381,2.055452E+19,-3.528421E+19
26.27463,2.054576E+19,-3.525037E+19
26.29981,2.05357E+19,-3.520695E+19
26.31827,2.052849E+19,-3.517898E+19
26.33978,2.052005E+19,-3.514203E+19
26.35744,2.051328E+19,-3.511163E+19
26.38275,2.050338E+19,-3.50714E+19
26.40434,2.049599E+19,-3.50354E+19
26.42148,2.048996E+19,-3.500707E+19
26.44963,2.047885E+19,-3.496239E+19
26.47151,2.047097E+19,-3.492633E+19
26.48851,2.046513E+19,-3.489871E+19
26.51609,2.045472E+19,-3.485433E+19
26.53824,2.044626E+19,-3.481893E+19
26.55643,2.04395E+19,-3.479036E+19
26.58657,2.04284E+19,-3.474259E+19
26.60744,2.042061E+19,-3.47095E+19
26.63369,2.041083E+19,-3.466949E+19
26.65394,2.040337E+19,-3.463589E+19
26.67754,2.039558E+19,-3.459844E+19
26.69868,2.038791E+19,-3.456496E+19
26.7186,2.03807E+19,-3.453375E+19
26.73854,2.037357E+19,-3.450322E+19
26.76381,2.036448E+19,-3.446412E+19
26.78187,2.035797E+19,-3.443639E+19
26.79969,2.035163E+19,-3.440952E+19
26.81767,2.034526E+19,-3.438254E+19
26.83614,2.033885E+19,-3.435493E+19
26.85415,2.033252E+19,-3.432759E+19
26.87113,2.03265E+19,-3.430162E+19
26.8876,2.032056E+19,-3.427641E+19
26.91305,2.03113E+19,-3.423791E+19
26.93093,2.030499E+19,-3.421164E+19
26.94915,2.029878E+19,-3.418473E+19
26.96737,2.029275E+19,-3.41576E+19
26.98543,2.028661E+19,-3.413101E+19
27.00916,2.027848E+19,-3.409643E+19
27.02922,2.02718E+19,-3.406706E+19
27.04708,2.026562E+19,-3.404079E+19
27.06513,2.025926E+19,-3.401405E+19
27.08287,2.025316E+19,-3.398814E+19
27.09967,2.024744E+19,-3.396386E+19
27.11865,2.024103E+19,-3.393694E+19
27.13756,2.023474E+19,-3.391065E+19
27.16325,2.02262E+19,-3.387464E+19
27.18153,2.021994E+19,-3.384876E+19
27.20736,2.021107E+19,-3.381322E+19
27.23091,2.020326E+19,-3.378051E+19
27.25486,2.019521E+19,-3.37464E+19
27.27889,2.018726E+19,-3.371286E+19
27.29788,2.018101E+19,-3.368642E+19
27.31642,2.017473E+19,-3.366088E+19
27.33572,2.016834E+19,-3.363423E+19
27.35429,2.016236E+19,-3.360881E+19
27.37055,2.015712E+19,-3.358639E+19
27.38772,2.015164E+19,-3.356299E+19
27.40493,2.014619E+19,-3.353978E+19
27.43074,2.013792E+19,-3.350526E+19
27.44943,2.01319E+19,-3.348127E+19
27.46861,2.012589E+19,-3.345526E+19
27.48725,2.012024E+19,-3.34295E+19
27.50447,2.011481E+19,-3.340721E+19
27.52115,2.010991E+19,-3.338719E+19
27.54798,2.010461E+19,-3.334964E+19
27.56795,2.010089E+19,-3.332258E+19
27.58681,2.009464E+19,-3.329782E+19
27.60406,2.008932E+19,-3.327606E+19
27.62089,2.008411E+19,-3.325497E+19
27.63897,2.007811E+19,-3.323021E+19
27.66394,2.007038E+19,-3.319715E+19
27.68509,2.006371E+19,-3.317039E+19
27.70522,2.005752E+19,-3.314533E+19
27.72995,2.005003E+19,-3.311406E+19
27.749,2.004435E+19,-3.309014E+19
27.76892,2.003848E+19,-3.306522E+19
27.78659,2.003328E+19,-3.304359E+19
27.81584,2.002472E+19,-3.300822E+19
27.83665,2.001873E+19,-3.298265E+19
27.8533,2.001401E+19,-3.296247E+19
27.87257,2.000865E+19,-3.293904E+19
27.88893,2.000426E+19,-3.291923E+19
27.91843,1.999639E+19,-3.288343E+19
27.94486,1.99891E+19,-3.285227E+19
27.9691,1.998276E+19,-3.282154E+19
27.98761,1.997816E+19,-3.279878E+19
28.01318,1.997093E+19,-3.276624E+19
28.0307,1.996579E+19,-3.274509E+19
28.04901,1.996057E+19,-3.272312E+19
28.07264,1.995393E+19,-3.269463E+19
28.09616,1.994734E+19,-3.266648E+19
28.11571,1.994186E+19,-3.264342E+19
28.13486,1.99366E+19,-3.26211E+19
28.15269,1.993182E+19,-3.260056E+19
28.16974,1.992738E+19,-3.258105E+19
28.18831,1.99225E+19,-3.256001E+19
28.21317,1.991619E+19,-3.253191E+19
28.23313,1.991104E+19,-3.250949E+19
28.25209,1.990612E+19,-3.248865E+19
28.26949,1.990163E+19,-3.247018E+19
28.28675,1.989742E+19,-3.245161E+19
28.30423,1.989318E+19,-3.243259E+19
28.32947,1.98869E+19,-3.240412E+19
28.34961,1.988179E+19,-3.238201E+19
28.36803,1.987698E+19,-3.236023E+19
28.38611,1.987214E+19,-3.233923E+19
28.40326,1.986737E+19,-3.231987E+19
28.41963,1.986301E+19,-3.230164E+19
28.43617,1.985868E+19,-3.228373E+19
28.45291,1.985436E+19,-3.2266E+19
28.4694,1.98502E+19,-3.224821E+19
28.48626,1.984593E+19,-3.222982E+19
28.50289,1.984174E+19,-3.221221E+19
28.51968,1.983752E+19,-3.219419E+19
28.53824,1.983274E+19,-3.217438E+19
28.56295,1.982639E+19,-3.214918E+19
28.58415,1.982129E+19,-3.212671E+19
28.60874,1.981557E+19,-3.210084E+19
28.63017,1.981041E+19,-3.207856E+19
28.64797,1.980617E+19,-3.206027E+19
28.66731,1.980137E+19,-3.203956E+19
28.68825,1.979595E+19,-3.20179E+19
28.71325,1.978951E+19,-3.199205E+19
28.73232,1.978482E+19,-3.197174E+19
28.75058,1.978033E+19,-3.19522E+19
28.76872,1.977577E+19,-3.193313E+19
28.78624,1.977139E+19,-3.191478E+19
28.80332,1.976717E+19,-3.189688E+19
28.82021,1.976307E+19,-3.187943E+19
28.83693,1.975903E+19,-3.186224E+19
28.8534,1.975507E+19,-3.184525E+19
28.87033,1.975097E+19,-3.182776E+19
28.88639,1.974702E+19,-3.181128E+19
28.90285,1.974307E+19,-3.179486E+19
28.91978,1.97391E+19,-3.177815E+19
28.93654,1.973516E+19,-3.176149E+19
28.95485,1.973083E+19,-3.174325E+19
28.97972,1.972486E+19,-3.17197E+19
29.00532,1.971928E+19,-3.16931E+19
29.02922,1.971395E+19,-3.16686E+19
29.04909,1.970912E+19,-3.164868E+19
29.06714,1.970494E+19,-3.163078E+19
29.08689,1.970042E+19,-3.161145E+19
29.10512,1.969626E+19,-3.159365E+19
29.12927,1.969091E+19,-3.15705E+19
29.14802,1.968672E+19,-3.155298E+19
29.16513,1.968296E+19,-3.153745E+19
29.18371,1.967882E+19,-3.151974E+19
29.20489,1.967401E+19,-3.15003E+19
29.22903,1.966868E+19,-3.147865E+19
29.24838,1.966447E+19,-3.146112E+19
29.26645,1.966066E+19,-3.144475E+19
29.28557,1.965659E+19,-3.142697E+19
29.30202,1.96531E+19,-3.141188E+19
29.31857,1.964952E+19,-3.139669E+19
29.33514,1.964591E+19,-3.138182E+19
29.35161,1.96424E+19,-3.136725E+19
29.37184,1.963819E+19,-3.134921E+19
29.39542,1.963333E+19,-3.132872E+19
29.41287,1.962988E+19,-3.13139E+19
29.42946,1.962701E+19,-3.129779E+19
29.44717,1.962388E+19,-3.128101E+19
29.46452,1.962015E+19,-3.126544E+19
29.48149,1.961656E+19,-3.125225E+19
29.49827,1.961285E+19,-3.123572E+19
29.51529,1.96092E+19,-3.121918E+19
29.53152,1.960577E+19,-3.120505E+19
29.54878,1.960224E+19,-3.118938E+19
29.56544,1.959861E+19,-3.117358E+19
29.58564,1.959432E+19,-3.115543E+19
29.60228,1.95909E+19,-3.114091E+19
29.61954,1.958745E+19,-3.112622E+19
29.63677,1.958404E+19,-3.111201E+19
29.65231,1.958114E+19,-3.109988E+19
29.67154,1.957816E+19,-3.108226E+19
29.69654,1.957409E+19,-3.106067E+19
29.71707,1.956993E+19,-3.104304E+19
29.73533,1.956627E+19,-3.102745E+19
29.75188,1.956298E+19,-3.101344E+19
29.76863,1.955965E+19,-3.099922E+19
29.78691,1.955613E+19,-3.098406E+19
29.80254,1.95531E+19,-3.097176E+19
29.81908,1.955001E+19,-3.095837E+19
29.83568,1.954699E+19,-3.09449E+19
29.85215,1.954416E+19,-3.09316E+19
29.86971,1.954087E+19,-3.091777E+19
29.88595,1.953762E+19,-3.09042E+19
29.90223,1.953446E+19,-3.089163E+19
29.91887,1.953138E+19,-3.087955E+19
29.93532,1.952857E+19,-3.08683E+19
29.95186,1.952697E+19,-3.085325E+19
29.96869,1.952519E+19,-3.08386E+19
29.98529,1.952193E+19,-3.082496E+19
30.00145,1.951894E+19,-3.081255E+19
30.01852,1.951596E+19,-3.080049E+19
30.0355,1.951265E+19,-3.07854E+19
30.05313,1.950919E+19,-3.077086E+19
30.07511,1.95051E+19,-3.075372E+19
30.09539,1.950146E+19,-3.073812E+19
30.11597,1.949784E+19,-3.072249E+19
30.13553,1.94944E+19,-3.070788E+19
30.15265,1.94915E+19,-3.069536E+19
30.16914,1.948866E+19,-3.068334E+19
30.18646,1.948571E+19,-3.067049E+19
30.21238,1.948123E+19,-3.065136E+19
30.2314,1.947795E+19,-3.063691E+19
30.24925,1.947489E+19,-3.062347E+19
30.26855,1.947167E+19,-3.060925E+19
30.28671,1.946862E+19,-3.0596E+19
30.3125,1.946435E+19,-3.057717E+19
30.33398,1.946082E+19,-3.056145E+19
30.35132,1.945791E+19,-3.054869E+19
30.36768,1.945521E+19,-3.053671E+19
30.38445,1.945237E+19,-3.052445E+19
30.40119,1.944963E+19,-3.051258E+19
30.41795,1.944699E+19,-3.050085E+19
30.43526,1.944436E+19,-3.048884E+19
30.45182,1.944182E+19,-3.047747E+19
30.46844,1.943924E+19,-3.046594E+19
30.48507,1.943668E+19,-3.045427E+19
30.50154,1.943431E+19,-3.044276E+19
30.51839,1.943185E+19,-3.043099E+19
30.53782,1.942901E+19,-3.041739E+19
30.56643,1.942478E+19,-3.039658E+19
30.58856,1.942125E+19,-3.038085E+19
30.61274,1.941719E+19,-3.036408E+19
30.63095,1.941425E+19,-3.03519E+19
30.65347,1.941061E+19,-3.033723E+19
30.68118,1.940651E+19,-3.031739E+19
30.70182,1.940338E+19,-3.030292E+19
30.72234,1.940011E+19,-3.028879E+19
30.74692,1.939628E+19,-3.027263E+19
30.76664,1.939338E+19,-3.026029E+19
30.78414,1.939093E+19,-3.024846E+19
30.80173,1.938808E+19,-3.023611E+19
30.81907,1.9385E+19,-3.022453E+19
30.83627,1.938205E+19,-3.021312E+19
30.85987,1.937804E+19,-3.019738E+19
30.87927,1.937474E+19,-3.018421E+19
30.89864,1.937154E+19,-3.017132E+19
30.91711,1.936855E+19,-3.015933E+19
30.93537,1.93657E+19,-3.014778E+19
30.9532,1.936305E+19,-3.013681E+19
30.9794,1.935911E+19,-3.012018E+19
30.99876,1.935629E+19,-3.010792E+19
31.01686,1.935377E+19,-3.00966E+19
31.03473,1.935131E+19,-3.008519E+19
31.05249,1.934883E+19,-3.007342E+19
31.06878,1.93464E+19,-3.006295E+19
31.087,1.93436E+19,-3.005136E+19
31.11209,1.933991E+19,-3.003574E+19
31.13039,1.933719E+19,-3.002447E+19
31.15089,1.933421E+19,-3.001199E+19
31.16803,1.933173E+19,-3.000174E+19
31.18809,1.932884E+19,-2.998999E+19
31.21268,1.932536E+19,-2.997585E+19
31.2319,1.932271E+19,-2.996521E+19
31.24993,1.932038E+19,-2.995537E+19
31.26742,1.931813E+19,-2.994612E+19
31.28423,1.931619E+19,-2.993711E+19
31.3011,1.931414E+19,-2.992627E+19
31.31799,1.931187E+19,-2.991621E+19
31.33484,1.930962E+19,-2.990663E+19
31.35172,1.93074E+19,-2.98969E+19
31.36883,1.930524E+19,-2.988746E+19
31.38534,1.930317E+19,-2.987933E+19
31.40228,1.930115E+19,-2.986955E+19
31.41855,1.929912E+19,-2.986051E+19
31.43471,1.92972E+19,-2.985122E+19
31.45116,1.929532E+19,-2.984175E+19
31.46761,1.929321E+19,-2.983282E+19
31.48439,1.929102E+19,-2.982412E+19
31.50171,1.928884E+19,-2.981504E+19
31.51814,1.928677E+19,-2.980643E+19
31.53721,1.928449E+19,-2.979642E+19
31.56205,1.928172E+19,-2.978335E+19
31.58168,1.927961E+19,-2.977289E+19
31.60714,1.927675E+19,-2.976102E+19
31.62878,1.927451E+19,-2.974829E+19
31.64962,1.9272E+19,-2.973608E+19
31.66823,1.926943E+19,-2.972524E+19
31.68723,1.926694E+19,-2.971453E+19
31.71349,1.926365E+19,-2.970047E+19
31.73211,1.926135E+19,-2.969092E+19
31.75074,1.925913E+19,-2.968217E+19
31.7681,1.925698E+19,-2.9674E+19
31.78477,1.925491E+19,-2.966383E+19
31.80121,1.925353E+19,-2.965523E+19
31.81821,1.925157E+19,-2.964644E+19
31.83541,1.92495E+19,-2.963765E+19
31.8521,1.924755E+19,-2.962908E+19
31.86853,1.924563E+19,-2.962067E+19
31.88491,1.924372E+19,-2.961263E+19
31.90141,1.92419E+19,-2.960459E+19
31.9186,1.924009E+19,-2.959567E+19
31.93535,1.923825E+19,-2.958701E+19
31.95196,1.923632E+19,-2.957852E+19
31.96833,1.923444E+19,-2.957046E+19
31.98705,1.923231E+19,-2.956137E+19
32.01215,1.922952E+19,-2.954958E+19
32.02872,1.922772E+19,-2.954207E+19
32.04552,1.922589E+19,-2.95343E+19
32.06216,1.922402E+19,-2.952689E+19
32.07972,1.922215E+19,-2.951912E+19
32.09741,1.922036E+19,-2.95108E+19
32.11449,1.92186E+19,-2.950279E+19
32.13155,1.921685E+19,-2.949508E+19
32.14901,1.921518E+19,-2.94872E+19
32.16654,1.921349E+19,-2.947939E+19
32.18546,1.921176E+19,-2.947093E+19
32.20423,1.920999E+19,-2.946262E+19
32.22864,1.92075E+19,-2.94534E+19
32.24678,1.920584E+19,-2.944712E+19
32.26456,1.920504E+19,-2.943402E+19
32.28164,1.920596E+19,-2.942563E+19
32.29841,1.920418E+19,-2.941734E+19
32.31717,1.920221E+19,-2.940882E+19
32.33859,1.920013E+19,-2.939942E+19
32.36227,1.919793E+19,-2.93894E+19
32.38414,1.919589E+19,-2.938022E+19
32.40069,1.919437E+19,-2.937323E+19
32.41752,1.919286E+19,-2.936624E+19
32.43424,1.919139E+19,-2.935928E+19
32.45107,1.918986E+19,-2.935258E+19
32.46802,1.918838E+19,-2.934595E+19
32.48569,1.918685E+19,-2.933931E+19
32.50159,1.918543E+19,-2.933293E+19
32.51818,1.918389E+19,-2.932597E+19
32.53519,1.918212E+19,-2.931912E+19
32.55241,1.918023E+19,-2.931285E+19
32.57889,1.917755E+19,-2.930215E+19
32.59754,1.917561E+19,-2.929327E+19
32.61435,1.917388E+19,-2.92859E+19
32.63166,1.917217E+19,-2.927884E+19
32.64888,1.917069E+19,-2.927225E+19
32.6658,1.916933E+19,-2.926594E+19
32.68566,1.916792E+19,-2.925891E+19
32.70343,1.916664E+19,-2.925189E+19
32.72877,1.916446E+19,-2.924233E+19
32.74641,1.916292E+19,-2.923507E+19
32.76404,1.916129E+19,-2.922778E+19
32.7823,1.91597E+19,-2.922053E+19
32.799,1.915829E+19,-2.921411E+19
32.81611,1.915692E+19,-2.920746E+19
32.83369,1.915545E+19,-2.920103E+19
32.85039,1.915415E+19,-2.919512E+19
32.86789,1.915282E+19,-2.918923E+19
32.88469,1.915155E+19,-2.918364E+19
32.90076,1.915042E+19,-2.917846E+19
32.91758,1.914935E+19,-2.917299E+19
32.93465,1.914823E+19,-2.916748E+19
32.95277,1.914702E+19,-2.916148E+19
32.97832,1.91452E+19,-2.915254E+19
32.9972,1.914385E+19,-2.914571E+19
33.01437,1.914268E+19,-2.91397E+19
33.03107,1.914155E+19,-2.913403E+19
33.04766,1.914045E+19,-2.912876E+19
33.06874,1.913915E+19,-2.912252E+19
33.08596,1.913813E+19,-2.91198E+19
33.10274,1.913704E+19,-2.91115E+19
33.12936,1.914337E+19,-2.910312E+19
33.14695,1.914249E+19,-2.909759E+19
33.16492,1.914119E+19,-2.909185E+19
33.18345,1.91399E+19,-2.908547E+19
33.20265,1.913839E+19,-2.907905E+19
33.22084,1.913696E+19,-2.90732E+19
33.2455,1.913519E+19,-2.906565E+19
33.26389,1.913382E+19,-2.90602E+19
33.28156,1.91326E+19,-2.90552E+19
33.29822,1.91315E+19,-2.905066E+19
33.31677,1.91303E+19,-2.904592E+19
33.33431,1.912936E+19,-2.904171E+19
33.35145,1.912857E+19,-2.903637E+19
33.36818,1.912778E+19,-2.903139E+19
33.38483,1.912689E+19,-2.902723E+19
33.40154,1.912606E+19,-2.902376E+19
33.41832,1.912509E+19,-2.901868E+19
33.43483,1.912392E+19,-2.901395E+19
33.45129,1.912303E+19,-2.900917E+19
33.46833,1.912198E+19,-2.900421E+19
33.4845,1.912089E+19,-2.900003E+19
33.50084,1.911999E+19,-2.899577E+19
33.51806,1.911901E+19,-2.899229E+19
33.53592,1.911809E+19,-2.89892E+19
33.55183,1.911748E+19,-2.898449E+19
33.57143,1.911713E+19,-2.897915E+19
33.59483,1.911589E+19,-2.897267E+19
33.61329,1.911499E+19,-2.896847E+19
33.63016,1.911433E+19,-2.896503E+19
33.64728,1.911372E+19,-2.896174E+19
33.66588,1.911299E+19,-2.89575E+19
33.6862,1.911206E+19,-2.895322E+19
33.71212,1.911109E+19,-2.894778E+19
33.73075,1.910987E+19,-2.894262E+19
33.74817,1.910872E+19,-2.893876E+19
33.76558,1.910795E+19,-2.893522E+19
33.78316,1.910736E+19,-2.893208E+19
33.80524,1.910667E+19,-2.892904E+19
33.82832,1.910602E+19,-2.892276E+19
33.8471,1.91052E+19,-2.89187E+19
33.86481,1.910439E+19,-2.891508E+19
33.88089,1.910372E+19,-2.891215E+19
33.89777,1.910307E+19,-2.89095E+19
33.91449,1.91025E+19,-2.890761E+19
33.93161,1.91018E+19,-2.890271E+19
33.94858,1.910099E+19,-2.88988E+19
33.96586,1.91001E+19,-2.889555E+19
33.98292,1.909941E+19,-2.889258E+19
33.9995,1.909867E+19,-2.888962E+19
34.01687,1.909795E+19,-2.888644E+19
34.03331,1.90974E+19,-2.888366E+19
34.04991,1.909691E+19,-2.888119E+19
34.06727,1.909647E+19,-2.887836E+19
34.08392,1.909604E+19,-2.887567E+19
34.10067,1.90955E+19,-2.887344E+19
34.11703,1.909503E+19,-2.887153E+19
34.13472,1.909447E+19,-2.886886E+19
34.15143,1.909396E+19,-2.886615E+19
34.16876,1.909375E+19,-2.886362E+19
34.19564,1.909363E+19,-2.885787E+19
34.21738,1.909312E+19,-2.885469E+19
34.23466,1.909237E+19,-2.885212E+19
34.2516,1.909161E+19,-2.884955E+19
34.26796,1.909098E+19,-2.884716E+19
34.28444,1.909045E+19,-2.884481E+19
34.3008,1.908998E+19,-2.884207E+19
34.31749,1.908944E+19,-2.883941E+19
34.33405,1.908888E+19,-2.883729E+19
34.35126,1.908841E+19,-2.883372E+19
34.36828,1.908795E+19,-2.88311E+19
34.3847,1.908742E+19,-2.882887E+19
34.40302,1.908691E+19,-2.882655E+19
34.42849,1.908628E+19,-2.882366E+19
34.44759,1.908583E+19,-2.882172E+19
34.46425,1.908546E+19,-2.882015E+19
34.48096,1.908513E+19,-2.881849E+19
34.49825,1.908482E+19,-2.881677E+19
34.51885,1.908442E+19,-2.881471E+19
34.53659,1.908407E+19,-2.881287E+19
34.56126,1.908349E+19,-2.881039E+19
34.58248,1.908308E+19,-2.880782E+19
34.60032,1.90828E+19,-2.880606E+19
34.61798,1.908245E+19,-2.880458E+19
34.63694,1.908221E+19,-2.880311E+19
34.66281,1.908192E+19,-2.880121E+19
34.68298,1.908175E+19,-2.879984E+19
34.70235,1.908175E+19,-2.879982E+19
34.72884,1.908297E+19,-2.879678E+19
34.74735,1.90838E+19,-2.879522E+19
34.76394,1.908354E+19,-2.879411E+19
34.78027,1.908345E+19,-2.879311E+19
34.79725,1.908339E+19,-2.879219E+19
34.8136,1.908331E+19,-2.879138E+19
34.83047,1.908332E+19,-2.879082E+19
34.8468,1.908329E+19,-2.87905E+19
34.86352,1.908337E+19,-2.879022E+19
34.88063,1.908351E+19,-2.878946E+19
34.89787,1.908366E+19,-2.87889E+19
34.91582,1.908372E+19,-2.878866E+19
34.93527,1.908396E+19,-2.878872E+19
34.9613,1.908421E+19,-2.878846E+19
34.97976,1.908436E+19,-2.878859E+19
34.99701,1.908443E+19,-2.8789E+19
35.01424,1.908448E+19,-2.878953E+19
35.03082,1.908463E+19,-2.879036E+19
35.04766,1.908481E+19,-2.879127E+19
35.06472,1.908518E+19,-2.879447E+19
35.08195,1.908342E+19,-2.879061E+19
35.09974,1.908337E+19,-2.878912E+19
35.1184,1.908361E+19,-2.878851E+19
35.13618,1.908376E+19,-2.878777E+19
35.16143,1.90839E+19,-2.878715E+19
35.18185,1.908399E+19,-2.878691E+19
35.20174,1.908415E+19,-2.87866E+19
35.21908,1.908433E+19,-2.878654E+19
35.24514,1.908461E+19,-2.878672E+19
35.26259,1.90848E+19,-2.878708E+19
35.28404,1.908496E+19,-2.878742E+19
35.30081,1.908511E+19,-2.878782E+19
35.31755,1.908534E+19,-2.878868E+19
35.33411,1.908557E+19,-2.878959E+19
35.35052,1.90859E+19,-2.879082E+19
35.36959,1.90866E+19,-2.879167E+19
35.39457,1.908711E+19,-2.879275E+19
35.41774,1.908728E+19,-2.879483E+19
35.43988,1.90879E+19,-2.879772E+19
35.46132,1.90888E+19,-2.879923E+19
35.4786,1.908986E+19,-2.880071E+19
35.49548,1.909068E+19,-2.880163E+19
35.5127,1.909126E+19,-2.880339E+19
35.52965,1.909172E+19,-2.880563E+19
35.55075,1.909246E+19,-2.880894E+19
35.56873,1.909315E+19,-2.881221E+19
35.59425,1.909419E+19,-2.881339E+19
35.6131,1.909504E+19,-2.881339E+19
35.62979,1.909536E+19,-2.881435E+19
35.64679,1.909573E+19,-2.881598E+19
35.66663,1.909631E+19,-2.881845E+19
35.68643,1.909704E+19,-2.882116E+19
35.7114,1.909796E+19,-2.882449E+19
35.73024,1.909859E+19,-2.882716E+19
35.74769,1.909906E+19,-2.882877E+19
35.76583,1.909956E+19,-2.88309E+19
35.78326,1.910012E+19,-2.883377E+19
35.80114,1.910092E+19,-2.883721E+19
35.81871,1.910174E+19,-2.883809E+19
35.8443,1.910265E+19,-2.884043E+19
35.86947,1.910344E+19,-2.884365E+19
35.89439,1.910432E+19,-2.884729E+19
35.91287,1.910501E+19,-2.88502E+19
35.93148,1.910579E+19,-2.885353E+19
35.94939,1.910665E+19,-2.885688E+19
35.96873,1.910761E+19,-2.885984E+19
35.99376,1.910885E+19,-2.886425E+19
36.01134,1.910983E+19,-2.886761E+19
36.02901,1.911101E+19,-2.887057E+19
36.04682,1.911211E+19,-2.887369E+19
36.06889,1.911345E+19,-2.887792E+19
36.09468,1.911498E+19,-2.888333E+19
36.11245,1.911602E+19,-2.888633E+19
36.13061,1.911705E+19,-2.88894E+19
36.14904,1.911802E+19,-2.889293E+19
36.1692,1.91193E+19,-2.889691E+19
36.19519,1.912076E+19,-2.890273E+19
36.21532,1.912189E+19,-2.890753E+19
36.23472,1.912304E+19,-2.891228E+19
36.26105,1.912469E+19,-2.89194E+19
36.27951,1.912554E+19,-2.892301E+19
36.29734,1.912647E+19,-2.89274E+19
36.31453,1.912775E+19,-2.893189E+19
36.33473,1.912925E+19,-2.893689E+19
36.3514,1.91306E+19,-2.894127E+19
36.36846,1.913203E+19,-2.894515E+19
36.3861,1.91335E+19,-2.895037E+19
36.41171,1.913672E+19,-2.895441E+19
36.42948,1.913883E+19,-2.895808E+19
36.44743,1.913983E+19,-2.896263E+19
36.46503,1.914109E+19,-2.896803E+19
36.48305,1.91425E+19,-2.897303E+19
36.50082,1.914398E+19,-2.89781E+19
36.51818,1.914554E+19,-2.898558E+19
36.53458,1.914858E+19,-2.899016E+19
36.56136,1.915324E+19,-2.899629E+19
36.58231,1.915473E+19,-2.900309E+19
36.60118,1.915634E+19,-2.901007E+19
36.61803,1.915773E+19,-2.901528E+19
36.63641,1.915922E+19,-2.902006E+19
36.66124,1.916126E+19,-2.902675E+19
36.68343,1.916327E+19,-2.903378E+19
36.70362,1.916512E+19,-2.904073E+19
36.72832,1.91675E+19,-2.904964E+19
36.74775,1.916953E+19,-2.905697E+19
36.76563,1.917143E+19,-2.906535E+19
36.78345,1.917338E+19,-2.906996E+19
36.80118,1.917566E+19,-2.907532E+19
36.81804,1.917758E+19,-2.90815E+19
36.83525,1.917947E+19,-2.908824E+19
36.86281,1.91823E+19,-2.909717E+19
36.88358,1.918427E+19,-2.910441E+19
36.9018,1.918604E+19,-2.911153E+19
36.92547,1.918831E+19,-2.912065E+19
