0.02,9.420974E+18,-1.544642E+19,-6.025448E+18
0.3533334,9.446817E+18,-1.54576E+19,-6.010785E+18
0.4197947,1.183769E+19,-1.544861E+19,-3.610923E+18
0.4686864,1.670795E+19,-1.544677E+19,1.261185E+18
0.5141786,1.672732E+19,-1.546435E+19,1.262973E+18
0.5616831,1.682014E+19,-1.544958E+19,1.370557E+18
0.5936549,1.697307E+19,-1.544925E+19,1.523816E+18
0.618211,1.697256E+19,-1.544894E+19,1.523622E+18
0.6363301,1.697173E+19,-1.544903E+19,1.5227E+18
0.6531404,1.697383E+19,-1.545637E+19,1.51746E+18
0.6697543,1.699927E+19,-1.545017E+19,1.549092E+18
0.6875204,1.706253E+19,-1.54505E+19,1.612024E+18
0.7034792,1.706095E+19,-1.545257E+19,1.608372E+18
0.7197027,1.706718E+19,-1.544824E+19,1.61894E+18
0.735826,1.707478E+19,-1.544733E+19,1.627444E+18
0.7526357,1.70728E+19,-1.544824E+19,1.624563E+18
0.7695438,1.707287E+19,-1.545021E+19,1.622661E+18
0.7861294,1.707322E+19,-1.545617E+19,1.61705E+18
0.8025748,1.707433E+19,-1.546477E+19,1.60957E+18
0.8192933,1.708753E+19,-1.545625E+19,1.631286E+18
0.8357995,1.711656E+19,-1.545911E+19,1.65745E+18
0.8529063,1.713668E+19,-1.545288E+19,1.683805E+18
0.8714185,1.718474E+19,-1.546012E+19,1.724621E+18
0.8907927,1.718575E+19,-1.546769E+19,1.718065E+18
0.9066668,1.719052E+19,-1.546117E+19,1.729348E+18
0.9228643,1.719602E+19,-1.545843E+19,1.737581E+18
0.9389296,1.719731E+19,-1.546709E+19,1.730223E+18
0.9553788,1.719829E+19,-1.546914E+19,1.729154E+18
0.9708874,1.720424E+19,-1.547636E+19,1.727884E+18
0.9870757,1.721718E+19,-1.548419E+19,1.732984E+18
1.003137,1.725132E+19,-1.547879E+19,1.77253E+18
1.018915,1.727983E+19,-1.549691E+19,1.782915E+18
1.034686,1.738189E+19,-1.547866E+19,1.903226E+18
1.052073,1.766967E+19,-1.548484E+19,2.184831E+18
1.068236,1.768466E+19,-1.548475E+19,2.199913E+18
1.08501,1.77613E+19,-1.548712E+19,2.274177E+18
1.101109,1.781149E+19,-1.547182E+19,2.339668E+18
1.122141,1.782493E+19,-1.549927E+19,2.325651E+18
1.138076,1.79164E+19,-1.549229E+19,2.42411E+18
1.155307,1.823178E+19,-1.549054E+19,2.741238E+18
1.178837,1.82692E+19,-1.548813E+19,2.781064E+18
1.200993,1.8355E+19,-1.549371E+19,2.861296E+18
1.219125,1.837264E+19,-1.548426E+19,2.888377E+18
1.236659,1.838699E+19,-1.548623E+19,2.900761E+18
1.25392,1.839411E+19,-1.546834E+19,2.92577E+18
1.27247,1.841014E+19,-1.5467E+19,2.943132E+18
1.290341,1.841863E+19,-1.546419E+19,2.954436E+18
1.307113,1.842791E+19,-1.547991E+19,2.947998E+18
1.322958,1.887078E+19,-1.546653E+19,3.404246E+18
1.339023,2.018448E+19,-1.546926E+19,4.715214E+18
1.355126,2.023319E+19,-1.547032E+19,4.76287E+18
1.370879,2.024072E+19,-1.548643E+19,4.754295E+18
1.387578,2.028077E+19,-1.551829E+19,4.762475E+18
1.404212,2.300575E+19,-1.546625E+19,7.539499E+18
1.420312,3.043424E+19,-1.547564E+19,1.49586E+19
1.436626,3.044013E+19,-1.545981E+19,1.498032E+19
1.453214,3.047096E+19,-1.546826E+19,1.50027E+19
1.469503,3.048563E+19,-1.547229E+19,1.501334E+19
1.485609,3.052617E+19,-1.546059E+19,1.506558E+19
1.501732,3.057636E+19,-1.547298E+19,1.510338E+19
1.517671,3.058897E+19,-1.547938E+19,1.510959E+19
1.534335,3.072039E+19,-1.546124E+19,1.525915E+19
1.550809,3.101325E+19,-1.546766E+19,1.554559E+19
1.568962,3.107511E+19,-1.546505E+19,1.561005E+19
1.585371,3.119982E+19,-1.546286E+19,1.573696E+19
1.602638,3.146563E+19,-1.545296E+19,1.601267E+19
1.618519,3.153643E+19,-1.545455E+19,1.608189E+19
1.635599,3.157088E+19,-1.546147E+19,1.610941E+19
1.654238,3.176585E+19,-1.547012E+19,1.629573E+19
1.671827,3.34353E+19,-1.5471E+19,1.79643E+19
1.688924,3.732653E+19,-1.544101E+19,2.188552E+19
1.706411,3.738092E+19,-1.544519E+19,2.193573E+19
1.722934,3.738088E+19,-1.543712E+19,2.194377E+19
1.739764,3.738449E+19,-1.543694E+19,2.194755E+19
1.756151,3.738636E+19,-1.545444E+19,2.193192E+19
1.772504,3.76065E+19,-1.546484E+19,2.214166E+19
1.78852,3.864107E+19,-1.544681E+19,2.319426E+19
1.804397,3.995218E+19,-1.543532E+19,2.451686E+19
1.820211,3.996264E+19,-1.544357E+19,2.451908E+19
1.836261,3.997733E+19,-1.54508E+19,2.452653E+19
1.85216,4.010174E+19,-1.543612E+19,2.466562E+19
1.869112,4.025988E+19,-1.543962E+19,2.482027E+19
1.885273,4.025782E+19,-1.542956E+19,2.482826E+19
1.901736,4.026139E+19,-1.54422E+19,2.481919E+19
1.918055,4.027262E+19,-1.543578E+19,2.483685E+19
1.934488,4.030006E+19,-1.543203E+19,2.486803E+19
1.951523,4.031094E+19,-1.543069E+19,2.488025E+19
1.967766,4.033197E+19,-1.542563E+19,2.490634E+19
1.984768,4.035589E+19,-1.544242E+19,2.491347E+19
2.001534,4.047049E+19,-1.543058E+19,2.503991E+19
2.017593,4.064634E+19,-1.541795E+19,2.52284E+19
2.034158,4.068425E+19,-1.542106E+19,2.526319E+19
2.050985,4.069333E+19,-1.542182E+19,2.527151E+19
2.067327,4.071857E+19,-1.544093E+19,2.527763E+19
2.084537,4.090178E+19,-1.542678E+19,2.5475E+19
2.101364,4.138372E+19,-1.540492E+19,2.597879E+19
2.117248,4.139922E+19,-1.540569E+19,2.599353E+19
2.13433,4.139722E+19,-1.540798E+19,2.598924E+19
2.152169,4.139839E+19,-1.541802E+19,2.598037E+19
2.168867,4.143946E+19,-1.541428E+19,2.602518E+19
2.186615,4.154926E+19,-1.541438E+19,2.613488E+19
2.204686,4.158839E+19,-1.539658E+19,2.619181E+19
2.22187,4.167263E+19,-1.539489E+19,2.627774E+19
2.237913,4.167597E+19,-1.539039E+19,2.628558E+19
2.254136,4.16779E+19,-1.538845E+19,2.628945E+19
2.269548,4.168044E+19,-1.539573E+19,2.628471E+19
2.285336,4.170575E+19,-1.538902E+19,2.631673E+19
2.301756,4.177093E+19,-1.538837E+19,2.638257E+19
2.318153,4.177276E+19,-1.538245E+19,2.63903E+19
2.334049,4.177591E+19,-1.538039E+19,2.639552E+19
2.350725,4.177612E+19,-1.537827E+19,2.639786E+19
2.367247,4.17775E+19,-1.537996E+19,2.639754E+19
2.383967,4.177844E+19,-1.538628E+19,2.639216E+19
2.40129,4.178069E+19,-1.539787E+19,2.638282E+19
2.417566,4.178678E+19,-1.540541E+19,2.638137E+19
2.433738,4.192028E+19,-1.540049E+19,2.651979E+19
2.451803,4.237458E+19,-1.539129E+19,2.698329E+19
2.469358,4.238036E+19,-1.538463E+19,2.699573E+19
2.485367,4.238242E+19,-1.538263E+19,2.699979E+19
2.501945,4.238551E+19,-1.538422E+19,2.700129E+19
2.518477,4.239436E+19,-1.538697E+19,2.700738E+19
2.534912,4.246013E+19,-1.538107E+19,2.707906E+19
2.551004,4.26184E+19,-1.537214E+19,2.724626E+19
2.568438,4.262507E+19,-1.535988E+19,2.726519E+19
2.587833,4.26254E+19,-1.535884E+19,2.726656E+19
2.605157,4.262559E+19,-1.536993E+19,2.725566E+19
2.622955,4.263139E+19,-1.536626E+19,2.726513E+19
2.641393,4.265267E+19,-1.536404E+19,2.728863E+19
2.667935,4.266776E+19,-1.535476E+19,2.731299E+19
2.685875,4.266677E+19,-1.535637E+19,2.73104E+19
2.703082,4.266972E+19,-1.535285E+19,2.731686E+19
2.72149,4.267428E+19,-1.535364E+19,2.732065E+19
2.737869,4.267513E+19,-1.53559E+19,2.731923E+19
2.753845,4.267709E+19,-1.536766E+19,2.730942E+19
2.769714,4.26811E+19,-1.536679E+19,2.731431E+19
2.785279,4.268731E+19,-1.536945E+19,2.731786E+19
2.801894,4.270548E+19,-1.537308E+19,2.73324E+19
2.818726,4.28252E+19,-1.536148E+19,2.746372E+19
2.834914,4.310387E+19,-1.534093E+19,2.776294E+19
2.850937,4.31177E+19,-1.534427E+19,2.777344E+19
2.867343,4.312895E+19,-1.533908E+19,2.778987E+19
2.885365,4.315972E+19,-1.533705E+19,2.782268E+19
2.902058,4.316163E+19,-1.533528E+19,2.782635E+19
2.91853,4.317636E+19,-1.53341E+19,2.784225E+19
2.935209,4.320941E+19,-1.533689E+19,2.787251E+19
2.951929,4.321591E+19,-1.532864E+19,2.788728E+19
2.968458,4.322484E+19,-1.532915E+19,2.789569E+19
2.984506,4.322752E+19,-1.533138E+19,2.789614E+19
3.00528,4.324336E+19,-1.533117E+19,2.791218E+19
3.021502,4.326636E+19,-1.532958E+19,2.793677E+19
3.037073,4.327372E+19,-1.532289E+19,2.795083E+19
3.053212,4.327794E+19,-1.53253E+19,2.795265E+19
3.068694,4.328225E+19,-1.532182E+19,2.796043E+19
3.085129,4.328618E+19,-1.532057E+19,2.796561E+19
3.101435,4.328689E+19,-1.531477E+19,2.797213E+19
3.117251,4.329156E+19,-1.531325E+19,2.797832E+19
3.13377,4.330996E+19,-1.530441E+19,2.800554E+19
3.152361,4.331913E+19,-1.530388E+19,2.801525E+19
3.17139,4.332286E+19,-1.529917E+19,2.802369E+19
3.189598,4.33284E+19,-1.529501E+19,2.803339E+19
3.216862,4.333486E+19,-1.529401E+19,2.804085E+19
3.239149,4.333726E+19,-1.529106E+19,2.80462E+19
3.261187,4.334162E+19,-1.528826E+19,2.805336E+19
3.283925,4.334904E+19,-1.528314E+19,2.80659E+19
3.305684,4.335539E+19,-1.52848E+19,2.807059E+19
3.328383,4.336193E+19,-1.528668E+19,2.807525E+19
3.352242,4.337333E+19,-1.528648E+19,2.808685E+19
3.375032,4.33825E+19,-1.528098E+19,2.810152E+19
3.401041,4.33931E+19,-1.528074E+19,2.811236E+19
3.425018,4.339681E+19,-1.527043E+19,2.812638E+19
3.450841,4.341016E+19,-1.526606E+19,2.81441E+19
3.473258,4.341362E+19,-1.525805E+19,2.815557E+19
3.499062,4.343233E+19,-1.5246E+19,2.818633E+19
3.5208,4.343353E+19,-1.524172E+19,2.819181E+19
3.538168,4.343376E+19,-1.523973E+19,2.819403E+19
3.557299,4.343435E+19,-1.52362E+19,2.819815E+19
3.576988,4.343487E+19,-1.523445E+19,2.820043E+19
3.601208,4.343631E+19,-1.523874E+19,2.819757E+19
3.621376,4.344584E+19,-1.523182E+19,2.821402E+19
3.640225,4.346072E+19,-1.523056E+19,2.823016E+19
3.667277,4.346214E+19,-1.522372E+19,2.823842E+19
3.689171,4.346767E+19,-1.522016E+19,2.824751E+19
3.710385,4.346919E+19,-1.521574E+19,2.825346E+19
3.733452,4.347004E+19,-1.521206E+19,2.825798E+19
3.753764,4.347108E+19,-1.520975E+19,2.826133E+19
3.772504,4.34726E+19,-1.521019E+19,2.826241E+19
3.793559,4.348035E+19,-1.520357E+19,2.827678E+19
3.816609,4.349524E+19,-1.520238E+19,2.829286E+19
3.835113,4.349469E+19,-1.520664E+19,2.828805E+19
3.853492,4.350009E+19,-1.52062E+19,2.829389E+19
3.87196,4.351001E+19,-1.520344E+19,2.830657E+19
3.890486,4.351217E+19,-1.51929E+19,2.831927E+19
3.908368,4.351523E+19,-1.519095E+19,2.832427E+19
3.933886,4.351712E+19,-1.5191E+19,2.832612E+19
3.952575,4.351845E+19,-1.518701E+19,2.833144E+19
3.970243,4.351965E+19,-1.519076E+19,2.832888E+19
3.988032,4.352733E+19,-1.518453E+19,2.83428E+19
4.00668,4.353851E+19,-1.517515E+19,2.836336E+19
4.02464,4.353666E+19,-1.517592E+19,2.836075E+19
4.050774,4.353695E+19,-1.517128E+19,2.836567E+19
4.068989,4.353832E+19,-1.516626E+19,2.837206E+19
4.086161,4.353935E+19,-1.51651E+19,2.837425E+19
4.103289,4.354017E+19,-1.516175E+19,2.837842E+19
4.120403,4.354089E+19,-1.515734E+19,2.838355E+19
4.137118,4.354094E+19,-1.515382E+19,2.838712E+19
4.159603,4.354215E+19,-1.514973E+19,2.839242E+19
4.184277,4.35434E+19,-1.514846E+19,2.839495E+19
4.206574,4.354357E+19,-1.514349E+19,2.840008E+19
4.224573,4.354388E+19,-1.514029E+19,2.840358E+19
4.250178,4.354479E+19,-1.51364E+19,2.840839E+19
4.268131,4.354591E+19,-1.513425E+19,2.841167E+19
4.285497,4.354616E+19,-1.513252E+19,2.841364E+19
4.302796,4.354641E+19,-1.512793E+19,2.841848E+19
4.319641,4.354664E+19,-1.512499E+19,2.842165E+19
4.339501,4.354715E+19,-1.512582E+19,2.842132E+19
4.358181,4.354766E+19,-1.511846E+19,2.84292E+19
4.383691,4.354842E+19,-1.511396E+19,2.843446E+19
4.402651,4.35486E+19,-1.511291E+19,2.843569E+19
4.419794,4.354955E+19,-1.511154E+19,2.843801E+19
4.438193,4.355048E+19,-1.511002E+19,2.844046E+19
4.457532,4.355211E+19,-1.511016E+19,2.844195E+19
4.484505,4.355397E+19,-1.510416E+19,2.844981E+19
4.511303,4.356083E+19,-1.509405E+19,2.846678E+19
4.533945,4.357051E+19,-1.5094E+19,2.847652E+19
4.551549,4.357077E+19,-1.509058E+19,2.84802E+19
4.569142,4.357213E+19,-1.508787E+19,2.848426E+19
4.58712,4.357337E+19,-1.508766E+19,2.848571E+19
4.606049,4.357436E+19,-1.508345E+19,2.849091E+19
4.625239,4.357452E+19,-1.507677E+19,2.849776E+19
4.654105,4.357359E+19,-1.507532E+19,2.849827E+19
4.673999,4.357263E+19,-1.506895E+19,2.850368E+19
4.700819,4.35765E+19,-1.50605E+19,2.8516E+19
4.719573,4.358099E+19,-1.505996E+19,2.852104E+19
4.736236,4.358839E+19,-1.505119E+19,2.85372E+19
4.753155,4.360703E+19,-1.504678E+19,2.856025E+19
4.770194,4.36066E+19,-1.504477E+19,2.856183E+19
4.788228,4.360717E+19,-1.504561E+19,2.856156E+19
4.806557,4.361494E+19,-1.503775E+19,2.857719E+19
4.82417,4.362651E+19,-1.503362E+19,2.859289E+19
4.850262,4.362474E+19,-1.503427E+19,2.859047E+19
4.875553,4.362662E+19,-1.503311E+19,2.859351E+19
4.900803,4.362998E+19,-1.503005E+19,2.859992E+19
4.918814,4.363101E+19,-1.50259E+19,2.860511E+19
4.936931,4.363158E+19,-1.50177E+19,2.861387E+19
4.955198,4.36317E+19,-1.50129E+19,2.86188E+19
4.974003,4.363239E+19,-1.501294E+19,2.861946E+19
5.000661,4.363071E+19,-1.500136E+19,2.862935E+19
5.019452,4.362997E+19,-1.499695E+19,2.863302E+19
5.037831,4.36299E+19,-1.49946E+19,2.86353E+19
5.054389,4.362997E+19,-1.499201E+19,2.863796E+19
5.07012,4.362922E+19,-1.498529E+19,2.864392E+19
5.085938,4.362969E+19,-1.498137E+19,2.864832E+19
5.102976,4.362922E+19,-1.4978E+19,2.865122E+19
5.118761,4.36287E+19,-1.497524E+19,2.865346E+19
5.136346,4.362855E+19,-1.497251E+19,2.865603E+19
5.154636,4.362835E+19,-1.496985E+19,2.86585E+19
5.174323,4.362822E+19,-1.49681E+19,2.866012E+19
5.200806,4.362828E+19,-1.496571E+19,2.866257E+19
5.221141,4.362879E+19,-1.496188E+19,2.866691E+19
5.237666,4.362935E+19,-1.496026E+19,2.866909E+19
5.253747,4.363076E+19,-1.495701E+19,2.867375E+19
5.269598,4.363178E+19,-1.495388E+19,2.86779E+19
5.285562,4.363064E+19,-1.4952E+19,2.867865E+19
5.303073,4.363013E+19,-1.49499E+19,2.868023E+19
5.320443,4.363051E+19,-1.495001E+19,2.86805E+19
5.338818,4.36301E+19,-1.494666E+19,2.868344E+19
5.355399,4.363105E+19,-1.494404E+19,2.868701E+19
5.372024,4.363165E+19,-1.494196E+19,2.86897E+19
5.38826,4.36319E+19,-1.493818E+19,2.869372E+19
5.404726,4.363172E+19,-1.493462E+19,2.86971E+19
5.421413,4.363167E+19,-1.493225E+19,2.869943E+19
5.438106,4.363225E+19,-1.492929E+19,2.870296E+19
5.455147,4.363234E+19,-1.492618E+19,2.870616E+19
5.471336,4.363274E+19,-1.492484E+19,2.87079E+19
5.48832,4.363413E+19,-1.491957E+19,2.871456E+19
5.504576,4.363439E+19,-1.491557E+19,2.871881E+19
5.521024,4.363359E+19,-1.491515E+19,2.871844E+19
5.537288,4.363302E+19,-1.490982E+19,2.87232E+19
5.553813,4.36333E+19,-1.490687E+19,2.872643E+19
5.571157,4.363356E+19,-1.490461E+19,2.872896E+19
5.587234,4.363371E+19,-1.490221E+19,2.87315E+19
5.604628,4.363364E+19,-1.489915E+19,2.873449E+19
5.623152,4.363334E+19,-1.489618E+19,2.873716E+19
5.651101,4.363359E+19,-1.488867E+19,2.874493E+19
5.668618,4.363363E+19,-1.488358E+19,2.875005E+19
5.686594,4.36332E+19,-1.487954E+19,2.875367E+19
5.704371,4.363296E+19,-1.487641E+19,2.875655E+19
5.722464,4.363304E+19,-1.48735E+19,2.875954E+19
5.739064,4.363225E+19,-1.486933E+19,2.876293E+19
5.754418,4.363185E+19,-1.486689E+19,2.876496E+19
5.774825,4.363253E+19,-1.48638E+19,2.876873E+19
5.799866,4.363271E+19,-1.486063E+19,2.877209E+19
5.82408,4.363243E+19,-1.485489E+19,2.877754E+19
5.849919,4.363199E+19,-1.485199E+19,2.878E+19
5.86979,4.363175E+19,-1.484701E+19,2.878474E+19
5.886156,4.363237E+19,-1.483998E+19,2.879239E+19
5.903139,4.363277E+19,-1.483659E+19,2.879618E+19
5.919473,4.363237E+19,-1.483473E+19,2.879764E+19
5.936578,4.363184E+19,-1.482936E+19,2.880248E+19
5.953269,4.363108E+19,-1.482446E+19,2.880662E+19
5.970141,4.363057E+19,-1.482037E+19,2.88102E+19
5.98765,4.363029E+19,-1.481576E+19,2.881453E+19
6.008592,4.362953E+19,-1.481059E+19,2.881893E+19
6.03298,4.362869E+19,-1.480584E+19,2.882285E+19
6.05122,4.362826E+19,-1.480363E+19,2.882463E+19
6.068127,4.362837E+19,-1.480921E+19,2.881916E+19
6.084649,4.363397E+19,-1.479706E+19,2.883692E+19
6.101549,4.36622E+19,-1.479222E+19,2.886998E+19
6.118538,4.366219E+19,-1.478905E+19,2.887314E+19
6.135814,4.366173E+19,-1.478629E+19,2.887544E+19
6.155195,4.366183E+19,-1.47828E+19,2.887903E+19
6.174508,4.366181E+19,-1.477788E+19,2.888393E+19
6.200019,4.366114E+19,-1.477204E+19,2.888911E+19
6.219482,4.366048E+19,-1.476818E+19,2.88923E+19
6.238743,4.366008E+19,-1.476641E+19,2.889367E+19
6.255927,4.365938E+19,-1.47584E+19,2.890098E+19
6.273169,4.366112E+19,-1.475353E+19,2.890759E+19
6.290188,4.366045E+19,-1.475001E+19,2.891043E+19
6.306858,4.365995E+19,-1.474829E+19,2.891166E+19
6.332624,4.366101E+19,-1.474066E+19,2.892035E+19
6.349709,4.366217E+19,-1.473648E+19,2.892569E+19
6.367271,4.366177E+19,-1.473325E+19,2.892852E+19
6.384583,4.36613E+19,-1.473057E+19,2.893073E+19
6.401865,4.366096E+19,-1.472861E+19,2.893234E+19
6.41933,4.366078E+19,-1.472743E+19,2.893335E+19
6.435743,4.366087E+19,-1.472428E+19,2.89366E+19
6.452559,4.366119E+19,-1.472215E+19,2.893905E+19
6.469174,4.366254E+19,-1.471786E+19,2.894468E+19
6.485694,4.366335E+19,-1.471528E+19,2.894807E+19
6.502076,4.366332E+19,-1.471066E+19,2.895266E+19
6.518809,4.366458E+19,-1.470418E+19,2.89604E+19
6.535318,4.366356E+19,-1.470009E+19,2.896347E+19
6.553922,4.366279E+19,-1.469637E+19,2.896643E+19
6.575493,4.366225E+19,-1.469249E+19,2.896976E+19
6.599257,4.366136E+19,-1.46869E+19,2.897445E+19
6.616314,4.36606E+19,-1.468355E+19,2.897706E+19
6.634819,4.366002E+19,-1.468074E+19,2.897928E+19
6.654398,4.365924E+19,-1.467763E+19,2.898161E+19
6.672699,4.365912E+19,-1.467476E+19,2.898436E+19
6.689842,4.365924E+19,-1.467229E+19,2.898695E+19
6.716338,4.365851E+19,-1.466649E+19,2.899202E+19
6.733887,4.365838E+19,-1.466368E+19,2.89947E+19
6.750096,4.365814E+19,-1.466053E+19,2.899761E+19
6.766545,4.365787E+19,-1.465685E+19,2.900102E+19
6.782849,4.365756E+19,-1.465371E+19,2.900385E+19
6.799735,4.365709E+19,-1.465118E+19,2.900591E+19
6.816337,4.36567E+19,-1.464929E+19,2.900741E+19
6.832963,4.365646E+19,-1.464792E+19,2.900854E+19
6.849623,4.365623E+19,-1.4648E+19,2.900823E+19
6.866882,4.365783E+19,-1.464092E+19,2.901692E+19
6.884276,4.366341E+19,-1.463662E+19,2.902679E+19
6.90093,4.366333E+19,-1.463361E+19,2.902971E+19
6.917662,4.366273E+19,-1.463051E+19,2.903222E+19
6.93509,4.366216E+19,-1.462742E+19,2.903474E+19
6.951578,4.366184E+19,-1.462374E+19,2.90381E+19
6.968419,4.366147E+19,-1.462041E+19,2.904107E+19
6.985237,4.366085E+19,-1.461595E+19,2.90449E+19
7.002274,4.366012E+19,-1.461218E+19,2.904794E+19
7.018592,4.365964E+19,-1.460855E+19,2.905109E+19
7.038311,4.365886E+19,-1.46039E+19,2.905496E+19
7.06083,4.36581E+19,-1.459867E+19,2.905942E+19
7.082633,4.365763E+19,-1.459375E+19,2.906388E+19
7.101277,4.365721E+19,-1.458947E+19,2.906774E+19
7.118022,4.365676E+19,-1.458535E+19,2.90714E+19
7.134699,4.365619E+19,-1.45814E+19,2.907479E+19
7.15202,4.365568E+19,-1.457773E+19,2.907796E+19
7.17427,4.365543E+19,-1.457511E+19,2.908031E+19
7.200671,4.36573E+19,-1.456912E+19,2.908817E+19
7.218769,4.365803E+19,-1.456336E+19,2.909467E+19
7.235585,4.365651E+19,-1.455971E+19,2.909681E+19
7.252048,4.365622E+19,-1.455759E+19,2.909862E+19
7.268269,4.365637E+19,-1.455433E+19,2.910204E+19
7.284793,4.365548E+19,-1.454978E+19,2.91057E+19
7.301276,4.365521E+19,-1.455009E+19,2.910512E+19
7.318198,4.365679E+19,-1.454025E+19,2.911654E+19
7.335208,4.366054E+19,-1.453516E+19,2.912537E+19
7.351685,4.365954E+19,-1.453097E+19,2.912857E+19
7.368065,4.365922E+19,-1.45268E+19,2.913242E+19
7.384669,4.365873E+19,-1.452307E+19,2.913566E+19
7.401106,4.365809E+19,-1.451967E+19,2.913842E+19
7.419721,4.365779E+19,-1.451571E+19,2.914208E+19
7.435874,4.365778E+19,-1.451173E+19,2.914605E+19
7.451989,4.365769E+19,-1.450844E+19,2.914925E+19
7.46843,4.365733E+19,-1.450612E+19,2.915121E+19
7.485148,4.365777E+19,-1.450469E+19,2.915308E+19
7.502111,4.365582E+19,-1.449797E+19,2.915785E+19
7.518728,4.365747E+19,-1.44961E+19,2.916137E+19
7.535044,4.36576E+19,-1.449266E+19,2.916494E+19
7.551573,4.365756E+19,-1.449104E+19,2.916653E+19
7.56945,4.365822E+19,-1.448739E+19,2.917083E+19
7.588173,4.366102E+19,-1.4481E+19,2.918001E+19
7.60461,4.366103E+19,-1.447749E+19,2.918354E+19
7.621424,4.366044E+19,-1.447462E+19,2.918582E+19
7.639668,4.36597E+19,-1.447138E+19,2.918832E+19
7.656838,4.365925E+19,-1.446733E+19,2.919192E+19
7.682415,4.365868E+19,-1.446113E+19,2.919755E+19
7.700234,4.365795E+19,-1.445735E+19,2.920061E+19
7.717434,4.365746E+19,-1.445433E+19,2.920313E+19
7.734262,4.365742E+19,-1.445191E+19,2.92055E+19
7.750616,4.365663E+19,-1.444688E+19,2.920976E+19
7.766959,4.365539E+19,-1.444286E+19,2.921252E+19
7.783251,4.36545E+19,-1.443911E+19,2.921539E+19
7.799529,4.365367E+19,-1.443547E+19,2.92182E+19
7.816569,4.365299E+19,-1.443191E+19,2.922108E+19
7.833539,4.365231E+19,-1.442852E+19,2.922379E+19
7.849573,4.365169E+19,-1.442527E+19,2.922642E+19
7.866138,4.36511E+19,-1.442208E+19,2.922901E+19
7.882746,4.365067E+19,-1.441962E+19,2.923105E+19
7.899219,4.365107E+19,-1.441644E+19,2.923463E+19
7.916887,4.364986E+19,-1.441068E+19,2.923918E+19
7.933942,4.364848E+19,-1.44072E+19,2.924128E+19
7.950875,4.364795E+19,-1.440392E+19,2.924403E+19
7.967664,4.36474E+19,-1.440067E+19,2.924673E+19
7.984821,4.364688E+19,-1.439736E+19,2.924952E+19
8.001692,4.364634E+19,-1.439408E+19,2.925226E+19
8.021892,4.36458E+19,-1.439035E+19,2.925545E+19
8.041081,4.364531E+19,-1.438655E+19,2.925876E+19
8.066066,4.36443E+19,-1.438142E+19,2.926288E+19
8.083228,4.364348E+19,-1.437849E+19,2.926499E+19
8.100554,4.364284E+19,-1.437599E+19,2.926684E+19
8.117246,4.364194E+19,-1.437115E+19,2.927079E+19
8.134581,4.36414E+19,-1.436639E+19,2.927502E+19
8.152377,4.364108E+19,-1.436234E+19,2.927874E+19
8.169713,4.364066E+19,-1.435829E+19,2.928237E+19
8.187921,4.36404E+19,-1.43543E+19,2.92861E+19
8.225704,4.36398E+19,-1.434632E+19,2.929347E+19
8.25965,4.363951E+19,-1.433953E+19,2.929997E+19
8.294206,4.36393E+19,-1.433263E+19,2.930667E+19
8.336988,4.363834E+19,-1.43241E+19,2.931423E+19
8.365935,4.363735E+19,-1.431933E+19,2.931802E+19
8.415224,4.363701E+19,-1.430536E+19,2.933165E+19
8.459435,4.363725E+19,-1.429245E+19,2.934479E+19
8.503125,4.363548E+19,-1.428247E+19,2.935301E+19
8.54785,4.3634E+19,-1.427186E+19,2.936215E+19
8.594148,4.363207E+19,-1.426121E+19,2.937086E+19
8.640125,4.363058E+19,-1.425025E+19,2.938033E+19
8.69126,4.3629E+19,-1.423937E+19,2.938964E+19
8.735854,4.362787E+19,-1.42294E+19,2.939846E+19
8.782006,4.362652E+19,-1.421924E+19,2.940728E+19
8.825848,4.362486E+19,-1.421023E+19,2.941464E+19
8.869503,4.362357E+19,-1.420326E+19,2.942031E+19
8.913785,4.362246E+19,-1.418897E+19,2.943349E+19
8.957301,4.362173E+19,-1.417842E+19,2.944331E+19
9.00108,4.362017E+19,-1.416857E+19,2.94516E+19
9.04998,4.361817E+19,-1.415858E+19,2.945959E+19
9.096427,4.361701E+19,-1.414837E+19,2.946864E+19
9.143788,4.361531E+19,-1.413748E+19,2.947783E+19
9.192986,4.361311E+19,-1.412726E+19,2.948584E+19
9.241509,4.361148E+19,-1.41171E+19,2.949439E+19
9.28521,4.36098E+19,-1.410774E+19,2.950206E+19
9.329268,4.36081E+19,-1.409903E+19,2.950907E+19
9.372865,4.360687E+19,-1.408999E+19,2.951689E+19
9.417848,4.360569E+19,-1.40818E+19,2.952389E+19
9.461299,4.360351E+19,-1.407086E+19,2.953265E+19
9.505786,4.360398E+19,-1.406146E+19,2.954252E+19
9.554152,4.360217E+19,-1.405145E+19,2.955072E+19
9.601542,4.360045E+19,-1.404135E+19,2.955909E+19
9.648293,4.359879E+19,-1.403149E+19,2.95673E+19
9.697683,4.35969E+19,-1.4021E+19,2.95759E+19
9.744251,4.359522E+19,-1.401114E+19,2.958408E+19
9.790269,4.359327E+19,-1.4001E+19,2.959227E+19
9.855277,4.359094E+19,-1.398483E+19,2.960611E+19
9.922481,4.358883E+19,-1.396895E+19,2.961988E+19
9.990391,4.35861E+19,-1.395447E+19,2.963163E+19
10.03608,4.358451E+19,-1.394522E+19,2.963929E+19
10.08152,4.358296E+19,-1.393599E+19,2.964697E+19
10.12675,4.35815E+19,-1.392601E+19,2.965549E+19
10.17462,4.35795E+19,-1.391566E+19,2.966384E+19
10.21966,4.357766E+19,-1.390569E+19,2.967197E+19
10.2652,4.357584E+19,-1.389559E+19,2.968025E+19
10.30807,4.357437E+19,-1.388622E+19,2.968815E+19
10.35118,4.357281E+19,-1.387695E+19,2.969586E+19
10.40237,4.357078E+19,-1.386637E+19,2.970441E+19
10.45421,4.357148E+19,-1.385295E+19,2.971853E+19
10.51392,4.357398E+19,-1.383804E+19,2.973594E+19
10.56141,4.357114E+19,-1.382785E+19,2.974329E+19
10.61048,4.356927E+19,-1.38176E+19,2.975167E+19
10.66821,4.356688E+19,-1.380442E+19,2.976246E+19
10.72734,4.356441E+19,-1.37893E+19,2.977511E+19
10.78656,4.356227E+19,-1.37758E+19,2.978647E+19
10.8438,4.355971E+19,-1.37625E+19,2.97972E+19
10.9026,4.355679E+19,-1.374855E+19,2.980824E+19
10.95451,4.355455E+19,-1.373705E+19,2.98175E+19
11.00365,4.355257E+19,-1.372594E+19,2.982663E+19
11.05394,4.355051E+19,-1.371514E+19,2.983537E+19
11.08865,4.355033E+19,-1.370622E+19,2.984411E+19
11.12283,4.355012E+19,-1.369864E+19,2.985148E+19
11.15951,4.354822E+19,-1.368969E+19,2.985853E+19
11.19439,4.354671E+19,-1.368233E+19,2.986438E+19
11.23111,4.354521E+19,-1.367457E+19,2.987065E+19
11.26438,4.354384E+19,-1.366604E+19,2.98778E+19
11.28187,4.354315E+19,-1.366204E+19,2.988111E+19
11.29912,4.354251E+19,-1.365828E+19,2.988423E+19
11.31666,4.354176E+19,-1.365463E+19,2.988713E+19
11.33358,4.35412E+19,-1.365129E+19,2.988991E+19
11.35037,4.354074E+19,-1.364839E+19,2.989235E+19
11.36718,4.354058E+19,-1.365126E+19,2.988932E+19
11.38382,4.355439E+19,-1.364122E+19,2.991316E+19
11.40096,4.35826E+19,-1.363661E+19,2.994599E+19
11.41805,4.358011E+19,-1.363309E+19,2.994702E+19
11.43483,4.35794E+19,-1.362956E+19,2.994984E+19
11.45147,4.357866E+19,-1.362599E+19,2.995267E+19
11.46822,4.3578E+19,-1.362255E+19,2.995544E+19
11.48537,4.357746E+19,-1.361953E+19,2.995793E+19
11.50162,4.357724E+19,-1.361792E+19,2.995932E+19
11.51786,4.35768E+19,-1.361236E+19,2.996444E+19
11.53418,4.357567E+19,-1.360811E+19,2.996756E+19
11.55091,4.357467E+19,-1.360416E+19,2.997051E+19
11.56792,4.357394E+19,-1.360052E+19,2.997343E+19
11.58494,4.357324E+19,-1.359695E+19,2.997629E+19
11.60405,4.357256E+19,-1.359291E+19,2.997965E+19
11.62159,4.357181E+19,-1.358883E+19,2.998299E+19
11.6391,4.357106E+19,-1.358469E+19,2.998636E+19
11.66655,4.356995E+19,-1.357849E+19,2.999146E+19
11.68785,4.356896E+19,-1.357375E+19,2.99952E+19
11.70572,4.356821E+19,-1.356982E+19,2.99984E+19
11.73148,4.356717E+19,-1.356428E+19,3.000288E+19
11.74933,4.356643E+19,-1.356063E+19,3.00058E+19
11.76651,4.35659E+19,-1.355713E+19,3.000877E+19
11.78331,4.356526E+19,-1.355316E+19,3.00121E+19
11.80039,4.356452E+19,-1.35493E+19,3.001522E+19
11.81685,4.356388E+19,-1.354556E+19,3.001832E+19
11.83329,4.356312E+19,-1.354192E+19,3.00212E+19
11.85005,4.356248E+19,-1.353817E+19,3.002431E+19
11.86763,4.35618E+19,-1.353432E+19,3.002747E+19
11.88416,4.356117E+19,-1.353072E+19,3.003045E+19
11.90137,4.356047E+19,-1.352712E+19,3.003335E+19
11.91802,4.35599E+19,-1.352404E+19,3.003586E+19
11.93543,4.355954E+19,-1.352111E+19,3.003843E+19
11.95262,4.355982E+19,-1.35187E+19,3.004112E+19
11.96942,4.355869E+19,-1.351605E+19,3.004264E+19
11.98691,4.356571E+19,-1.350852E+19,3.005719E+19
12.00356,4.358082E+19,-1.3504E+19,3.007682E+19
12.01981,4.357952E+19,-1.350052E+19,3.0079E+19
12.03667,4.357873E+19,-1.349709E+19,3.008164E+19
12.05347,4.357806E+19,-1.349359E+19,3.008448E+19
12.07015,4.357729E+19,-1.348995E+19,3.008734E+19
12.08688,4.357656E+19,-1.348624E+19,3.009032E+19
12.10509,4.357572E+19,-1.348236E+19,3.009336E+19
12.13241,4.357478E+19,-1.347649E+19,3.00983E+19
12.15112,4.357402E+19,-1.347197E+19,3.010205E+19
12.16876,4.357304E+19,-1.346768E+19,3.010536E+19
12.18658,4.357209E+19,-1.346341E+19,3.010868E+19
12.20369,4.357126E+19,-1.34593E+19,3.011196E+19
12.22091,4.357066E+19,-1.345518E+19,3.011548E+19
12.23765,4.35701E+19,-1.345134E+19,3.011876E+19
12.25387,4.356955E+19,-1.344759E+19,3.012196E+19
12.27053,4.356898E+19,-1.344389E+19,3.012508E+19
12.28782,4.356817E+19,-1.344026E+19,3.01279E+19
12.3052,4.356751E+19,-1.343685E+19,3.013066E+19
12.32165,4.356684E+19,-1.343432E+19,3.013252E+19
12.33871,4.356608E+19,-1.343129E+19,3.013479E+19
12.35538,4.356531E+19,-1.342616E+19,3.013915E+19
12.37163,4.356457E+19,-1.342273E+19,3.014184E+19
12.38841,4.356378E+19,-1.341902E+19,3.014476E+19
12.40494,4.356309E+19,-1.341497E+19,3.014812E+19
12.42161,4.356257E+19,-1.341154E+19,3.015103E+19
12.43814,4.356218E+19,-1.340853E+19,3.015365E+19
12.45503,4.356166E+19,-1.340415E+19,3.015751E+19
12.47204,4.356076E+19,-1.340036E+19,3.01604E+19
12.48876,4.355997E+19,-1.339635E+19,3.016361E+19
12.51548,4.355896E+19,-1.338949E+19,3.016947E+19
12.53453,4.355805E+19,-1.338485E+19,3.017321E+19
12.5508,4.355751E+19,-1.338151E+19,3.0176E+19
12.56721,4.355713E+19,-1.337694E+19,3.018019E+19
12.58365,4.355666E+19,-1.337225E+19,3.01844E+19
12.601,4.355575E+19,-1.336765E+19,3.01881E+19
12.61763,4.355487E+19,-1.336351E+19,3.019136E+19
12.63507,4.355393E+19,-1.335952E+19,3.019441E+19
12.67165,4.355224E+19,-1.335144E+19,3.02008E+19
12.69025,4.355154E+19,-1.334697E+19,3.020457E+19
12.71646,4.355053E+19,-1.334085E+19,3.020968E+19
12.74768,4.354925E+19,-1.333388E+19,3.021537E+19
12.77642,4.354782E+19,-1.332743E+19,3.022038E+19
12.79942,4.354686E+19,-1.332241E+19,3.022446E+19
12.81959,4.354617E+19,-1.331829E+19,3.022789E+19
12.83758,4.354538E+19,-1.331446E+19,3.023092E+19
12.85891,4.354443E+19,-1.330941E+19,3.023502E+19
12.88087,4.35433E+19,-1.330377E+19,3.023953E+19
12.90204,4.354228E+19,-1.329889E+19,3.024339E+19
12.9204,4.35414E+19,-1.329404E+19,3.024736E+19
12.9381,4.354055E+19,-1.328936E+19,3.025119E+19
12.95681,4.353973E+19,-1.328474E+19,3.025499E+19
12.983,4.353847E+19,-1.327848E+19,3.025998E+19
13.00489,4.353748E+19,-1.327336E+19,3.026412E+19
13.02347,4.353663E+19,-1.326907E+19,3.026756E+19
13.0473,4.353557E+19,-1.326361E+19,3.027196E+19
13.06815,4.353458E+19,-1.325886E+19,3.027572E+19
13.08584,4.353383E+19,-1.325492E+19,3.027892E+19
13.10392,4.353304E+19,-1.325089E+19,3.028215E+19
13.12278,4.353223E+19,-1.32468E+19,3.028542E+19
13.14923,4.353118E+19,-1.324114E+19,3.029004E+19
13.17241,4.35302E+19,-1.323651E+19,3.02937E+19
13.19838,4.352952E+19,-1.323129E+19,3.029823E+19
13.22092,4.352821E+19,-1.322498E+19,3.030324E+19
13.24026,4.352697E+19,-1.322034E+19,3.030663E+19
13.26445,4.35258E+19,-1.321472E+19,3.031107E+19
13.28557,4.352483E+19,-1.320993E+19,3.03149E+19
13.30322,4.352408E+19,-1.32059E+19,3.031817E+19
13.32069,4.352332E+19,-1.320198E+19,3.032134E+19
13.33847,4.352249E+19,-1.319802E+19,3.032446E+19
13.35694,4.352167E+19,-1.319388E+19,3.032779E+19
13.38189,4.352052E+19,-1.318829E+19,3.033223E+19
13.4024,4.351952E+19,-1.318372E+19,3.03358E+19
13.42004,4.351872E+19,-1.317974E+19,3.033898E+19
13.43698,4.351794E+19,-1.317609E+19,3.034185E+19
13.45498,4.351709E+19,-1.317217E+19,3.034492E+19
13.48233,4.351598E+19,-1.316641E+19,3.034957E+19
13.50422,4.351509E+19,-1.316205E+19,3.035303E+19
13.52343,4.351432E+19,-1.315967E+19,3.035464E+19
13.54904,4.351507E+19,-1.315231E+19,3.036276E+19
13.57304,4.351786E+19,-1.314643E+19,3.037143E+19
13.5994,4.351651E+19,-1.314039E+19,3.037611E+19
13.61899,4.351566E+19,-1.313575E+19,3.037991E+19
13.63712,4.351498E+19,-1.313149E+19,3.038349E+19
13.66621,4.351357E+19,-1.312478E+19,3.038879E+19
13.68913,4.351261E+19,-1.311951E+19,3.039311E+19
13.71452,4.351136E+19,-1.311377E+19,3.039759E+19
13.73691,4.351037E+19,-1.310875E+19,3.040162E+19
13.75492,4.35096E+19,-1.310471E+19,3.040489E+19
13.77205,4.35088E+19,-1.310086E+19,3.040794E+19
13.79951,4.350759E+19,-1.30946E+19,3.041299E+19
13.82127,4.350656E+19,-1.308962E+19,3.041694E+19
13.84036,4.350574E+19,-1.308522E+19,3.042052E+19
13.86494,4.350464E+19,-1.307956E+19,3.042508E+19
13.88574,4.350374E+19,-1.307475E+19,3.042898E+19
13.90293,4.3503E+19,-1.307086E+19,3.043213E+19
13.91986,4.35022E+19,-1.306701E+19,3.043519E+19
13.93843,4.350144E+19,-1.306285E+19,3.043859E+19
13.95634,4.350065E+19,-1.305884E+19,3.044181E+19
13.98276,4.349951E+19,-1.30531E+19,3.044641E+19
14.00263,4.349853E+19,-1.304881E+19,3.044972E+19
14.02059,4.349772E+19,-1.304481E+19,3.045291E+19
14.03861,4.349684E+19,-1.304076E+19,3.045607E+19
14.06508,4.349551E+19,-1.303472E+19,3.046079E+19
14.08637,4.349454E+19,-1.302997E+19,3.046457E+19
14.10367,4.349373E+19,-1.302617E+19,3.046756E+19
14.12128,4.349286E+19,-1.302246E+19,3.04704E+19
14.13889,4.349223E+19,-1.301875E+19,3.047348E+19
14.16624,4.349112E+19,-1.301287E+19,3.047824E+19
14.19037,4.349004E+19,-1.300754E+19,3.04825E+19
14.21474,4.348904E+19,-1.30024E+19,3.048664E+19
14.23751,4.348817E+19,-1.299754E+19,3.049063E+19
14.25509,4.34874E+19,-1.299358E+19,3.049381E+19
14.28173,4.348643E+19,-1.29873E+19,3.049914E+19
14.30205,4.348554E+19,-1.298326E+19,3.050227E+19
14.31944,4.348484E+19,-1.298177E+19,3.050306E+19
14.33673,4.34881E+19,-1.297507E+19,3.051304E+19
14.354,4.349582E+19,-1.297056E+19,3.052526E+19
14.37215,4.349478E+19,-1.296646E+19,3.052831E+19
14.39818,4.349349E+19,-1.296081E+19,3.053268E+19
14.41877,4.349262E+19,-1.295642E+19,3.05362E+19
14.4367,4.349193E+19,-1.295263E+19,3.05393E+19
14.45417,4.349116E+19,-1.294914E+19,3.054202E+19
14.47204,4.349045E+19,-1.294606E+19,3.054439E+19
14.49785,4.348992E+19,-1.294136E+19,3.054857E+19
14.51908,4.348917E+19,-1.293403E+19,3.055515E+19
14.54471,4.348765E+19,-1.292741E+19,3.056024E+19
14.56978,4.348623E+19,-1.292138E+19,3.056485E+19
14.59028,4.348529E+19,-1.291652E+19,3.056877E+19
14.61567,4.348415E+19,-1.29106E+19,3.057356E+19
14.63671,4.348319E+19,-1.290573E+19,3.057746E+19
14.65664,4.348223E+19,-1.290111E+19,3.058113E+19
14.6824,4.348103E+19,-1.289522E+19,3.058581E+19
14.70607,4.347988E+19,-1.288983E+19,3.059005E+19
14.73271,4.347861E+19,-1.288392E+19,3.059469E+19
14.75462,4.347768E+19,-1.287902E+19,3.059865E+19
14.78157,4.347644E+19,-1.28731E+19,3.060335E+19
14.8016,4.347553E+19,-1.286867E+19,3.060687E+19
14.81921,4.347472E+19,-1.286473E+19,3.060998E+19
14.83659,4.347392E+19,-1.286089E+19,3.061303E+19
14.85386,4.34732E+19,-1.285707E+19,3.061613E+19
14.87119,4.347246E+19,-1.285333E+19,3.061913E+19
14.88949,4.347152E+19,-1.284939E+19,3.062212E+19
14.91467,4.347056E+19,-1.284411E+19,3.062645E+19
14.93685,4.346955E+19,-1.283958E+19,3.062997E+19
14.95568,4.346877E+19,-1.283586E+19,3.063291E+19
14.98129,4.346771E+19,-1.283111E+19,3.06366E+19
15.00204,4.346687E+19,-1.282743E+19,3.063944E+19
15.0203,4.346611E+19,-1.282307E+19,3.064305E+19
15.038,4.346558E+19,-1.281818E+19,3.064739E+19
15.06476,4.346475E+19,-1.281125E+19,3.065349E+19
15.08429,4.346375E+19,-1.280635E+19,3.065741E+19
15.10231,4.346276E+19,-1.280193E+19,3.066083E+19
15.12009,4.346189E+19,-1.279766E+19,3.066423E+19
15.13793,4.346106E+19,-1.279346E+19,3.06676E+19
15.16444,4.345971E+19,-1.278733E+19,3.067238E+19
15.1888,4.345858E+19,-1.278186E+19,3.067671E+19
15.21409,4.345737E+19,-1.277615E+19,3.068122E+19
15.2349,4.34564E+19,-1.277158E+19,3.068482E+19
15.25326,4.345551E+19,-1.276746E+19,3.068806E+19
15.27049,4.34547E+19,-1.276364E+19,3.069106E+19
15.28804,4.345393E+19,-1.275976E+19,3.069417E+19
15.31528,4.345258E+19,-1.275377E+19,3.06988E+19
15.33751,4.345149E+19,-1.274884E+19,3.070264E+19
15.3553,4.34507E+19,-1.274499E+19,3.070571E+19
15.38282,4.344945E+19,-1.27389E+19,3.071055E+19
15.40551,4.344844E+19,-1.273401E+19,3.071443E+19
15.43208,4.344718E+19,-1.272838E+19,3.07188E+19
15.45967,4.34458E+19,-1.272266E+19,3.072313E+19
15.48363,4.344473E+19,-1.271776E+19,3.072697E+19
15.50217,4.344392E+19,-1.271412E+19,3.07298E+19
15.52002,4.344329E+19,-1.271074E+19,3.073255E+19
15.53802,4.34425E+19,-1.270832E+19,3.073418E+19
15.56551,4.344287E+19,-1.270109E+19,3.074178E+19
15.58782,4.344369E+19,-1.269478E+19,3.074892E+19
15.6154,4.344209E+19,-1.2688E+19,3.075408E+19
15.63761,4.344096E+19,-1.268277E+19,3.075819E+19
15.66478,4.343956E+19,-1.267654E+19,3.076301E+19
15.68843,4.34386E+19,-1.267122E+19,3.076738E+19
15.71552,4.343726E+19,-1.266519E+19,3.077207E+19
15.73708,4.343631E+19,-1.266044E+19,3.077586E+19
15.75504,4.343542E+19,-1.265653E+19,3.077888E+19
15.78177,4.343419E+19,-1.265076E+19,3.078343E+19
15.80445,4.343319E+19,-1.264602E+19,3.078717E+19
15.82323,4.343236E+19,-1.264216E+19,3.07902E+19
15.84853,4.343111E+19,-1.263839E+19,3.079272E+19
15.87094,4.342996E+19,-1.263248E+19,3.079748E+19
15.88795,4.342928E+19,-1.262742E+19,3.080187E+19
15.90487,4.342855E+19,-1.262358E+19,3.080497E+19
15.93183,4.342732E+19,-1.261754E+19,3.080977E+19
15.95294,4.342632E+19,-1.26129E+19,3.081341E+19
15.97053,4.342541E+19,-1.260905E+19,3.081636E+19
15.98814,4.342459E+19,-1.260522E+19,3.081937E+19
16.01509,4.342345E+19,-1.259933E+19,3.082412E+19
16.03591,4.342253E+19,-1.259482E+19,3.082772E+19
16.05385,4.342171E+19,-1.259091E+19,3.08308E+19
16.07192,4.342097E+19,-1.258699E+19,3.083398E+19
16.09717,4.341993E+19,-1.258145E+19,3.083848E+19
16.11769,4.341897E+19,-1.257697E+19,3.0842E+19
16.13569,4.34182E+19,-1.257304E+19,3.084516E+19
16.15596,4.34174E+19,-1.256867E+19,3.084873E+19
16.18103,4.341632E+19,-1.256318E+19,3.085315E+19
16.20458,4.341537E+19,-1.255811E+19,3.085726E+19
16.22409,4.341452E+19,-1.255388E+19,3.086064E+19
16.24772,4.341339E+19,-1.25488E+19,3.086459E+19
16.26907,4.341256E+19,-1.254439E+19,3.086818E+19
16.28683,4.341186E+19,-1.254087E+19,3.087099E+19
16.30579,4.341102E+19,-1.253677E+19,3.087425E+19
16.33041,4.340981E+19,-1.253089E+19,3.087892E+19
16.35168,4.340889E+19,-1.252594E+19,3.088295E+19
16.37036,4.3408E+19,-1.252169E+19,3.088632E+19
16.38957,4.340712E+19,-1.25174E+19,3.088972E+19
16.4154,4.34059E+19,-1.251172E+19,3.089418E+19
16.43492,4.340499E+19,-1.250748E+19,3.089752E+19
16.45282,4.340415E+19,-1.250359E+19,3.090056E+19
16.47056,4.340334E+19,-1.249973E+19,3.090361E+19
16.48868,4.340254E+19,-1.249586E+19,3.090668E+19
16.5138,4.34014E+19,-1.249063E+19,3.091077E+19
16.5355,4.340037E+19,-1.248617E+19,3.09142E+19
16.55396,4.339972E+19,-1.248289E+19,3.091683E+19
16.58251,4.339909E+19,-1.247554E+19,3.092355E+19
16.60482,4.339823E+19,-1.246995E+19,3.092828E+19
16.63322,4.33964E+19,-1.246347E+19,3.093293E+19
16.65696,4.339526E+19,-1.245816E+19,3.093709E+19
16.68203,4.339403E+19,-1.245268E+19,3.094135E+19
16.70452,4.339311E+19,-1.244778E+19,3.094533E+19
16.73233,4.339166E+19,-1.244185E+19,3.094981E+19
16.7528,4.339071E+19,-1.243752E+19,3.095319E+19
16.77096,4.33899E+19,-1.243371E+19,3.09562E+19
16.78979,4.338903E+19,-1.242978E+19,3.095926E+19
16.81383,4.338802E+19,-1.242473E+19,3.096329E+19
16.83433,4.338714E+19,-1.242038E+19,3.096676E+19
16.85258,4.338635E+19,-1.241647E+19,3.096988E+19
16.87108,4.338554E+19,-1.241251E+19,3.097303E+19
16.89706,4.338433E+19,-1.240689E+19,3.097744E+19
16.91727,4.338352E+19,-1.240259E+19,3.098093E+19
16.93557,4.338278E+19,-1.239873E+19,3.098405E+19
16.953,4.338209E+19,-1.239509E+19,3.0987E+19
16.9717,4.338127E+19,-1.239128E+19,3.098999E+19
17.00089,4.338008E+19,-1.238488E+19,3.099521E+19
17.02195,4.337918E+19,-1.238004E+19,3.099914E+19
17.04783,4.33781E+19,-1.237431E+19,3.100379E+19
17.0668,4.337713E+19,-1.236991E+19,3.100723E+19
17.08422,4.337631E+19,-1.236589E+19,3.101042E+19
17.10115,4.33755E+19,-1.236204E+19,3.101345E+19
17.11878,4.337465E+19,-1.235812E+19,3.101653E+19
17.13811,4.337374E+19,-1.235398E+19,3.101976E+19
17.16483,4.337251E+19,-1.234834E+19,3.102417E+19
17.18524,4.337167E+19,-1.234386E+19,3.10278E+19
17.20437,4.337099E+19,-1.233954E+19,3.103145E+19
17.23093,4.336999E+19,-1.233354E+19,3.103644E+19
17.25099,4.336913E+19,-1.232905E+19,3.104008E+19
17.26954,4.336828E+19,-1.232505E+19,3.104323E+19
17.28794,4.33674E+19,-1.232112E+19,3.104627E+19
17.31564,4.336615E+19,-1.231508E+19,3.105107E+19
17.33448,4.336527E+19,-1.231071E+19,3.105456E+19
17.35363,4.336448E+19,-1.230627E+19,3.10582E+19
17.37252,4.336351E+19,-1.230193E+19,3.106157E+19
17.39846,4.336225E+19,-1.229607E+19,3.106618E+19
17.41739,4.336138E+19,-1.229185E+19,3.106953E+19
17.43664,4.336041E+19,-1.228764E+19,3.107277E+19
17.45669,4.33595E+19,-1.228322E+19,3.107629E+19
17.48009,4.335838E+19,-1.227815E+19,3.108024E+19
17.50694,4.335707E+19,-1.227232E+19,3.108476E+19
17.5325,4.335586E+19,-1.226687E+19,3.108899E+19
17.55138,4.335488E+19,-1.226283E+19,3.109206E+19
17.57072,4.335402E+19,-1.225875E+19,3.109528E+19
17.5979,4.335289E+19,-1.225302E+19,3.109987E+19
17.61745,4.335196E+19,-1.224902E+19,3.110295E+19
17.63801,4.335102E+19,-1.224489E+19,3.110613E+19
17.66576,4.334979E+19,-1.223939E+19,3.11104E+19
17.68517,4.334902E+19,-1.223532E+19,3.11137E+19
17.7072,4.334794E+19,-1.223046E+19,3.111748E+19
17.73204,4.334684E+19,-1.22251E+19,3.112174E+19
17.75028,4.334607E+19,-1.222134E+19,3.112473E+19
17.76705,4.334535E+19,-1.221795E+19,3.112741E+19
17.78432,4.334475E+19,-1.221435E+19,3.11304E+19
17.80166,4.334407E+19,-1.22106E+19,3.113347E+19
17.82113,4.334323E+19,-1.22063E+19,3.113693E+19
17.84782,4.334193E+19,-1.220043E+19,3.11415E+19
17.86713,4.334106E+19,-1.21962E+19,3.114487E+19
17.88419,4.334034E+19,-1.219251E+19,3.114784E+19
17.90142,4.333955E+19,-1.218882E+19,3.115073E+19
17.91978,4.333877E+19,-1.218494E+19,3.115383E+19
17.93745,4.33379E+19,-1.218127E+19,3.115663E+19
17.96469,4.333673E+19,-1.217559E+19,3.116114E+19
17.98348,4.333591E+19,-1.217176E+19,3.116414E+19
18.00141,4.333515E+19,-1.216814E+19,3.116702E+19
18.01966,4.333442E+19,-1.216459E+19,3.116984E+19
18.03812,4.333381E+19,-1.216109E+19,3.117272E+19
18.06502,4.333286E+19,-1.215527E+19,3.117759E+19
18.08397,4.333203E+19,-1.215081E+19,3.118121E+19
18.10343,4.333105E+19,-1.214665E+19,3.11844E+19
18.12221,4.333032E+19,-1.214239E+19,3.118793E+19
18.14873,4.332922E+19,-1.213578E+19,3.119344E+19
18.17136,4.332809E+19,-1.213054E+19,3.119755E+19
18.19743,4.332682E+19,-1.212475E+19,3.120207E+19
18.21912,4.33258E+19,-1.212011E+19,3.120569E+19
18.24012,4.332487E+19,-1.211576E+19,3.120911E+19
18.26468,4.332381E+19,-1.211105E+19,3.121276E+19
18.28425,4.332305E+19,-1.210696E+19,3.121609E+19
18.30322,4.332216E+19,-1.210267E+19,3.121949E+19
18.32141,4.332121E+19,-1.209866E+19,3.122255E+19
18.34811,4.331992E+19,-1.209293E+19,3.122698E+19
18.36696,4.331912E+19,-1.208888E+19,3.123025E+19
18.3865,4.33182E+19,-1.208455E+19,3.123364E+19
18.40512,4.33174E+19,-1.208047E+19,3.123692E+19
18.43066,4.331613E+19,-1.207486E+19,3.124127E+19
18.45072,4.331513E+19,-1.207047E+19,3.124466E+19
18.47039,4.331418E+19,-1.206624E+19,3.124794E+19
18.48815,4.331336E+19,-1.20624E+19,3.125096E+19
18.51472,4.331211E+19,-1.205687E+19,3.125525E+19
18.53402,4.331123E+19,-1.20529E+19,3.125833E+19
18.55294,4.331043E+19,-1.204901E+19,3.126142E+19
18.58197,4.330918E+19,-1.204298E+19,3.126619E+19
18.60466,4.330809E+19,-1.203814E+19,3.126995E+19
18.63173,4.330677E+19,-1.203239E+19,3.127438E+19
18.65437,4.33056E+19,-1.202764E+19,3.127797E+19
18.68094,4.330434E+19,-1.202216E+19,3.128218E+19
18.70161,4.330338E+19,-1.201788E+19,3.12855E+19
18.72129,4.330248E+19,-1.201385E+19,3.128863E+19
18.74862,4.330111E+19,-1.200839E+19,3.129272E+19
18.76844,4.330019E+19,-1.200435E+19,3.129583E+19
18.78734,4.329933E+19,-1.200065E+19,3.129868E+19
18.81374,4.329815E+19,-1.199514E+19,3.130301E+19
18.83397,4.329724E+19,-1.199081E+19,3.130643E+19
18.85335,4.329638E+19,-1.198649E+19,3.130988E+19
18.87149,4.329565E+19,-1.198219E+19,3.131347E+19
18.89792,4.329465E+19,-1.197623E+19,3.131841E+19
18.917,4.329373E+19,-1.197209E+19,3.132165E+19
18.93608,4.329281E+19,-1.19681E+19,3.132471E+19
18.95469,4.3292E+19,-1.196433E+19,3.132768E+19
18.98146,4.329085E+19,-1.195928E+19,3.133157E+19
19,4.329013E+19,-1.195625E+19,3.133388E+19
19.01883,4.328939E+19,-1.195234E+19,3.133705E+19
19.03726,4.32883E+19,-1.194728E+19,3.134101E+19
19.06399,4.328667E+19,-1.194129E+19,3.134538E+19
19.08307,4.328581E+19,-1.193719E+19,3.134862E+19
19.10225,4.328501E+19,-1.193315E+19,3.135187E+19
19.12173,4.328408E+19,-1.192913E+19,3.135494E+19
19.14752,4.328302E+19,-1.192383E+19,3.135919E+19
19.17086,4.3282E+19,-1.191903E+19,3.136297E+19
19.18959,4.328126E+19,-1.191527E+19,3.136599E+19
19.21498,4.328023E+19,-1.19106E+19,3.136963E+19
19.23426,4.327974E+19,-1.190684E+19,3.13729E+19
19.25354,4.327891E+19,-1.190202E+19,3.137689E+19
19.27314,4.327773E+19,-1.189776E+19,3.137997E+19
19.29703,4.327646E+19,-1.189277E+19,3.138369E+19
19.31623,4.327554E+19,-1.18889E+19,3.138664E+19
19.33421,4.327476E+19,-1.188533E+19,3.138943E+19
19.35312,4.327386E+19,-1.188157E+19,3.139229E+19
19.37151,4.327301E+19,-1.187783E+19,3.139518E+19
19.39805,4.327173E+19,-1.187211E+19,3.139962E+19
19.41679,4.327085E+19,-1.186788E+19,3.140297E+19
19.4362,4.326996E+19,-1.186352E+19,3.140644E+19
19.45448,4.326903E+19,-1.185949E+19,3.140954E+19
19.48148,4.326781E+19,-1.185368E+19,3.141413E+19
19.50007,4.326695E+19,-1.184968E+19,3.141727E+19
19.51963,4.326606E+19,-1.184557E+19,3.142049E+19
19.54739,4.326483E+19,-1.183975E+19,3.142508E+19
19.5685,4.326391E+19,-1.183531E+19,3.14286E+19
19.58993,4.326288E+19,-1.183083E+19,3.143205E+19
19.61406,4.32618E+19,-1.182581E+19,3.143599E+19
19.63344,4.326088E+19,-1.182175E+19,3.143912E+19
19.65406,4.326002E+19,-1.181747E+19,3.144254E+19
19.68069,4.325879E+19,-1.181204E+19,3.144675E+19
19.70119,4.325782E+19,-1.180784E+19,3.144998E+19
19.72103,4.325684E+19,-1.180382E+19,3.145302E+19
19.74766,4.325565E+19,-1.179842E+19,3.145723E+19
19.77063,4.325463E+19,-1.179357E+19,3.146107E+19
19.79739,4.325343E+19,-1.178789E+19,3.146555E+19
19.82058,4.325232E+19,-1.1783E+19,3.146932E+19
19.84708,4.325113E+19,-1.177758E+19,3.147354E+19
19.86667,4.325021E+19,-1.177361E+19,3.147659E+19
19.88589,4.32494E+19,-1.176982E+19,3.147958E+19
19.90448,4.324849E+19,-1.176634E+19,3.148215E+19
19.93039,4.324732E+19,-1.176235E+19,3.148496E+19
19.95405,4.324634E+19,-1.175672E+19,3.148962E+19
19.98138,4.324527E+19,-1.175054E+19,3.149473E+19
20.00349,4.324417E+19,-1.174584E+19,3.149832E+19
20.03065,4.324278E+19,-1.173985E+19,3.150293E+19
20.05225,4.324169E+19,-1.173512E+19,3.150658E+19
20.07153,4.324082E+19,-1.173095E+19,3.150987E+19
20.09725,4.323963E+19,-1.17256E+19,3.151403E+19
20.12004,4.323859E+19,-1.172085E+19,3.151775E+19
20.14706,4.323723E+19,-1.171536E+19,3.152187E+19
20.16923,4.323625E+19,-1.171094E+19,3.152532E+19
20.1974,4.323493E+19,-1.170529E+19,3.152964E+19
20.21853,4.323397E+19,-1.170102E+19,3.153295E+19
20.24003,4.323301E+19,-1.169674E+19,3.153627E+19
20.26405,4.32319E+19,-1.169197E+19,3.153993E+19
20.28328,4.323113E+19,-1.168815E+19,3.154298E+19
20.30138,4.323027E+19,-1.168456E+19,3.154571E+19
20.31977,4.32296E+19,-1.168094E+19,3.154866E+19
20.33917,4.322877E+19,-1.167714E+19,3.155163E+19
20.36389,4.322771E+19,-1.167236E+19,3.155535E+19
20.38424,4.322689E+19,-1.166837E+19,3.155852E+19
20.40349,4.322602E+19,-1.166456E+19,3.156145E+19
20.43066,4.322485E+19,-1.165891E+19,3.156595E+19
20.45424,4.322375E+19,-1.165416E+19,3.156959E+19
20.48019,4.322276E+19,-1.16496E+19,3.157315E+19
20.50029,4.322211E+19,-1.164584E+19,3.157626E+19
20.52077,4.322194E+19,-1.164128E+19,3.158066E+19
20.54692,4.322145E+19,-1.163658E+19,3.158487E+19
20.5681,4.322043E+19,-1.163152E+19,3.15889E+19
20.58921,4.321922E+19,-1.162715E+19,3.159207E+19
20.61349,4.321809E+19,-1.16228E+19,3.159529E+19
20.63431,4.32173E+19,-1.161952E+19,3.159778E+19
20.65716,4.321655E+19,-1.161379E+19,3.160276E+19
20.68234,4.321561E+19,-1.160794E+19,3.160767E+19
20.7053,4.321458E+19,-1.160327E+19,3.161131E+19
20.73162,4.321347E+19,-1.159867E+19,3.161479E+19
20.75408,4.321256E+19,-1.159352E+19,3.161904E+19
20.78024,4.321137E+19,-1.158723E+19,3.162414E+19
20.79997,4.321035E+19,-1.158305E+19,3.162729E+19
20.81878,4.320947E+19,-1.157924E+19,3.163022E+19
20.84548,4.320832E+19,-1.157405E+19,3.163426E+19
20.87298,4.320698E+19,-1.156839E+19,3.163858E+19
20.89767,4.320584E+19,-1.156284E+19,3.164299E+19
20.91816,4.320496E+19,-1.155844E+19,3.164652E+19
20.9368,4.320408E+19,-1.155452E+19,3.164956E+19
20.9638,4.320284E+19,-1.154889E+19,3.165395E+19
20.98562,4.320185E+19,-1.154438E+19,3.165747E+19
21.00424,4.320101E+19,-1.154056E+19,3.166045E+19
21.03025,4.31998E+19,-1.153524E+19,3.166456E+19
21.04945,4.319896E+19,-1.153132E+19,3.166764E+19
21.06682,4.319825E+19,-1.152782E+19,3.167043E+19
21.08521,4.319735E+19,-1.152415E+19,3.16732E+19
21.10299,4.319659E+19,-1.15206E+19,3.167598E+19
21.12993,4.319543E+19,-1.151529E+19,3.168014E+19
21.1504,4.31946E+19,-1.151128E+19,3.168332E+19
21.17035,4.319379E+19,-1.15074E+19,3.168639E+19
21.198,4.319262E+19,-1.150202E+19,3.16906E+19
21.21885,4.319183E+19,-1.149791E+19,3.169392E+19
21.23742,4.319108E+19,-1.149417E+19,3.169691E+19
21.26328,4.318989E+19,-1.148893E+19,3.170095E+19
21.28222,4.318892E+19,-1.148511E+19,3.170381E+19
21.29977,4.318809E+19,-1.148166E+19,3.170643E+19
21.31852,4.318727E+19,-1.147797E+19,3.170931E+19
21.33692,4.318647E+19,-1.147439E+19,3.171208E+19
21.36347,4.318516E+19,-1.146933E+19,3.171583E+19
21.39139,4.318399E+19,-1.146407E+19,3.171992E+19
21.41313,4.31831E+19,-1.146009E+19,3.172302E+19
21.43331,4.318216E+19,-1.145655E+19,3.17256E+19
21.45277,4.318143E+19,-1.1453E+19,3.172844E+19
21.4713,4.318072E+19,-1.144919E+19,3.173153E+19
21.49684,4.317963E+19,-1.144396E+19,3.173567E+19
21.52303,4.317851E+19,-1.143867E+19,3.173984E+19
21.54709,4.317762E+19,-1.143387E+19,3.174375E+19
21.56915,4.317683E+19,-1.142963E+19,3.17472E+19
21.59672,4.31759E+19,-1.142475E+19,3.175115E+19
21.61655,4.31752E+19,-1.142048E+19,3.175472E+19
21.63515,4.317425E+19,-1.141626E+19,3.175798E+19
21.65572,4.317299E+19,-1.1412E+19,3.176099E+19
21.68028,4.31718E+19,-1.140732E+19,3.176447E+19
21.69995,4.317093E+19,-1.140383E+19,3.17671E+19
21.7196,4.317012E+19,-1.140026E+19,3.176985E+19
21.73782,4.316914E+19,-1.139656E+19,3.177258E+19
21.76328,4.316776E+19,-1.139171E+19,3.177606E+19
21.78274,4.316689E+19,-1.138767E+19,3.177922E+19
21.80062,4.316615E+19,-1.138371E+19,3.178245E+19
21.81877,4.316542E+19,-1.13797E+19,3.178572E+19
21.83676,4.316462E+19,-1.137603E+19,3.178859E+19
21.86401,4.316341E+19,-1.137086E+19,3.179255E+19
21.88476,4.316263E+19,-1.136747E+19,3.179516E+19
21.90302,4.316193E+19,-1.136442E+19,3.179751E+19
21.92063,4.316144E+19,-1.135971E+19,3.180173E+19
21.94618,4.31607E+19,-1.135368E+19,3.180702E+19
21.96558,4.315998E+19,-1.134907E+19,3.181091E+19
21.98476,4.315903E+19,-1.134488E+19,3.181414E+19
22.00265,4.315809E+19,-1.134108E+19,3.181701E+19
22.02071,4.315721E+19,-1.133738E+19,3.181983E+19
22.04714,4.315599E+19,-1.133222E+19,3.182376E+19
22.06769,4.315513E+19,-1.132864E+19,3.182649E+19
22.08924,4.315412E+19,-1.132486E+19,3.182926E+19
22.11344,4.315309E+19,-1.131926E+19,3.183383E+19
22.13286,4.315232E+19,-1.131526E+19,3.183706E+19
22.1509,4.315153E+19,-1.131145E+19,3.184009E+19
22.17045,4.315069E+19,-1.130736E+19,3.184333E+19
22.197,4.314952E+19,-1.130208E+19,3.184744E+19
22.2164,4.314869E+19,-1.129846E+19,3.185023E+19
22.23976,4.314783E+19,-1.129413E+19,3.18537E+19
22.26294,4.31469E+19,-1.128916E+19,3.185773E+19
22.28237,4.314616E+19,-1.128546E+19,3.18607E+19
22.30027,4.31455E+19,-1.128268E+19,3.186282E+19
22.31926,4.31446E+19,-1.127847E+19,3.186613E+19
22.33715,4.314409E+19,-1.127441E+19,3.186968E+19
22.36423,4.314315E+19,-1.126831E+19,3.187483E+19
22.38626,4.314193E+19,-1.12634E+19,3.187853E+19
22.40392,4.31411E+19,-1.125971E+19,3.18814E+19
22.43011,4.314002E+19,-1.125449E+19,3.188553E+19
22.4499,4.31391E+19,-1.125058E+19,3.188852E+19
22.46943,4.313822E+19,-1.12468E+19,3.189142E+19
22.48813,4.313736E+19,-1.124325E+19,3.189411E+19
22.51291,4.313634E+19,-1.12386E+19,3.189774E+19
22.53362,4.313541E+19,-1.123471E+19,3.190071E+19
22.55311,4.31345E+19,-1.123079E+19,3.190372E+19
22.58019,4.313347E+19,-1.122518E+19,3.190829E+19
22.6006,4.313264E+19,-1.122104E+19,3.19116E+19
22.62112,4.313179E+19,-1.121699E+19,3.19148E+19
22.64648,4.31308E+19,-1.121194E+19,3.191886E+19
22.67127,4.312982E+19,-1.120697E+19,3.192285E+19
22.69662,4.312887E+19,-1.120184E+19,3.192703E+19
22.71932,4.312789E+19,-1.119731E+19,3.193059E+19
22.74734,4.31266E+19,-1.119181E+19,3.193479E+19
22.76645,4.31257E+19,-1.118801E+19,3.193769E+19
22.78635,4.312486E+19,-1.118402E+19,3.194084E+19
22.81324,4.312362E+19,-1.117866E+19,3.194496E+19
22.83277,4.312284E+19,-1.117486E+19,3.194798E+19
22.85275,4.312198E+19,-1.117107E+19,3.195091E+19
22.87215,4.312114E+19,-1.116747E+19,3.195367E+19
22.89643,4.312022E+19,-1.116328E+19,3.195694E+19
22.91605,4.311938E+19,-1.115959E+19,3.19598E+19
22.93627,4.311837E+19,-1.115516E+19,3.196321E+19
22.96341,4.311708E+19,-1.114991E+19,3.196717E+19
22.98319,4.311637E+19,-1.11463E+19,3.197007E+19
23.00353,4.311537E+19,-1.114217E+19,3.19732E+19
23.02995,4.311413E+19,-1.113673E+19,3.19774E+19
23.05019,4.311324E+19,-1.113277E+19,3.198047E+19
23.07081,4.311235E+19,-1.112879E+19,3.198356E+19
23.11156,4.311068E+19,-1.112103E+19,3.198966E+19
23.13174,4.310987E+19,-1.111713E+19,3.199274E+19
23.15283,4.310894E+19,-1.111298E+19,3.199597E+19
23.17993,4.310782E+19,-1.110756E+19,3.200026E+19
23.20161,4.31069E+19,-1.110326E+19,3.200364E+19
23.2208,4.310608E+19,-1.109954E+19,3.200654E+19
23.24724,4.31049E+19,-1.109446E+19,3.201044E+19
23.26566,4.310415E+19,-1.109098E+19,3.201317E+19
23.28392,4.310342E+19,-1.108765E+19,3.201576E+19
23.3021,4.310272E+19,-1.108434E+19,3.201838E+19
23.32068,4.310207E+19,-1.108108E+19,3.202099E+19
23.3464,4.310113E+19,-1.107651E+19,3.202462E+19
23.36517,4.310052E+19,-1.107352E+19,3.202701E+19
23.38308,4.30999E+19,-1.106993E+19,3.202997E+19
23.40161,4.309885E+19,-1.106553E+19,3.203333E+19
23.42024,4.309778E+19,-1.106149E+19,3.203629E+19
23.44588,4.309664E+19,-1.105623E+19,3.20404E+19
23.46535,4.309576E+19,-1.105239E+19,3.204337E+19
23.48301,4.309503E+19,-1.104899E+19,3.204604E+19
23.50187,4.309419E+19,-1.104535E+19,3.204884E+19
23.52036,4.309341E+19,-1.104175E+19,3.205167E+19
23.54684,4.309242E+19,-1.103648E+19,3.205594E+19
23.56638,4.30916E+19,-1.103262E+19,3.205898E+19
23.58457,4.309086E+19,-1.102902E+19,3.206184E+19
23.60356,4.309009E+19,-1.102529E+19,3.20648E+19
23.63058,4.308881E+19,-1.102003E+19,3.206878E+19
23.64963,4.308799E+19,-1.101641E+19,3.207158E+19
23.66846,4.308719E+19,-1.101288E+19,3.20743E+19
23.68714,4.308649E+19,-1.100953E+19,3.207696E+19
23.71365,4.308543E+19,-1.100451E+19,3.208092E+19
23.73255,4.308457E+19,-1.100037E+19,3.20842E+19
23.75048,4.308363E+19,-1.099664E+19,3.208699E+19
23.76932,4.308268E+19,-1.099289E+19,3.20898E+19
23.79627,4.308154E+19,-1.098761E+19,3.209393E+19
23.81523,4.308056E+19,-1.098393E+19,3.209663E+19
23.83277,4.307985E+19,-1.098055E+19,3.20993E+19
23.8516,4.307903E+19,-1.097694E+19,3.210208E+19
23.8698,4.307823E+19,-1.097346E+19,3.210477E+19
23.8964,4.307713E+19,-1.096841E+19,3.210872E+19
23.91508,4.307638E+19,-1.096486E+19,3.211152E+19
23.93237,4.307561E+19,-1.096159E+19,3.211401E+19
23.94984,4.307488E+19,-1.095828E+19,3.21166E+19
23.96772,4.307412E+19,-1.095493E+19,3.211919E+19
23.98635,4.307337E+19,-1.095139E+19,3.212197E+19
24.01274,4.30723E+19,-1.094643E+19,3.212587E+19
24.03183,4.307145E+19,-1.094282E+19,3.212863E+19
24.04981,4.307075E+19,-1.093945E+19,3.213129E+19
24.0682,4.306995E+19,-1.093596E+19,3.213399E+19
24.08578,4.306914E+19,-1.093265E+19,3.213648E+19
24.10259,4.306839E+19,-1.092948E+19,3.213891E+19
24.12103,4.306757E+19,-1.092598E+19,3.214159E+19
24.1469,4.306656E+19,-1.092112E+19,3.214545E+19
24.16722,4.306569E+19,-1.09173E+19,3.214839E+19
24.1875,4.306486E+19,-1.091344E+19,3.215142E+19
24.21337,4.30638E+19,-1.090856E+19,3.215524E+19
24.23228,4.306309E+19,-1.090506E+19,3.215804E+19
24.25065,4.306237E+19,-1.090163E+19,3.216075E+19
24.26897,4.30616E+19,-1.089826E+19,3.216334E+19
24.28594,4.306086E+19,-1.08952E+19,3.216566E+19
24.3129,4.305983E+19,-1.089039E+19,3.216944E+19
24.33254,4.305903E+19,-1.088692E+19,3.217211E+19
24.35099,4.305827E+19,-1.088368E+19,3.217459E+19
24.3693,4.305748E+19,-1.088038E+19,3.21771E+19
24.39602,4.305648E+19,-1.087538E+19,3.21811E+19
24.41466,4.305575E+19,-1.087194E+19,3.21838E+19
24.43218,4.3055E+19,-1.086863E+19,3.218637E+19
24.45114,4.305413E+19,-1.086499E+19,3.218914E+19
24.47019,4.30533E+19,-1.086133E+19,3.219198E+19
24.49561,4.305221E+19,-1.085655E+19,3.219566E+19
24.52003,4.305113E+19,-1.085217E+19,3.219895E+19
24.54659,4.305007E+19,-1.084789E+19,3.220217E+19
24.56959,4.304916E+19,-1.084346E+19,3.22057E+19
24.59567,4.304785E+19,-1.083829E+19,3.220955E+19
24.6152,4.304687E+19,-1.083502E+19,3.221186E+19
24.63253,4.304622E+19,-1.083258E+19,3.221364E+19
24.65302,4.304536E+19,-1.082858E+19,3.221678E+19
24.67968,4.30444E+19,-1.082273E+19,3.222167E+19
24.69907,4.304381E+19,-1.081839E+19,3.222541E+19
24.71821,4.304321E+19,-1.081427E+19,3.222894E+19
24.73596,4.304233E+19,-1.081061E+19,3.223172E+19
24.76301,4.304102E+19,-1.080522E+19,3.22358E+19
24.7812,4.304015E+19,-1.080168E+19,3.223847E+19
24.80003,4.303939E+19,-1.079808E+19,3.22413E+19
24.81872,4.303863E+19,-1.079458E+19,3.224405E+19
24.83644,4.30379E+19,-1.079125E+19,3.224665E+19
24.86244,4.303681E+19,-1.078654E+19,3.225026E+19
24.88058,4.303599E+19,-1.078332E+19,3.225267E+19
24.89871,4.303525E+19,-1.078034E+19,3.225491E+19
24.91726,4.303454E+19,-1.077767E+19,3.225687E+19
24.93492,4.303419E+19,-1.077356E+19,3.226063E+19
24.95247,4.303385E+19,-1.076965E+19,3.22642E+19
24.96919,4.303312E+19,-1.076633E+19,3.226679E+19
24.98599,4.303236E+19,-1.076314E+19,3.226922E+19
25.01322,4.303117E+19,-1.075805E+19,3.227312E+19
25.03185,4.303043E+19,-1.075459E+19,3.227584E+19
25.05,4.30297E+19,-1.075126E+19,3.227845E+19
25.06834,4.302899E+19,-1.074793E+19,3.228106E+19
25.08642,4.302826E+19,-1.074468E+19,3.228358E+19
25.11274,4.302712E+19,-1.073991E+19,3.228721E+19
25.13139,4.302632E+19,-1.073655E+19,3.228976E+19
25.14876,4.302559E+19,-1.073337E+19,3.229222E+19
25.16881,4.30247E+19,-1.072972E+19,3.229497E+19
25.19592,4.302364E+19,-1.072479E+19,3.229885E+19
25.21589,4.302279E+19,-1.072118E+19,3.23016E+19
25.23492,4.302196E+19,-1.071775E+19,3.230421E+19
25.25268,4.302126E+19,-1.071458E+19,3.230668E+19
25.27955,4.302012E+19,-1.070978E+19,3.231035E+19
25.29847,4.301938E+19,-1.070642E+19,3.231297E+19
25.31726,4.301866E+19,-1.070309E+19,3.231557E+19
25.3353,4.301784E+19,-1.06999E+19,3.231794E+19
25.36229,4.301675E+19,-1.069516E+19,3.232159E+19
25.38103,4.301604E+19,-1.069189E+19,3.232415E+19
25.39916,4.301524E+19,-1.068869E+19,3.232655E+19
25.41902,4.301446E+19,-1.068525E+19,3.232921E+19
25.44726,4.301321E+19,-1.068023E+19,3.233298E+19
25.46625,4.30124E+19,-1.067675E+19,3.233565E+19
25.48438,4.301166E+19,-1.067338E+19,3.233828E+19
25.50272,4.301085E+19,-1.067E+19,3.234085E+19
25.52833,4.300974E+19,-1.06653E+19,3.234444E+19
25.54733,4.30089E+19,-1.066189E+19,3.234701E+19
25.5668,4.300814E+19,-1.065845E+19,3.234969E+19
25.58708,4.300724E+19,-1.065492E+19,3.235232E+19
25.61263,4.300617E+19,-1.065056E+19,3.23556E+19
25.63119,4.300546E+19,-1.064748E+19,3.235798E+19
25.65159,4.300466E+19,-1.064349E+19,3.236117E+19
25.67995,4.300366E+19,-1.063803E+19,3.236562E+19
25.69993,4.30029E+19,-1.063438E+19,3.236852E+19
25.71979,4.3002E+19,-1.063085E+19,3.237115E+19
25.74748,4.300088E+19,-1.0626E+19,3.237487E+19
25.76585,4.300013E+19,-1.062283E+19,3.23773E+19
25.78401,4.299944E+19,-1.061966E+19,3.237978E+19
25.80214,4.299862E+19,-1.061588E+19,3.238274E+19
25.8286,4.299779E+19,-1.061049E+19,3.238731E+19
25.84779,4.299713E+19,-1.060676E+19,3.239037E+19
25.86564,4.299633E+19,-1.060341E+19,3.239293E+19
25.8845,4.299562E+19,-1.059992E+19,3.23957E+19
25.90257,4.299482E+19,-1.059663E+19,3.239818E+19
25.92957,4.299369E+19,-1.059187E+19,3.240182E+19
25.94903,4.299293E+19,-1.058849E+19,3.240444E+19
25.96801,4.29922E+19,-1.05853E+19,3.24069E+19
25.98574,4.299154E+19,-1.058213E+19,3.240941E+19
26.01203,4.299066E+19,-1.057698E+19,3.241369E+19
26.03064,4.298993E+19,-1.05735E+19,3.241643E+19
26.04807,4.298913E+19,-1.057031E+19,3.241882E+19
26.06569,4.298847E+19,-1.056721E+19,3.242126E+19
26.08358,4.298773E+19,-1.05642E+19,3.242353E+19
26.10174,4.298695E+19,-1.056153E+19,3.242541E+19
26.12906,4.29859E+19,-1.05565E+19,3.242939E+19
26.14743,4.298517E+19,-1.055287E+19,3.243231E+19
26.16633,4.298433E+19,-1.05495E+19,3.243483E+19
26.18495,4.298353E+19,-1.054625E+19,3.243729E+19
26.21263,4.298258E+19,-1.054146E+19,3.244112E+19
26.23277,4.298187E+19,-1.053792E+19,3.244394E+19
26.25176,4.298112E+19,-1.053454E+19,3.244657E+19
26.26918,4.298048E+19,-1.053141E+19,3.244907E+19
26.29484,4.29795E+19,-1.052689E+19,3.24526E+19
26.31455,4.297878E+19,-1.05235E+19,3.245529E+19
26.33261,4.297804E+19,-1.052043E+19,3.245761E+19
26.35053,4.297746E+19,-1.051748E+19,3.245999E+19
26.36893,4.297695E+19,-1.05147E+19,3.246225E+19
26.39561,4.297627E+19,-1.051034E+19,3.246594E+19
26.41507,4.297573E+19,-1.050636E+19,3.246937E+19
26.43303,4.297491E+19,-1.050298E+19,3.247193E+19
26.45227,4.297396E+19,-1.049933E+19,3.247464E+19
26.47894,4.297276E+19,-1.04944E+19,3.247836E+19
26.49762,4.297204E+19,-1.049105E+19,3.248099E+19
26.51584,4.297126E+19,-1.048782E+19,3.248344E+19
26.53406,4.297058E+19,-1.048462E+19,3.248596E+19
26.55184,4.296993E+19,-1.048142E+19,3.248851E+19
26.57973,4.296884E+19,-1.047621E+19,3.249263E+19
26.6011,4.296797E+19,-1.047232E+19,3.249564E+19
26.61989,4.296722E+19,-1.046903E+19,3.249819E+19
26.64597,4.296619E+19,-1.046471E+19,3.250148E+19
26.66637,4.296556E+19,-1.046092E+19,3.250464E+19
26.68581,4.296488E+19,-1.045709E+19,3.250779E+19
26.7127,4.296363E+19,-1.045207E+19,3.251156E+19
26.73299,4.296275E+19,-1.044835E+19,3.251441E+19
26.75114,4.296207E+19,-1.044508E+19,3.251699E+19
26.77392,4.296111E+19,-1.044101E+19,3.25201E+19
26.79485,4.296025E+19,-1.043731E+19,3.252294E+19
26.81375,4.295947E+19,-1.043393E+19,3.252554E+19
26.83155,4.295875E+19,-1.043073E+19,3.252802E+19
26.84957,4.295802E+19,-1.042749E+19,3.253054E+19
26.86768,4.295731E+19,-1.042421E+19,3.25331E+19
26.89563,4.295623E+19,-1.041919E+19,3.253704E+19
26.92099,4.295527E+19,-1.041479E+19,3.254048E+19
26.947,4.295442E+19,-1.041058E+19,3.254385E+19
26.97316,4.295387E+19,-1.040579E+19,3.254808E+19
26.99638,4.295275E+19,-1.040057E+19,3.255218E+19
27.01521,4.295152E+19,-1.039691E+19,3.25546E+19
27.03495,4.29506E+19,-1.03932E+19,3.25574E+19
27.05355,4.294987E+19,-1.038978E+19,3.256009E+19
27.07923,4.29487E+19,-1.038509E+19,3.256361E+19
27.09817,4.294787E+19,-1.038172E+19,3.256615E+19
27.11694,4.29471E+19,-1.037831E+19,3.25688E+19
27.13538,4.294635E+19,-1.037508E+19,3.257127E+19
27.16222,4.294526E+19,-1.037034E+19,3.257492E+19
27.18336,4.294441E+19,-1.036668E+19,3.257774E+19
27.20314,4.294364E+19,-1.036328E+19,3.258037E+19
27.22935,4.294252E+19,-1.035882E+19,3.25837E+19
27.24928,4.294176E+19,-1.035552E+19,3.258624E+19
27.26876,4.294102E+19,-1.035233E+19,3.258869E+19
27.2959,4.293994E+19,-1.034804E+19,3.25919E+19
27.31558,4.293923E+19,-1.034499E+19,3.259424E+19
27.33912,4.293837E+19,-1.034125E+19,3.259712E+19
27.36238,4.293756E+19,-1.033702E+19,3.260055E+19
27.38354,4.293667E+19,-1.033301E+19,3.260366E+19
27.40683,4.293562E+19,-1.032862E+19,3.2607E+19
27.43013,4.293454E+19,-1.032429E+19,3.261024E+19
27.45142,4.293357E+19,-1.032043E+19,3.261315E+19
27.46916,4.293286E+19,-1.031723E+19,3.261563E+19
27.49553,4.293183E+19,-1.031271E+19,3.261912E+19
27.51471,4.293104E+19,-1.030953E+19,3.262152E+19
27.5329,4.29304E+19,-1.030659E+19,3.262382E+19
27.55118,4.292983E+19,-1.030342E+19,3.262641E+19
27.57035,4.292924E+19,-1.029959E+19,3.262965E+19
27.5964,4.292837E+19,-1.029464E+19,3.263373E+19
27.61797,4.292745E+19,-1.029075E+19,3.263671E+19
27.63534,4.292678E+19,-1.028768E+19,3.26391E+19
27.66344,4.292562E+19,-1.028285E+19,3.264277E+19
27.68526,4.292472E+19,-1.027916E+19,3.264556E+19
27.71288,4.292359E+19,-1.027466E+19,3.264893E+19
27.73302,4.29227E+19,-1.027146E+19,3.265124E+19
27.75145,4.292208E+19,-1.026859E+19,3.265349E+19
27.76895,4.292133E+19,-1.026585E+19,3.265548E+19
27.79542,4.29204E+19,-1.0261E+19,3.265941E+19
27.81549,4.291972E+19,-1.025698E+19,3.266274E+19
27.83362,4.291895E+19,-1.02534E+19,3.266555E+19
27.85209,4.291818E+19,-1.024992E+19,3.266826E+19
27.87981,4.291715E+19,-1.024486E+19,3.267229E+19
27.89807,4.291632E+19,-1.024163E+19,3.267468E+19
27.91682,4.291554E+19,-1.023838E+19,3.267716E+19
27.93462,4.291484E+19,-1.023529E+19,3.267956E+19
27.95177,4.291417E+19,-1.023235E+19,3.268182E+19
27.97887,4.291311E+19,-1.022765E+19,3.268545E+19
28.0029,4.291209E+19,-1.02235E+19,3.268859E+19
28.02752,4.291112E+19,-1.021924E+19,3.269188E+19
28.04844,4.291038E+19,-1.021562E+19,3.269477E+19
28.0671,4.290957E+19,-1.021242E+19,3.269716E+19
28.08458,4.290891E+19,-1.020943E+19,3.269948E+19
28.10184,4.29083E+19,-1.02066E+19,3.27017E+19
28.12805,4.290725E+19,-1.020239E+19,3.270485E+19
28.14652,4.290643E+19,-1.019942E+19,3.270701E+19
28.16688,4.290549E+19,-1.019576E+19,3.270973E+19
28.18678,4.290465E+19,-1.01922E+19,3.271245E+19
28.21245,4.290363E+19,-1.018777E+19,3.271586E+19
28.23192,4.29028E+19,-1.018446E+19,3.271834E+19
28.25135,4.290204E+19,-1.018116E+19,3.272088E+19
28.26844,4.290141E+19,-1.017828E+19,3.272314E+19
28.29553,4.290037E+19,-1.017359E+19,3.272678E+19
28.32214,4.289934E+19,-1.016906E+19,3.273028E+19
28.34434,4.289858E+19,-1.016543E+19,3.273315E+19
28.36418,4.289793E+19,-1.01622E+19,3.273573E+19
28.38224,4.289729E+19,-1.015923E+19,3.273806E+19
28.40052,4.289656E+19,-1.015599E+19,3.274057E+19
28.41848,4.289571E+19,-1.015252E+19,3.274319E+19
28.44482,4.289467E+19,-1.01476E+19,3.274707E+19
28.46361,4.2894E+19,-1.014427E+19,3.274972E+19
28.48254,4.289328E+19,-1.014095E+19,3.275232E+19
28.50172,4.289259E+19,-1.013759E+19,3.2755E+19
28.52841,4.289153E+19,-1.013296E+19,3.275857E+19
28.54767,4.289081E+19,-1.012956E+19,3.276125E+19
28.56813,4.289013E+19,-1.012604E+19,3.276409E+19
28.59477,4.288898E+19,-1.01214E+19,3.276758E+19
28.61748,4.288812E+19,-1.01175E+19,3.277062E+19
28.63663,4.288741E+19,-1.011423E+19,3.277318E+19
28.66247,4.288647E+19,-1.010985E+19,3.277662E+19
28.68428,4.288567E+19,-1.010618E+19,3.277949E+19
28.70302,4.288498E+19,-1.010299E+19,3.278199E+19
28.72759,4.288401E+19,-1.009886E+19,3.278515E+19
28.747,4.288325E+19,-1.009559E+19,3.278766E+19
28.76526,4.288258E+19,-1.009253E+19,3.279005E+19
28.78422,4.288186E+19,-1.008936E+19,3.27925E+19
28.80214,4.288116E+19,-1.008635E+19,3.279481E+19
28.82878,4.288008E+19,-1.008193E+19,3.279815E+19
28.84778,4.287932E+19,-1.007878E+19,3.280055E+19
28.86631,4.287856E+19,-1.007575E+19,3.280281E+19
28.88592,4.287787E+19,-1.007257E+19,3.28053E+19
28.91146,4.2877E+19,-1.006845E+19,3.280855E+19
28.93152,4.287624E+19,-1.006517E+19,3.281107E+19
28.95101,4.287557E+19,-1.006197E+19,3.28136E+19
28.96947,4.287486E+19,-1.00589E+19,3.281596E+19
28.99519,4.287381E+19,-1.005459E+19,3.281922E+19
29.01472,4.287303E+19,-1.005124E+19,3.282179E+19
29.03355,4.287228E+19,-1.004805E+19,3.282423E+19
29.05212,4.287157E+19,-1.004493E+19,3.282664E+19
29.07779,4.287053E+19,-1.004061E+19,3.282992E+19
29.09708,4.286983E+19,-1.003737E+19,3.283246E+19
29.11585,4.286907E+19,-1.003426E+19,3.283481E+19
29.13418,4.286833E+19,-1.003118E+19,3.283714E+19
29.16184,4.286719E+19,-1.002661E+19,3.284058E+19
29.18416,4.286635E+19,-1.002298E+19,3.284337E+19
29.20624,4.286537E+19,-1.001937E+19,3.284601E+19
29.22867,4.286457E+19,-1.001577E+19,3.284879E+19
29.24893,4.286373E+19,-1.001256E+19,3.285117E+19
29.26803,4.2863E+19,-1.000959E+19,3.285341E+19
29.29484,4.286186E+19,-1.000553E+19,3.285633E+19
29.31557,4.28611E+19,-1.000237E+19,3.285873E+19
29.33467,4.286045E+19,-9.999459E+18,3.286099E+19
29.36146,4.285964E+19,-9.994602E+18,3.286504E+19
29.38204,4.28591E+19,-9.990635E+18,3.286846E+19
29.40277,4.285838E+19,-9.986832E+18,3.287155E+19
29.42739,4.285749E+19,-9.982518E+18,3.287497E+19
29.44697,4.285675E+19,-9.979154E+18,3.28776E+19
29.46667,4.285597E+19,-9.9758E+18,3.288017E+19
29.48687,4.285517E+19,-9.972428E+18,3.288274E+19
29.51231,4.285413E+19,-9.968255E+18,3.288588E+19
29.53153,4.285344E+19,-9.965142E+18,3.28883E+19
29.55152,4.285278E+19,-9.961901E+18,3.289088E+19
29.57893,4.28517E+19,-9.95754E+18,3.289416E+19
29.6032,4.285083E+19,-9.953631E+18,3.28972E+19
29.62784,4.284976E+19,-9.949702E+18,3.290006E+19
29.64924,4.284896E+19,-9.946245E+18,3.290271E+19
29.66899,4.284816E+19,-9.943068E+18,3.290509E+19
29.69455,4.284722E+19,-9.938991E+18,3.290822E+19
29.71472,4.284651E+19,-9.935834E+18,3.291068E+19
29.73469,4.284581E+19,-9.932752E+18,3.291306E+19
29.76154,4.28448E+19,-9.928753E+18,3.291605E+19
29.78959,4.28438E+19,-9.924666E+18,3.291913E+19
29.81169,4.284302E+19,-9.920979E+18,3.292205E+19
29.83116,4.284258E+19,-9.917754E+18,3.292482E+19
29.85034,4.28419E+19,-9.914712E+18,3.292719E+19
29.86878,4.284123E+19,-9.911862E+18,3.292937E+19
29.89413,4.284033E+19,-9.907904E+18,3.293242E+19
29.91375,4.283955E+19,-9.904921E+18,3.293463E+19
29.93151,4.283898E+19,-9.902161E+18,3.293682E+19
29.95032,4.283829E+19,-9.898957E+18,3.293933E+19
29.96901,4.283754E+19,-9.895717E+18,3.294182E+19
29.99574,4.283652E+19,-9.891199E+18,3.294533E+19
30.01495,4.283575E+19,-9.888003E+18,3.294774E+19
30.0339,4.283508E+19,-9.884807E+18,3.295027E+19
30.05234,4.28343E+19,-9.881728E+18,3.295257E+19
30.07933,4.283319E+19,-9.877269E+18,3.295592E+19
30.09796,4.283247E+19,-9.874239E+18,3.295823E+19
30.11757,4.283175E+19,-9.871122E+18,3.296063E+19
30.13535,4.283095E+19,-9.868359E+18,3.296259E+19
30.16155,4.283012E+19,-9.864432E+18,3.296569E+19
30.18209,4.282945E+19,-9.861223E+18,3.296823E+19
30.20369,4.282886E+19,-9.857702E+18,3.297116E+19
30.2284,4.282814E+19,-9.853388E+18,3.297475E+19
30.24933,4.282748E+19,-9.849599E+18,3.297788E+19
30.26815,4.282686E+19,-9.846237E+18,3.298063E+19
30.29525,4.282576E+19,-9.841465E+18,3.29843E+19
30.31416,4.282502E+19,-9.83819E+18,3.298683E+19
30.33385,4.282424E+19,-9.834869E+18,3.298937E+19
30.35159,4.282345E+19,-9.83195E+18,3.29915E+19
30.37797,4.282244E+19,-9.827752E+18,3.299469E+19
30.39699,4.28217E+19,-9.825015E+18,3.299669E+19
30.41538,4.282092E+19,-9.824399E+18,3.299652E+19
30.43457,4.282014E+19,-9.819079E+18,3.300106E+19
30.46172,4.282002E+19,-9.813416E+18,3.30066E+19
30.48057,4.281958E+19,-9.810355E+18,3.300923E+19
30.49878,4.281889E+19,-9.807468E+18,3.301142E+19
30.5175,4.281814E+19,-9.804536E+18,3.301361E+19
30.53531,4.281748E+19,-9.801789E+18,3.301569E+19
30.56205,4.281653E+19,-9.797633E+18,3.301889E+19
30.58167,4.281574E+19,-9.794563E+18,3.302118E+19
30.60136,4.281506E+19,-9.791472E+18,3.302359E+19
30.62882,4.281405E+19,-9.787135E+18,3.302691E+19
30.64981,4.281323E+19,-9.783873E+18,3.302936E+19
30.66978,4.281252E+19,-9.780762E+18,3.303176E+19
30.6946,4.281166E+19,-9.776799E+18,3.303486E+19
30.71574,4.28109E+19,-9.773241E+18,3.303765E+19
30.73487,4.281014E+19,-9.770032E+18,3.30401E+19
30.76172,4.280913E+19,-9.765559E+18,3.304357E+19
30.78131,4.280854E+19,-9.762396E+18,3.304614E+19
30.80057,4.280777E+19,-9.759315E+18,3.304846E+19
30.8186,4.280704E+19,-9.756481E+18,3.305055E+19
30.84416,4.280614E+19,-9.75252E+18,3.305362E+19
30.86428,4.280539E+19,-9.749489E+18,3.30559E+19
30.88503,4.280472E+19,-9.746436E+18,3.305828E+19
30.91146,4.280386E+19,-9.742756E+18,3.30611E+19
30.93291,4.280328E+19,-9.74009E+18,3.306319E+19
30.95135,4.280301E+19,-9.737681E+18,3.306533E+19
30.97766,4.280255E+19,-9.733105E+18,3.306944E+19
30.99883,4.280183E+19,-9.730094E+18,3.307174E+19
31.01779,4.280126E+19,-9.72785E+18,3.307341E+19
31.04532,4.280089E+19,-9.722151E+18,3.307874E+19
31.06401,4.280041E+19,-9.718375E+18,3.308204E+19
31.08239,4.279937E+19,-9.71506E+18,3.308431E+19
31.10126,4.279854E+19,-9.711929E+18,3.308661E+19
31.12803,4.279747E+19,-9.707678E+18,3.308979E+19
31.14704,4.279676E+19,-9.704699E+18,3.309206E+19
31.16814,4.279628E+19,-9.701026E+18,3.309525E+19
31.19492,4.279551E+19,-9.696378E+18,3.309914E+19
31.21496,4.279472E+19,-9.693065E+18,3.310166E+19
31.2339,4.279392E+19,-9.689993E+18,3.310393E+19
31.25207,4.279322E+19,-9.687106E+18,3.310611E+19
31.27805,4.279224E+19,-9.683049E+18,3.310919E+19
31.29697,4.279153E+19,-9.680163E+18,3.311137E+19
31.31493,4.279091E+19,-9.677481E+18,3.311343E+19
31.3348,4.279017E+19,-9.674559E+18,3.311561E+19
31.36098,4.278927E+19,-9.67032E+18,3.311895E+19
31.38037,4.278863E+19,-9.6671E+18,3.312153E+19
31.40349,4.278786E+19,-9.663384E+18,3.312448E+19
31.42841,4.27869E+19,-9.659456E+18,3.312744E+19
31.44743,4.278625E+19,-9.656487E+18,3.312976E+19
31.46682,4.278563E+19,-9.653448E+18,3.313218E+19
31.48461,4.27849E+19,-9.650648E+18,3.313425E+19
31.51129,4.278392E+19,-9.646414E+18,3.313751E+19
31.5302,4.278319E+19,-9.643351E+18,3.313984E+19
31.54823,4.278251E+19,-9.640389E+18,3.314212E+19
31.56816,4.278178E+19,-9.637119E+18,3.314466E+19
31.5939,4.278083E+19,-9.632897E+18,3.314793E+19
31.61399,4.278013E+19,-9.629546E+18,3.315058E+19
31.63317,4.277941E+19,-9.626393E+18,3.315302E+19
31.6619,4.277827E+19,-9.621613E+18,3.315665E+19
31.68324,4.277738E+19,-9.618071E+18,3.315931E+19
31.70307,4.277666E+19,-9.614789E+18,3.316187E+19
31.72776,4.277575E+19,-9.610766E+18,3.316499E+19
31.74658,4.277504E+19,-9.607734E+18,3.31673E+19
31.76511,4.27743E+19,-9.604732E+18,3.316957E+19
31.78377,4.277361E+19,-9.60178E+18,3.317183E+19
31.81037,4.277266E+19,-9.597559E+18,3.317511E+19
31.83046,4.27719E+19,-9.594415E+18,3.317748E+19
31.84998,4.277117E+19,-9.591351E+18,3.317982E+19
31.86808,4.277053E+19,-9.588528E+18,3.3182E+19
31.89413,4.276956E+19,-9.584451E+18,3.318511E+19
31.91319,4.276894E+19,-9.581486E+18,3.318745E+19
31.93086,4.276829E+19,-9.578728E+18,3.318956E+19
31.95108,4.276756E+19,-9.575607E+18,3.319196E+19
31.97724,4.276666E+19,-9.571537E+18,3.319512E+19
31.99624,4.276599E+19,-9.568614E+18,3.319737E+19
32.01386,4.276538E+19,-9.565914E+18,3.319946E+19
32.033,4.276475E+19,-9.563009E+18,3.320174E+19
32.05152,4.276404E+19,-9.560235E+18,3.32038E+19
32.0783,4.276311E+19,-9.556254E+18,3.320686E+19
32.09755,4.276243E+19,-9.553376E+18,3.320905E+19
32.11696,4.276169E+19,-9.550406E+18,3.321129E+19
32.13474,4.2761E+19,-9.547637E+18,3.321336E+19
32.16165,4.275994E+19,-9.543423E+18,3.321651E+19
32.18233,4.275924E+19,-9.540156E+18,3.321908E+19
32.20191,4.275857E+19,-9.537033E+18,3.322154E+19
32.22712,4.275764E+19,-9.533113E+18,3.322452E+19
32.24821,4.27569E+19,-9.529833E+18,3.322707E+19
32.2677,4.275624E+19,-9.526855E+18,3.322939E+19
32.29431,4.275533E+19,-9.522835E+18,3.323249E+19
32.31424,4.275454E+19,-9.519881E+18,3.323466E+19
32.3331,4.275395E+19,-9.5171E+18,3.323685E+19
32.35112,4.27533E+19,-9.514471E+18,3.323883E+19
32.37833,4.275229E+19,-9.51046E+18,3.324183E+19
32.39717,4.275166E+19,-9.507629E+18,3.324403E+19
32.41619,4.275106E+19,-9.504707E+18,3.324635E+19
32.43443,4.27505E+19,-9.501908E+18,3.324859E+19
32.46103,4.27497E+19,-9.49783E+18,3.325187E+19
32.48078,4.274899E+19,-9.494714E+18,3.325428E+19
32.49993,4.27483E+19,-9.491576E+18,3.325672E+19
32.51852,4.274771E+19,-9.488532E+18,3.325918E+19
32.54465,4.274682E+19,-9.484317E+18,3.32625E+19
32.56535,4.274613E+19,-9.481034E+18,3.326509E+19
32.58519,4.274541E+19,-9.477916E+18,3.32675E+19
32.61066,4.274453E+19,-9.473929E+18,3.32706E+19
32.63006,4.274388E+19,-9.470924E+18,3.327296E+19
32.64996,4.274308E+19,-9.467811E+18,3.327527E+19
32.67837,4.27421E+19,-9.463399E+18,3.32787E+19
32.69951,4.274125E+19,-9.460146E+18,3.32811E+19
32.71859,4.274057E+19,-9.457241E+18,3.328333E+19
32.74387,4.273967E+19,-9.453429E+18,3.328624E+19
32.7631,4.273895E+19,-9.450569E+18,3.328839E+19
32.7812,4.273828E+19,-9.447807E+18,3.329047E+19
32.80055,4.27377E+19,-9.444785E+18,3.329291E+19
32.818,4.273713E+19,-9.442009E+18,3.329512E+19
32.84443,4.273626E+19,-9.437775E+18,3.329849E+19
32.86498,4.273556E+19,-9.434551E+18,3.330101E+19
32.8835,4.273489E+19,-9.431689E+18,3.33032E+19
32.90135,4.273428E+19,-9.42893E+18,3.330535E+19
32.92674,4.27334E+19,-9.425005E+18,3.33084E+19
32.94604,4.273274E+19,-9.422039E+18,3.33107E+19
32.96441,4.273204E+19,-9.419245E+18,3.33128E+19
32.98278,4.273139E+19,-9.416423E+18,3.331497E+19
33.00126,4.273073E+19,-9.413601E+18,3.331712E+19
33.02812,4.272981E+19,-9.409487E+18,3.332032E+19
33.04641,4.272915E+19,-9.406742E+18,3.33224E+19
33.06512,4.272853E+19,-9.403909E+18,3.332463E+19
33.08448,4.272787E+19,-9.401037E+18,3.332684E+19
33.11077,4.272697E+19,-9.397176E+18,3.33298E+19
33.12967,4.272637E+19,-9.394452E+18,3.333191E+19
33.15018,4.272571E+19,-9.39158E+18,3.333413E+19
33.17029,4.2725E+19,-9.388858E+18,3.333615E+19
33.19392,4.272424E+19,-9.385985E+18,3.333826E+19
33.21481,4.27238E+19,-9.382695E+18,3.334111E+19
33.23383,4.272333E+19,-9.37943E+18,3.33439E+19
33.2608,4.27224E+19,-9.375204E+18,3.33472E+19
33.27975,4.272173E+19,-9.372311E+18,3.334941E+19
33.29923,4.272096E+19,-9.369357E+18,3.33516E+19
33.31788,4.272034E+19,-9.366579E+18,3.335376E+19
33.34478,4.271951E+19,-9.362661E+18,3.335685E+19
33.3639,4.27188E+19,-9.35992E+18,3.335888E+19
33.38288,4.271814E+19,-9.357117E+18,3.336103E+19
33.40119,4.271732E+19,-9.354245E+18,3.336308E+19
33.42711,4.271635E+19,-9.349984E+18,3.336636E+19
33.44626,4.271564E+19,-9.346859E+18,3.336877E+19
33.46433,4.271502E+19,-9.343906E+18,3.337112E+19
33.48347,4.271432E+19,-9.340908E+18,3.337342E+19
33.50152,4.271373E+19,-9.338131E+18,3.33756E+19
33.52729,4.271283E+19,-9.334297E+18,3.337854E+19
33.54795,4.27121E+19,-9.331318E+18,3.338078E+19
33.56927,4.271139E+19,-9.328328E+18,3.338306E+19
33.59403,4.271054E+19,-9.324527E+18,3.338601E+19
33.61465,4.270987E+19,-9.321276E+18,3.338859E+19
33.63288,4.270927E+19,-9.318538E+18,3.339073E+19
33.66149,4.270835E+19,-9.31432E+18,3.339403E+19
33.68835,4.270734E+19,-9.310085E+18,3.339725E+19
33.71107,4.270653E+19,-9.306524E+18,3.340001E+19
33.7346,4.270576E+19,-9.302981E+18,3.340278E+19
33.76077,4.270483E+19,-9.29914E+18,3.340569E+19
33.78031,4.270425E+19,-9.29631E+18,3.340794E+19
33.7994,4.270362E+19,-9.293511E+18,3.341011E+19
33.81779,4.270301E+19,-9.290681E+18,3.341233E+19
33.8437,4.270212E+19,-9.286735E+18,3.341539E+19
33.86397,4.270142E+19,-9.283676E+18,3.341774E+19
33.88473,4.270075E+19,-9.280569E+18,3.342018E+19
33.9103,4.269988E+19,-9.276791E+18,3.342309E+19
33.9295,4.269929E+19,-9.273976E+18,3.342531E+19
33.94802,4.269868E+19,-9.271235E+18,3.342744E+19
33.96985,4.269792E+19,-9.268078E+18,3.342984E+19
33.99532,4.269713E+19,-9.264389E+18,3.343274E+19
34.01856,4.269631E+19,-9.261046E+18,3.343527E+19
34.05172,4.26952E+19,-9.25628E+18,3.343892E+19
34.20619,4.269021E+19,-9.233976E+18,3.345624E+19
34.27989,4.268803E+19,-9.223144E+18,3.346489E+19
34.33033,4.268635E+19,-9.215768E+18,3.347058E+19
34.37528,4.2685E+19,-9.209203E+18,3.347579E+19
34.39274,4.26844E+19,-9.206649E+18,3.347776E+19
34.41104,4.268377E+19,-9.203974E+18,3.347979E+19
34.42826,4.268326E+19,-9.201456E+18,3.34818E+19
34.44566,4.268272E+19,-9.198929E+18,3.34838E+19
34.46307,4.268215E+19,-9.19639E+18,3.348576E+19
34.48016,4.268162E+19,-9.193914E+18,3.34877E+19
34.49755,4.268099E+19,-9.191412E+18,3.348958E+19
34.51551,4.268038E+19,-9.188819E+18,3.349156E+19
34.53342,4.267978E+19,-9.18627E+18,3.349351E+19
34.55052,4.267918E+19,-9.183831E+18,3.349535E+19
34.57787,4.267819E+19,-9.17992E+18,3.349828E+19
34.59644,4.267761E+19,-9.177283E+18,3.350032E+19
34.61531,4.267697E+19,-9.174572E+18,3.35024E+19
34.63338,4.267636E+19,-9.171998E+18,3.350436E+19
34.65995,4.267547E+19,-9.168211E+18,3.350726E+19
34.67933,4.26748E+19,-9.165423E+18,3.350938E+19
34.69812,4.26741E+19,-9.162747E+18,3.351135E+19
34.71651,4.267352E+19,-9.160085E+18,3.351343E+19
34.74223,4.26727E+19,-9.156379E+18,3.351632E+19
34.75975,4.267215E+19,-9.153887E+18,3.351826E+19
34.77724,4.267161E+19,-9.151362E+18,3.352024E+19
34.79741,4.267092E+19,-9.148447E+18,3.352248E+19
34.81582,4.267033E+19,-9.145833E+18,3.352449E+19
34.83329,4.266973E+19,-9.143323E+18,3.352641E+19
34.85077,4.26691E+19,-9.140827E+18,3.352828E+19
34.87707,4.266824E+19,-9.137161E+18,3.353108E+19
34.89623,4.26677E+19,-9.134524E+18,3.353318E+19
34.91561,4.266707E+19,-9.131924E+18,3.353515E+19
34.93451,4.266653E+19,-9.129456E+18,3.353707E+19
34.95953,4.266575E+19,-9.125971E+18,3.353978E+19
34.97721,4.266505E+19,-9.123331E+18,3.354172E+19
34.99463,4.26644E+19,-9.120777E+18,3.354362E+19
35.01248,4.266373E+19,-9.118223E+18,3.354551E+19
35.03229,4.266297E+19,-9.115374E+18,3.35476E+19
35.05952,4.266212E+19,-9.111453E+18,3.355066E+19
35.07711,4.266149E+19,-9.108906E+18,3.355258E+19
35.09542,4.266091E+19,-9.106233E+18,3.355468E+19
35.11549,4.266029E+19,-9.103325E+18,3.355697E+19
35.13284,4.265979E+19,-9.100806E+18,3.355898E+19
35.14978,4.265926E+19,-9.098355E+18,3.356091E+19
35.17762,4.265827E+19,-9.094364E+18,3.356391E+19
35.19749,4.265768E+19,-9.091547E+18,3.356613E+19
35.21695,4.265699E+19,-9.088811E+18,3.356818E+19
35.24244,4.26561E+19,-9.085265E+18,3.357083E+19
35.26107,4.265553E+19,-9.082721E+18,3.35728E+19
35.27938,4.265494E+19,-9.080278E+18,3.357466E+19
35.29875,4.265429E+19,-9.077508E+18,3.357678E+19
35.3166,4.265361E+19,-9.074599E+18,3.357901E+19
35.345,4.265268E+19,-9.070081E+18,3.358259E+19
35.36319,4.265204E+19,-9.067315E+18,3.358472E+19
35.38011,4.265146E+19,-9.064767E+18,3.35867E+19
35.39757,4.265093E+19,-9.062213E+18,3.358872E+19
35.41504,4.265032E+19,-9.05968E+18,3.359064E+19
35.43219,4.264977E+19,-9.057224E+18,3.359255E+19
35.44936,4.26492E+19,-9.054767E+18,3.359443E+19
35.47607,4.264832E+19,-9.051046E+18,3.359728E+19
35.49384,4.264787E+19,-9.048576E+18,3.35993E+19
35.51177,4.264728E+19,-9.046113E+18,3.360117E+19
35.53226,4.264666E+19,-9.043275E+18,3.360339E+19
35.54979,4.264616E+19,-9.04079E+18,3.360537E+19
35.568,4.264561E+19,-9.038207E+18,3.36074E+19
35.59254,4.26448E+19,-9.034723E+18,3.361008E+19
35.6144,4.264403E+19,-9.031636E+18,3.361239E+19
35.63247,4.264343E+19,-9.029049E+18,3.361438E+19
35.66059,4.264246E+19,-9.025028E+18,3.361743E+19
35.68071,4.264177E+19,-9.022134E+18,3.361964E+19
35.69899,4.264111E+19,-9.019519E+18,3.36216E+19
35.7169,4.264045E+19,-9.01697E+18,3.362348E+19
35.7426,4.263957E+19,-9.013355E+18,3.362622E+19
35.76424,4.263889E+19,-9.01034E+18,3.362855E+19
35.78171,4.263834E+19,-9.007907E+18,3.363043E+19
35.7994,4.263774E+19,-9.005516E+18,3.363222E+19
35.81602,4.263722E+19,-9.00325E+18,3.363397E+19
35.83342,4.26367E+19,-9.000919E+18,3.363578E+19
35.86319,4.263582E+19,-8.997115E+18,3.363871E+19
35.88484,4.263518E+19,-8.994546E+18,3.364063E+19
35.90944,4.263436E+19,-8.99134E+18,3.364302E+19
35.93051,4.263373E+19,-8.98919E+18,3.364454E+19
35.94873,4.263336E+19,-8.98606E+18,3.36473E+19
35.96624,4.263271E+19,-8.982266E+18,3.365044E+19
35.9993,4.263126E+19,-8.977279E+18,3.365398E+19
