0.02,1.41267E+15,-4.557452E+19,-4.557311E+19
0.3533334,1.665274E+18,-4.569653E+19,-4.403126E+19
0.4247404,2.705035E+18,-4.577781E+19,-4.307277E+19
0.4772927,5.874132E+18,-4.575708E+19,-3.988295E+19
0.5231453,1.061169E+19,-4.583826E+19,-3.522657E+19
0.5686567,9.929572E+19,-4.577405E+19,5.352167E+19
0.6152334,3.714117E+20,-4.576651E+19,3.256452E+20
0.6471877,3.733509E+20,-4.574854E+19,3.276024E+20
0.663753,3.737812E+20,-4.572492E+19,3.280563E+20
0.6809403,3.742324E+20,-4.576264E+19,3.284698E+20
0.6971074,3.797005E+20,-4.57249E+19,3.339756E+20
0.7140214,4.200544E+20,-4.571271E+19,3.743417E+20
0.730665,4.868744E+20,-4.572228E+19,4.411521E+20
0.748383,4.869359E+20,-4.576148E+19,4.411744E+20
0.7644327,4.992521E+20,-4.570532E+19,4.535468E+20
0.7806202,5.360429E+20,-4.571465E+19,4.903282E+20
0.7973927,5.377916E+20,-4.571297E+19,4.920787E+20
0.8140047,5.400848E+20,-4.566401E+19,4.944208E+20
0.8313794,5.416428E+20,-4.565233E+19,4.959905E+20
0.8475237,5.416657E+20,-4.56597E+19,4.96006E+20
0.8635424,5.417012E+20,-4.565664E+19,4.960445E+20
0.8799685,5.417591E+20,-4.564665E+19,4.961125E+20
0.8969263,5.417661E+20,-4.566366E+19,4.961025E+20
0.9154606,5.419551E+20,-4.567141E+19,4.962837E+20
0.931235,5.423802E+20,-4.564523E+19,4.967349E+20
0.9475663,5.425688E+20,-4.569619E+19,4.968726E+20
0.9638525,5.699114E+20,-4.571836E+19,5.24193E+20
0.9799392,6.532914E+20,-4.56771E+19,6.076143E+20
0.9968426,6.640165E+20,-4.566347E+19,6.18353E+20
1.01289,6.641924E+20,-4.570607E+19,6.184863E+20
1.029744,6.698558E+20,-4.567786E+19,6.241779E+20
1.047285,6.876327E+20,-4.564032E+19,6.419924E+20
1.064043,6.877276E+20,-4.567939E+19,6.420482E+20
1.080471,6.879092E+20,-4.566051E+19,6.422487E+20
1.105518,6.888069E+20,-4.56272E+19,6.431797E+20
1.124134,6.898513E+20,-4.561E+19,6.442413E+20
1.148971,6.899168E+20,-4.559053E+19,6.443263E+20
1.183459,6.900213E+20,-4.559908E+19,6.444223E+20
1.201937,6.901275E+20,-4.554971E+19,6.445778E+20
1.218716,6.903322E+20,-4.554822E+19,6.447839E+20
1.234677,6.903462E+20,-4.552355E+19,6.448227E+20
1.251382,6.904056E+20,-4.551537E+19,6.448902E+20
1.271173,6.904609E+20,-4.552338E+19,6.449376E+20
1.297619,6.905494E+20,-4.550387E+19,6.450455E+20
1.318063,6.907342E+20,-4.547423E+19,6.4526E+20
1.33773,6.909433E+20,-4.549728E+19,6.45446E+20
1.362915,6.947254E+20,-4.546032E+19,6.492651E+20
1.380485,7.018949E+20,-4.543548E+19,6.564595E+20
1.396837,7.0196E+20,-4.541904E+19,6.565409E+20
1.41273,7.019714E+20,-4.541606E+19,6.565553E+20
1.430095,7.01988E+20,-4.542221E+19,6.565659E+20
1.446678,7.024968E+20,-4.537839E+19,6.571184E+20
1.463536,7.038952E+20,-4.537575E+19,6.585194E+20
1.480471,7.039061E+20,-4.536101E+19,6.585451E+20
1.496881,7.039578E+20,-4.537008E+19,6.585877E+20
1.513198,7.039989E+20,-4.536995E+19,6.586289E+20
1.529952,7.069732E+20,-4.534331E+19,6.616299E+20
1.546544,7.158175E+20,-4.533416E+19,6.704834E+20
1.563396,7.158864E+20,-4.531383E+19,6.705725E+20
1.58046,7.159785E+20,-4.530128E+19,6.706773E+20
1.597261,7.160134E+20,-4.529803E+19,6.707153E+20
1.613754,7.160648E+20,-4.528771E+19,6.707771E+20
1.630488,7.161094E+20,-4.527079E+19,6.708385E+20
1.648633,7.161443E+20,-4.524466E+19,6.708997E+20
1.668621,7.161883E+20,-4.523018E+19,6.709581E+20
1.689148,7.161987E+20,-4.521157E+19,6.709872E+20
1.704657,7.162077E+20,-4.519498E+19,6.710127E+20
1.731184,7.162137E+20,-4.517829E+19,6.710354E+20
1.752199,7.162207E+20,-4.51699E+19,6.710508E+20
1.769032,7.162253E+20,-4.51657E+19,6.710596E+20
1.785861,7.162313E+20,-4.515528E+19,6.71076E+20
1.802129,7.162413E+20,-4.513409E+19,6.711072E+20
1.822763,7.16258E+20,-4.513741E+19,6.711206E+20
1.838927,7.163612E+20,-4.510509E+19,6.712561E+20
1.867937,7.169528E+20,-4.508481E+19,6.71868E+20
1.88655,7.169521E+20,-4.507589E+19,6.718762E+20
1.903181,7.169588E+20,-4.506906E+19,6.718897E+20
1.93334,7.169825E+20,-4.50252E+19,6.719573E+20
1.952879,7.169994E+20,-4.501142E+19,6.71988E+20
1.968929,7.170056E+20,-4.500156E+19,6.720041E+20
1.987958,7.170184E+20,-4.49845E+19,6.720339E+20
2.015355,7.170325E+20,-4.496202E+19,6.720705E+20
2.032273,7.170564E+20,-4.493782E+19,6.721186E+20
2.057519,7.17146E+20,-4.490807E+19,6.72238E+20
2.083249,7.171505E+20,-4.489244E+19,6.72258E+20
2.099505,7.171542E+20,-4.488122E+19,6.72273E+20
2.118152,7.171665E+20,-4.485905E+19,6.723075E+20
2.134995,7.171801E+20,-4.48461E+19,6.72334E+20
2.1568,7.171895E+20,-4.482982E+19,6.723597E+20
2.183205,7.172183E+20,-4.479798E+19,6.724203E+20
2.199961,7.172548E+20,-4.478277E+19,6.724721E+20
2.221893,7.172597E+20,-4.477269E+19,6.72487E+20
2.23739,7.172654E+20,-4.476206E+19,6.725033E+20
2.267591,7.172777E+20,-4.473377E+19,6.725439E+20
2.287355,7.172835E+20,-4.471798E+19,6.725655E+20
2.303916,7.17289E+20,-4.469618E+19,6.725928E+20
2.332795,7.172995E+20,-4.46717E+19,6.726278E+20
2.352252,7.173013E+20,-4.465803E+19,6.726432E+20
2.36875,7.173028E+20,-4.464508E+19,6.726577E+20
2.388457,7.173063E+20,-4.462985E+19,6.726764E+20
2.407029,7.173108E+20,-4.461654E+19,6.726942E+20
2.4314,7.173179E+20,-4.459345E+19,6.727245E+20
2.456418,7.173284E+20,-4.458473E+19,6.727436E+20
2.487895,7.173344E+20,-4.454712E+19,6.727873E+20
2.504902,7.173417E+20,-4.453145E+19,6.728102E+20
2.529282,7.173465E+20,-4.452167E+19,6.728248E+20
2.547057,7.173504E+20,-4.450945E+19,6.72841E+20
2.563739,7.173516E+20,-4.448685E+19,6.728647E+20
2.581995,7.173558E+20,-4.447155E+19,6.728842E+20
2.603285,7.173585E+20,-4.445087E+19,6.729077E+20
2.619051,7.173595E+20,-4.443939E+19,6.729201E+20
2.635312,7.17361E+20,-4.442862E+19,6.729324E+20
2.653307,7.173633E+20,-4.441318E+19,6.729502E+20
2.670249,7.173653E+20,-4.439876E+19,6.729666E+20
2.687651,7.173667E+20,-4.438898E+19,6.729777E+20
2.713576,7.173695E+20,-4.436701E+19,6.730025E+20
2.731505,7.173714E+20,-4.435372E+19,6.730177E+20
2.748867,7.173738E+20,-4.434186E+19,6.730319E+20
2.770302,7.17377E+20,-4.432945E+19,6.730476E+20
2.796705,7.173811E+20,-4.431204E+19,6.73069E+20
2.814497,7.173827E+20,-4.430057E+19,6.730822E+20
2.831638,7.173852E+20,-4.429287E+19,6.730924E+20
2.84764,7.173862E+20,-4.428514E+19,6.73101E+20
2.864258,7.173883E+20,-4.427553E+19,6.731128E+20
2.88079,7.173911E+20,-4.426604E+19,6.73125E+20
2.897916,7.173941E+20,-4.425763E+19,6.731364E+20
2.915399,7.17396E+20,-4.424661E+19,6.731494E+20
2.932637,7.173994E+20,-4.423703E+19,6.731624E+20
2.948438,7.173995E+20,-4.422934E+19,6.731701E+20
2.967037,7.174003E+20,-4.421291E+19,6.731874E+20
2.98469,7.17405E+20,-4.420247E+19,6.732025E+20
3.003006,7.174069E+20,-4.419291E+19,6.73214E+20
3.030173,7.17411E+20,-4.418328E+19,6.732277E+20
3.048465,7.174196E+20,-4.417613E+19,6.732434E+20
3.064718,7.174364E+20,-4.416821E+19,6.732682E+20
3.08068,7.174416E+20,-4.416014E+19,6.732815E+20
3.097608,7.174455E+20,-4.416203E+19,6.732835E+20
3.113718,7.174528E+20,-4.414401E+19,6.733088E+20
3.130893,7.174817E+20,-4.41366E+19,6.733451E+20
3.14737,7.174839E+20,-4.413203E+19,6.733518E+20
3.165938,7.174884E+20,-4.412546E+19,6.733629E+20
3.182839,7.174904E+20,-4.411387E+19,6.733765E+20
3.198811,7.174906E+20,-4.410603E+19,6.733846E+20
3.214044,7.17491E+20,-4.409959E+19,6.733914E+20
3.229591,7.17493E+20,-4.409645E+19,6.733966E+20
3.24613,7.174963E+20,-4.408934E+19,6.73407E+20
3.262954,7.174997E+20,-4.408027E+19,6.734195E+20
3.279545,7.175029E+20,-4.407483E+19,6.734281E+20
3.297033,7.175047E+20,-4.406874E+19,6.73436E+20
3.316504,7.175079E+20,-4.406232E+19,6.734456E+20
3.335989,7.175113E+20,-4.405334E+19,6.734579E+20
3.352111,7.175136E+20,-4.404812E+19,6.734655E+20
3.367944,7.175157E+20,-4.404312E+19,6.734726E+20
3.383532,7.175184E+20,-4.403929E+19,6.734791E+20
3.39896,7.175217E+20,-4.403592E+19,6.734857E+20
3.414522,7.175245E+20,-4.403109E+19,6.734934E+20
3.430969,7.175265E+20,-4.402746E+19,6.73499E+20
3.446752,7.175292E+20,-4.402624E+19,6.735029E+20
3.463118,7.1753E+20,-4.402571E+19,6.735043E+20
3.481309,7.175338E+20,-4.402382E+19,6.7351E+20
3.50034,7.175378E+20,-4.402375E+19,6.73514E+20
3.516477,7.175409E+20,-4.402263E+19,6.735183E+20
3.532812,7.17544E+20,-4.402595E+19,6.73518E+20
3.54941,7.175499E+20,-4.401794E+19,6.735319E+20
3.565901,7.175561E+20,-4.401596E+19,6.735401E+20
3.581461,7.175582E+20,-4.401421E+19,6.73544E+20
3.597579,7.175598E+20,-4.401245E+19,6.735474E+20
3.61781,7.17562E+20,-4.400865E+19,6.735533E+20
3.635041,7.175658E+20,-4.400637E+19,6.735594E+20
3.651134,7.175677E+20,-4.400588E+19,6.735619E+20
3.667813,7.175706E+20,-4.400376E+19,6.735668E+20
3.68434,7.175721E+20,-4.3999E+19,6.735731E+20
3.700521,7.175749E+20,-4.400027E+19,6.735747E+20
3.716335,7.175801E+20,-4.399183E+19,6.735883E+20
3.731761,7.175956E+20,-4.39889E+19,6.736067E+20
3.747733,7.175975E+20,-4.398623E+19,6.736113E+20
3.7641,7.175989E+20,-4.39844E+19,6.736145E+20
3.780446,7.17601E+20,-4.39829E+19,6.73618E+20
3.796121,7.17603E+20,-4.398155E+19,6.736215E+20
3.814521,7.176056E+20,-4.398198E+19,6.736237E+20
3.832392,7.176082E+20,-4.397949E+19,6.736287E+20
3.848805,7.17611E+20,-4.39773E+19,6.736337E+20
3.865425,7.176124E+20,-4.397781E+19,6.736346E+20
3.881648,7.176145E+20,-4.397859E+19,6.73636E+20
3.898029,7.176171E+20,-4.398054E+19,6.736366E+20
3.914358,7.176209E+20,-4.398192E+19,6.736389E+20
3.930821,7.176246E+20,-4.398357E+19,6.73641E+20
3.946763,7.176271E+20,-4.398627E+19,6.736408E+20
3.963032,7.176302E+20,-4.398974E+19,6.736405E+20
3.981438,7.176343E+20,-4.399014E+19,6.736442E+20
3.99825,7.176374E+20,-4.399442E+19,6.73643E+20
4.016333,7.176407E+20,-4.399197E+19,6.736488E+20
4.033199,7.176446E+20,-4.39927E+19,6.736519E+20
4.050271,7.176478E+20,-4.399504E+19,6.736527E+20
4.067069,7.176507E+20,-4.399678E+19,6.736539E+20
4.083764,7.176538E+20,-4.39987E+19,6.736551E+20
4.099758,7.176568E+20,-4.400031E+19,6.736565E+20
4.11611,7.176589E+20,-4.400195E+19,6.736569E+20
4.132249,7.176614E+20,-4.400224E+19,6.736591E+20
4.149251,7.176641E+20,-4.400501E+19,6.736591E+20
4.165537,7.176667E+20,-4.400789E+19,6.736588E+20
4.181625,7.176707E+20,-4.40107E+19,6.7366E+20
4.197846,7.176753E+20,-4.401497E+19,6.736603E+20
4.214115,7.176794E+20,-4.40155E+19,6.736639E+20
4.23029,7.176812E+20,-4.401547E+19,6.736657E+20
4.246175,7.176836E+20,-4.401707E+19,6.736665E+20
4.26311,7.176859E+20,-4.401645E+19,6.736695E+20
4.280661,7.176895E+20,-4.401914E+19,6.736703E+20
4.298144,7.176929E+20,-4.402126E+19,6.736717E+20
4.315459,7.176955E+20,-4.402198E+19,6.736736E+20
4.331975,7.17698E+20,-4.402478E+19,6.736732E+20
4.348641,7.177007E+20,-4.403021E+19,6.736705E+20
4.365033,7.177031E+20,-4.403298E+19,6.736702E+20
4.381557,7.177093E+20,-4.403781E+19,6.736715E+20
4.39806,7.177133E+20,-4.40419E+19,6.736714E+20
4.414479,7.177163E+20,-4.404712E+19,6.736692E+20
4.431385,7.177199E+20,-4.405411E+19,6.736657E+20
4.448424,7.177237E+20,-4.406091E+19,6.736628E+20
4.464894,7.177274E+20,-4.406585E+19,6.736616E+20
4.493138,7.177353E+20,-4.407477E+19,6.736605E+20
4.519168,7.177404E+20,-4.408348E+19,6.736569E+20
4.545664,7.177447E+20,-4.408946E+19,6.736552E+20
4.56254,7.177492E+20,-4.409796E+19,6.736512E+20
4.579406,7.177529E+20,-4.410018E+19,6.736527E+20
4.596959,7.177565E+20,-4.410497E+19,6.736516E+20
4.613561,7.17759E+20,-4.411087E+19,6.736482E+20
4.634716,7.177637E+20,-4.411914E+19,6.736446E+20
4.651209,7.177664E+20,-4.412546E+19,6.73641E+20
4.667982,7.177694E+20,-4.413457E+19,6.736349E+20
4.684646,7.177743E+20,-4.413903E+19,6.736353E+20
4.701871,7.177799E+20,-4.414567E+19,6.736342E+20
4.72931,7.177869E+20,-4.41614E+19,6.736256E+20
4.748711,7.177929E+20,-4.416674E+19,6.736262E+20
4.76536,7.177983E+20,-4.417374E+19,6.736246E+20
4.78191,7.178014E+20,-4.418296E+19,6.736184E+20
4.798489,7.17805E+20,-4.41932E+19,6.736118E+20
4.815114,7.17809E+20,-4.420521E+19,6.736037E+20
4.831604,7.178166E+20,-4.421188E+19,6.736047E+20
4.847963,7.178264E+20,-4.422061E+19,6.736058E+20
4.864203,7.178304E+20,-4.423008E+19,6.736004E+20
4.880314,7.17835E+20,-4.423893E+19,6.735961E+20
4.89654,7.178385E+20,-4.424916E+19,6.735893E+20
4.912516,7.17842E+20,-4.425981E+19,6.735821E+20
4.929613,7.178463E+20,-4.426958E+19,6.735767E+20
4.94628,7.178509E+20,-4.427948E+19,6.735714E+20
4.962512,7.178554E+20,-4.429073E+19,6.735647E+20
4.981783,7.178608E+20,-4.430693E+19,6.735539E+20
4.999919,7.178715E+20,-4.431588E+19,6.735557E+20
5.017235,7.178838E+20,-4.432543E+19,6.735584E+20
5.034577,7.178869E+20,-4.433431E+19,6.735526E+20
5.051611,7.17891E+20,-4.434379E+19,6.735472E+20
5.068057,7.178951E+20,-4.435467E+19,6.735404E+20
5.085557,7.178992E+20,-4.436702E+19,6.735322E+20
5.101681,7.179043E+20,-4.43776E+19,6.735267E+20
5.118055,7.179079E+20,-4.438726E+19,6.735206E+20
5.135381,7.179119E+20,-4.439846E+19,6.735135E+20
5.151685,7.179152E+20,-4.440674E+19,6.735085E+20
5.168485,7.179187E+20,-4.441721E+19,6.735014E+20
5.184992,7.179229E+20,-4.442991E+19,6.73493E+20
5.201967,7.179275E+20,-4.444338E+19,6.734841E+20
5.219347,7.179322E+20,-4.445787E+19,6.734743E+20
5.236348,7.179374E+20,-4.447508E+19,6.734623E+20
5.252715,7.17942E+20,-4.448388E+19,6.734581E+20
5.269543,7.179492E+20,-4.449665E+19,6.734526E+20
5.295536,7.179577E+20,-4.451647E+19,6.734413E+20
5.31245,7.179615E+20,-4.452864E+19,6.734328E+20
5.329825,7.179665E+20,-4.454224E+19,6.734242E+20
5.346566,7.179716E+20,-4.455567E+19,6.734159E+20
5.363545,7.179762E+20,-4.456735E+19,6.734089E+20
5.38009,7.179805E+20,-4.458115E+19,6.733994E+20
5.397224,7.179859E+20,-4.45932E+19,6.733927E+20
5.413639,7.179893E+20,-4.46061E+19,6.733832E+20
5.429869,7.179942E+20,-4.461978E+19,6.733744E+20
5.445938,7.179983E+20,-4.46349E+19,6.733634E+20
5.462161,7.180028E+20,-4.465242E+19,6.733504E+20
5.480509,7.180051E+20,-4.466887E+19,6.733362E+20
5.498536,7.180102E+20,-4.46864E+19,6.733238E+20
5.529119,7.180191E+20,-4.470813E+19,6.733109E+20
5.555687,7.180272E+20,-4.473187E+19,6.732953E+20
5.581743,7.180376E+20,-4.474748E+19,6.732901E+20
5.597716,7.18047E+20,-4.476136E+19,6.732856E+20
5.613643,7.180516E+20,-4.477604E+19,6.732755E+20
5.62923,7.180565E+20,-4.47905E+19,6.73266E+20
5.64538,7.180629E+20,-4.480628E+19,6.732566E+20
5.662098,7.180674E+20,-4.481935E+19,6.732481E+20
5.679533,7.180734E+20,-4.483602E+19,6.732374E+20
5.69567,7.180779E+20,-4.485262E+19,6.732253E+20
5.71236,7.180832E+20,-4.486896E+19,6.732143E+20
5.729215,7.180875E+20,-4.488536E+19,6.732022E+20
5.746761,7.180926E+20,-4.490287E+19,6.731898E+20
5.763905,7.180976E+20,-4.492128E+19,6.731763E+20
5.780998,7.181037E+20,-4.493977E+19,6.731639E+20
5.797033,7.181073E+20,-4.495637E+19,6.731509E+20
5.813864,7.181123E+20,-4.497562E+19,6.731366E+20
5.830524,7.181168E+20,-4.499764E+19,6.731191E+20
5.846175,7.181227E+20,-4.501511E+19,6.731076E+20
5.862659,7.181281E+20,-4.502987E+19,6.730982E+20
5.879807,7.181313E+20,-4.504947E+19,6.730819E+20
5.895376,7.18137E+20,-4.506534E+19,6.730716E+20
5.911915,7.181438E+20,-4.508289E+19,6.730609E+20
5.92885,7.181494E+20,-4.510173E+19,6.730477E+20
5.945324,7.181549E+20,-4.512186E+19,6.730331E+20
5.962388,7.181611E+20,-4.514259E+19,6.730185E+20
5.980345,7.181671E+20,-4.516233E+19,6.730048E+20
5.99754,7.181717E+20,-4.518391E+19,6.729877E+20
6.015591,7.18179E+20,-4.520325E+19,6.729757E+20
6.032414,7.181858E+20,-4.52233E+19,6.729625E+20
6.049811,7.181926E+20,-4.524522E+19,6.729474E+20
6.066634,7.181986E+20,-4.526591E+19,6.729327E+20
6.083534,7.182044E+20,-4.528931E+19,6.729151E+20
6.099052,7.18212E+20,-4.530623E+19,6.729058E+20
6.114802,7.182188E+20,-4.532538E+19,6.728934E+20
6.131422,7.182239E+20,-4.534678E+19,6.728772E+20
6.147668,7.182301E+20,-4.536726E+19,6.728628E+20
6.164011,7.182348E+20,-4.538789E+19,6.728469E+20
6.180439,7.182409E+20,-4.540987E+19,6.72831E+20
6.19693,7.182475E+20,-4.543165E+19,6.728158E+20
6.213445,7.182538E+20,-4.545214E+19,6.728017E+20
6.229933,7.182604E+20,-4.54742E+19,6.727862E+20
6.246361,7.182672E+20,-4.5495E+19,6.727722E+20
6.262732,7.182731E+20,-4.551636E+19,6.727568E+20
6.279597,7.182776E+20,-4.553849E+19,6.727391E+20
6.297425,7.182836E+20,-4.555813E+19,6.727255E+20
6.322601,7.18292E+20,-4.559102E+19,6.72701E+20
6.349051,7.183011E+20,-4.562965E+19,6.726715E+20
6.370626,7.183106E+20,-4.565721E+19,6.726533E+20
6.395472,7.183191E+20,-4.568664E+19,6.726325E+20
6.412118,7.183247E+20,-4.570894E+19,6.726158E+20
6.429823,7.18331E+20,-4.57316E+19,6.725994E+20
6.446292,7.183365E+20,-4.575262E+19,6.725838E+20
6.462704,7.183411E+20,-4.577438E+19,6.725667E+20
6.480554,7.183472E+20,-4.579972E+19,6.725474E+20
6.49873,7.18354E+20,-4.582616E+19,6.725278E+20
6.5165,7.183605E+20,-4.585207E+19,6.725085E+20
6.534138,7.183679E+20,-4.588063E+19,6.724873E+20
6.557109,7.183825E+20,-4.59112E+19,6.724713E+20
6.579157,7.183992E+20,-4.59427E+19,6.724565E+20
6.597322,7.184052E+20,-4.597155E+19,6.724337E+20
6.614194,7.184119E+20,-4.599759E+19,6.724143E+20
6.630876,7.184207E+20,-4.602516E+19,6.723955E+20
6.647539,7.184319E+20,-4.604856E+19,6.723834E+20
6.66411,7.184452E+20,-4.607226E+19,6.723729E+20
6.680742,7.184513E+20,-4.609776E+19,6.723535E+20
6.69804,7.184585E+20,-4.612413E+19,6.723344E+20
6.715129,7.184654E+20,-4.615111E+19,6.723143E+20
6.731343,7.184716E+20,-4.617628E+19,6.722954E+20
6.747312,7.184795E+20,-4.62035E+19,6.72276E+20
6.763244,7.184873E+20,-4.623245E+19,6.722548E+20
6.778876,7.184956E+20,-4.625511E+19,6.722404E+20
6.795374,7.185046E+20,-4.628118E+19,6.722235E+20
6.812247,7.18511E+20,-4.6307E+19,6.72204E+20
6.829408,7.18518E+20,-4.633373E+19,6.721843E+20
6.846646,7.185253E+20,-4.636145E+19,6.721638E+20
6.863972,7.185337E+20,-4.63903E+19,6.721434E+20
6.880671,7.185412E+20,-4.641822E+19,6.72123E+20
6.896833,7.185482E+20,-4.644703E+19,6.721012E+20
6.913474,7.185549E+20,-4.647805E+19,6.720768E+20
6.929861,7.185618E+20,-4.650849E+19,6.720534E+20
6.946692,7.18569E+20,-4.653688E+19,6.720321E+20
6.964183,7.185775E+20,-4.656839E+19,6.720091E+20
6.982934,7.18586E+20,-4.659988E+19,6.719861E+20
7.001639,7.185953E+20,-4.663564E+19,6.719597E+20
7.018858,7.186034E+20,-4.666295E+19,6.719405E+20
7.035706,7.186138E+20,-4.669305E+19,6.719207E+20
7.052364,7.186216E+20,-4.672129E+19,6.719003E+20
7.068534,7.186299E+20,-4.675045E+19,6.718794E+20
7.085103,7.186377E+20,-4.678151E+19,6.718562E+20
7.101897,7.186462E+20,-4.681206E+19,6.718342E+20
7.118379,7.18655E+20,-4.684236E+19,6.718127E+20
7.134617,7.186633E+20,-4.687441E+19,6.717889E+20
7.151433,7.18671E+20,-4.690875E+19,6.717623E+20
7.167789,7.186801E+20,-4.693916E+19,6.717409E+20
7.184345,7.186901E+20,-4.69717E+19,6.717184E+20
7.200687,7.186987E+20,-4.700147E+19,6.716972E+20
7.217074,7.187071E+20,-4.703216E+19,6.716749E+20
7.233732,7.187141E+20,-4.706374E+19,6.716503E+20
7.250407,7.187238E+20,-4.709583E+19,6.71628E+20
7.267508,7.18734E+20,-4.712751E+19,6.716065E+20
7.284236,7.187436E+20,-4.716185E+19,6.715818E+20
7.301658,7.187533E+20,-4.720089E+19,6.715524E+20
7.319676,7.187746E+20,-4.722768E+19,6.715469E+20
7.345529,7.188659E+20,-4.727385E+19,6.71592E+20
7.363475,7.188761E+20,-4.731247E+19,6.715636E+20
7.380568,7.188857E+20,-4.734374E+19,6.715419E+20
7.397342,7.188941E+20,-4.737695E+19,6.715171E+20
7.414712,7.189026E+20,-4.741186E+19,6.714907E+20
7.437302,7.189145E+20,-4.745512E+19,6.714593E+20
7.461895,7.189274E+20,-4.750401E+19,6.714234E+20
7.482381,7.189382E+20,-4.754402E+19,6.713942E+20
7.500879,7.189476E+20,-4.757988E+19,6.713677E+20
7.521003,7.18958E+20,-4.761975E+19,6.713383E+20
7.545516,7.189705E+20,-4.767231E+19,6.712983E+20
7.563679,7.189812E+20,-4.771336E+19,6.712679E+20
7.581231,7.189905E+20,-4.774893E+19,6.712416E+20
7.598018,7.189997E+20,-4.778342E+19,6.712163E+20
7.617188,7.190102E+20,-4.782333E+19,6.711869E+20
7.634646,7.190188E+20,-4.786063E+19,6.711582E+20
7.652197,7.19029E+20,-4.789995E+19,6.711291E+20
7.670721,7.190398E+20,-4.79393E+19,6.711005E+20
7.695118,7.190533E+20,-4.79921E+19,6.710612E+20
7.712021,7.190619E+20,-4.802954E+19,6.710323E+20
7.728455,7.190725E+20,-4.806517E+19,6.710074E+20
7.745113,7.190826E+20,-4.810026E+19,6.709824E+20
7.762022,7.190914E+20,-4.814786E+19,6.709435E+20
7.781336,7.191476E+20,-4.818578E+19,6.709618E+20
7.797816,7.192759E+20,-4.822525E+19,6.710506E+20
7.814117,7.192852E+20,-4.825855E+19,6.710266E+20
7.83049,7.192948E+20,-4.829856E+19,6.709962E+20
7.84758,7.193064E+20,-4.832935E+19,6.709771E+20
7.864375,7.193292E+20,-4.836218E+19,6.70967E+20
7.880933,7.193397E+20,-4.839817E+19,6.709416E+20
7.897754,7.193488E+20,-4.843602E+19,6.709128E+20
7.915026,7.193599E+20,-4.84745E+19,6.708854E+20
7.931963,7.193678E+20,-4.851435E+19,6.708535E+20
7.949211,7.193787E+20,-4.855719E+19,6.708215E+20
7.96655,7.193895E+20,-4.859165E+19,6.707979E+20
7.985808,7.194055E+20,-4.863424E+19,6.707713E+20
8.011588,7.194203E+20,-4.869571E+19,6.707245E+20
8.031126,7.194334E+20,-4.87419E+19,6.706915E+20
8.050274,7.194451E+20,-4.878747E+19,6.706576E+20
8.067354,7.194564E+20,-4.883017E+19,6.706262E+20
8.083942,7.194692E+20,-4.886803E+19,6.706012E+20
8.100654,7.194792E+20,-4.890859E+19,6.705706E+20
8.11719,7.194906E+20,-4.894857E+19,6.70542E+20
8.134395,7.195016E+20,-4.899184E+19,6.705098E+20
8.151221,7.195122E+20,-4.903311E+19,6.704792E+20
8.172653,7.195289E+20,-4.908781E+19,6.704411E+20
8.194851,7.195433E+20,-4.914018E+19,6.704031E+20
8.212543,7.195559E+20,-4.918351E+19,6.703724E+20
8.229918,7.195668E+20,-4.922483E+19,6.703419E+20
8.247219,7.195798E+20,-4.92678E+19,6.70312E+20
8.264796,7.19592E+20,-4.931328E+19,6.702788E+20
8.282128,7.196032E+20,-4.935856E+19,6.702446E+20
8.298756,7.196151E+20,-4.940261E+19,6.702125E+20
8.316166,7.196287E+20,-4.944483E+19,6.701839E+20
8.333694,7.196429E+20,-4.949158E+19,6.701513E+20
8.349886,7.196546E+20,-4.95346E+19,6.7012E+20
8.36654,7.196674E+20,-4.957714E+19,6.700902E+20
8.38441,7.1968E+20,-4.96234E+19,6.700566E+20
8.40118,7.196922E+20,-4.967128E+19,6.70021E+20
8.41793,7.197048E+20,-4.971313E+19,6.699917E+20
8.435596,7.197162E+20,-4.976061E+19,6.699556E+20
8.451574,7.197253E+20,-4.979896E+19,6.699263E+20
8.473932,7.197422E+20,-4.985836E+19,6.698838E+20
8.494784,7.197576E+20,-4.991588E+19,6.698417E+20
8.51318,7.197716E+20,-4.996579E+19,6.698058E+20
8.533003,7.197869E+20,-5.001821E+19,6.697687E+20
8.550842,7.198003E+20,-5.006974E+19,6.697306E+20
8.568045,7.19815E+20,-5.011618E+19,6.696988E+20
8.584997,7.198274E+20,-5.016453E+19,6.696629E+20
8.601641,7.198443E+20,-5.021131E+19,6.69633E+20
8.628218,7.19878E+20,-5.028006E+19,6.695979E+20
8.645957,7.198943E+20,-5.032778E+19,6.695665E+20
8.664079,7.199061E+20,-5.037905E+19,6.695271E+20
8.683153,7.199199E+20,-5.043262E+19,6.694872E+20
8.701027,7.199333E+20,-5.048426E+19,6.694491E+20
8.718212,7.199457E+20,-5.053314E+19,6.694126E+20
8.734355,7.199599E+20,-5.058104E+19,6.693789E+20
8.751181,7.199732E+20,-5.063273E+19,6.693405E+20
8.767398,7.199873E+20,-5.068002E+19,6.693073E+20
8.783466,7.199998E+20,-5.07256E+19,6.692742E+20
8.800343,7.200127E+20,-5.077523E+19,6.692375E+20
8.816571,7.20025E+20,-5.082244E+19,6.692025E+20
8.83333,7.200379E+20,-5.08747E+19,6.691632E+20
8.850234,7.200504E+20,-5.093021E+19,6.691202E+20
8.866697,7.200629E+20,-5.098183E+19,6.690811E+20
8.883655,7.200805E+20,-5.10389E+19,6.690417E+20
8.90075,7.200987E+20,-5.108927E+19,6.690094E+20
8.917458,7.201152E+20,-5.113918E+19,6.68976E+20
8.934573,7.201287E+20,-5.118848E+19,6.689402E+20
8.950315,7.201408E+20,-5.123464E+19,6.689061E+20
8.966125,7.201544E+20,-5.128492E+19,6.688694E+20
8.983363,7.201673E+20,-5.133772E+19,6.688296E+20
9.00072,7.201834E+20,-5.139236E+19,6.687911E+20
9.028646,7.202071E+20,-5.148037E+19,6.687268E+20
9.053308,7.2023E+20,-5.15619E+19,6.686681E+20
9.078639,7.202517E+20,-5.164234E+19,6.686093E+20
9.100404,7.202691E+20,-5.17133E+19,6.685558E+20
9.123419,7.202876E+20,-5.17899E+19,6.684977E+20
9.146553,7.20308E+20,-5.186465E+19,6.684433E+20
9.167991,7.203282E+20,-5.193748E+19,6.683907E+20
9.190236,7.203475E+20,-5.201399E+19,6.683336E+20
9.21322,7.203687E+20,-5.209122E+19,6.682775E+20
9.23466,7.203888E+20,-5.21662E+19,6.682227E+20
9.257818,7.204111E+20,-5.224683E+19,6.681643E+20
9.281259,7.204332E+20,-5.233436E+19,6.680988E+20
9.304881,7.204566E+20,-5.241613E+19,6.680405E+20
9.343287,7.204928E+20,-5.255131E+19,6.679415E+20
9.373804,7.205197E+20,-5.265969E+19,6.6786E+20
9.404647,7.205507E+20,-5.276902E+19,6.677816E+20
9.445597,7.2059E+20,-5.292154E+19,6.676685E+20
9.475188,7.206189E+20,-5.303036E+19,6.675885E+20
9.506886,7.206519E+20,-5.315087E+19,6.67501E+20
9.552295,7.207018E+20,-5.33236E+19,6.673782E+20
9.595017,7.207512E+20,-5.348472E+19,6.672665E+20
9.636848,7.207992E+20,-5.364461E+19,6.671546E+20
9.678677,7.208464E+20,-5.380242E+19,6.67044E+20
9.715494,7.208846E+20,-5.395023E+19,6.669343E+20
9.762324,7.209326E+20,-5.414578E+19,6.667868E+20
9.80517,7.209806E+20,-5.432631E+19,6.666543E+20
9.849299,7.210292E+20,-5.450658E+19,6.665226E+20
9.894206,7.210801E+20,-5.470066E+19,6.663794E+20
9.938328,7.211305E+20,-5.489356E+19,6.66237E+20
9.984199,7.211841E+20,-5.509773E+19,6.660864E+20
10.03161,7.212482E+20,-5.530721E+19,6.65941E+20
10.07684,7.213064E+20,-5.551677E+19,6.657897E+20
10.12057,7.213627E+20,-5.572094E+19,6.656418E+20
10.16471,7.214164E+20,-5.593026E+19,6.654861E+20
10.20942,7.214741E+20,-5.614669E+19,6.653274E+20
10.24742,7.21524E+20,-5.633448E+19,6.651895E+20
10.28611,7.215788E+20,-5.652319E+19,6.650556E+20
10.32511,7.216439E+20,-5.672066E+19,6.649232E+20
10.35435,7.216837E+20,-5.686591E+19,6.648178E+20
10.38299,7.21722E+20,-5.701013E+19,6.647119E+20
10.41439,7.217652E+20,-5.717431E+19,6.645908E+20
10.45015,7.21821E+20,-5.736888E+19,6.644521E+20
10.48693,7.219347E+20,-5.75713E+19,6.643634E+20
10.52289,7.221324E+20,-5.776182E+19,6.643706E+20
10.55919,7.222029E+20,-5.796323E+19,6.642396E+20
10.59299,7.222517E+20,-5.815262E+19,6.640991E+20
10.62781,7.223032E+20,-5.8345E+19,6.639582E+20
10.66163,7.223511E+20,-5.853884E+19,6.638122E+20
10.70081,7.224145E+20,-5.876457E+19,6.636499E+20
10.74076,7.224805E+20,-5.899727E+19,6.634832E+20
10.78108,7.225439E+20,-5.924065E+19,6.633033E+20
10.82129,7.2265E+20,-5.947826E+19,6.631717E+20
10.8615,7.228682E+20,-5.972281E+19,6.631454E+20
10.8885,7.229144E+20,-5.989715E+19,6.630172E+20
10.91564,7.229605E+20,-6.006816E+19,6.628924E+20
10.94409,7.230118E+20,-6.024825E+19,6.627635E+20
10.97913,7.230743E+20,-6.047206E+19,6.626022E+20
11.0143,7.231381E+20,-6.069832E+19,6.624397E+20
11.0322,7.231725E+20,-6.081501E+19,6.623576E+20
11.04974,7.23203E+20,-6.093127E+19,6.622718E+20
11.06716,7.232322E+20,-6.104514E+19,6.621871E+20
11.08398,7.232621E+20,-6.115671E+19,6.621054E+20
11.10122,7.232914E+20,-6.127367E+19,6.620177E+20
11.1174,7.233205E+20,-6.13826E+19,6.619379E+20
11.13365,7.23351E+20,-6.149357E+19,6.618574E+20
11.15021,7.233803E+20,-6.160699E+19,6.617734E+20
11.16712,7.234091E+20,-6.172883E+19,6.616803E+20
11.18313,7.23443E+20,-6.183556E+19,6.616074E+20
11.19962,7.234741E+20,-6.194561E+19,6.615285E+20
11.21643,7.235017E+20,-6.206081E+19,6.614409E+20
11.23285,7.235314E+20,-6.217704E+19,6.613544E+20
11.25016,7.235636E+20,-6.229668E+19,6.612669E+20
11.26808,7.235966E+20,-6.242402E+19,6.611725E+20
11.28475,7.236282E+20,-6.254665E+19,6.610816E+20
11.31098,7.236765E+20,-6.273932E+19,6.609372E+20
11.32746,7.237096E+20,-6.285264E+19,6.608569E+20
11.34429,7.237444E+20,-6.297244E+19,6.60772E+20
11.36657,7.237866E+20,-6.313563E+19,6.60651E+20
11.38266,7.238164E+20,-6.325692E+19,6.605594E+20
11.40558,7.238605E+20,-6.342895E+19,6.604316E+20
11.4322,7.239138E+20,-6.363391E+19,6.602799E+20
11.45538,7.23957E+20,-6.381141E+19,6.601456E+20
11.48013,7.240125E+20,-6.400083E+19,6.600117E+20
11.50315,7.240656E+20,-6.418387E+19,6.598817E+20
11.52806,7.241261E+20,-6.437996E+19,6.597462E+20
11.54627,7.241785E+20,-6.452148E+19,6.59657E+20
11.56335,7.242159E+20,-6.46547E+19,6.595612E+20
11.58003,7.242532E+20,-6.478834E+19,6.594648E+20
11.5971,7.242899E+20,-6.492527E+19,6.593646E+20
11.61328,7.24327E+20,-6.505915E+19,6.592679E+20
11.63035,7.243614E+20,-6.519621E+19,6.591652E+20
11.64662,7.243963E+20,-6.532532E+19,6.590709E+20
11.66325,7.244295E+20,-6.546336E+19,6.589662E+20
11.67973,7.244644E+20,-6.560444E+19,6.5886E+20
11.69601,7.244968E+20,-6.573791E+19,6.587589E+20
11.71243,7.245302E+20,-6.587795E+19,6.586522E+20
11.72926,7.245682E+20,-6.601736E+19,6.585509E+20
11.74624,7.246052E+20,-6.615952E+19,6.584457E+20
11.76348,7.246429E+20,-6.630523E+19,6.583377E+20
11.7811,7.246834E+20,-6.645621E+19,6.582272E+20
11.79723,7.24719E+20,-6.658927E+19,6.581298E+20
11.81352,7.247556E+20,-6.672825E+19,6.580274E+20
11.83038,7.247936E+20,-6.687405E+19,6.579196E+20
11.84675,7.248325E+20,-6.701526E+19,6.578172E+20
11.86337,7.248712E+20,-6.716292E+19,6.577083E+20
11.88034,7.249106E+20,-6.731513E+19,6.575954E+20
11.89692,7.24948E+20,-6.746589E+19,6.574821E+20
11.91362,7.249889E+20,-6.761659E+19,6.573723E+20
11.93048,7.250301E+20,-6.77682E+19,6.572619E+20
11.94684,7.250711E+20,-6.792278E+19,6.571483E+20
11.96331,7.251106E+20,-6.807212E+19,6.570385E+20
11.9881,7.251738E+20,-6.830471E+19,6.568691E+20
12.0139,7.252691E+20,-6.854514E+19,6.56724E+20
12.03178,7.253581E+20,-6.871132E+19,6.566468E+20
12.04965,7.254017E+20,-6.887562E+19,6.56526E+20
12.06752,7.254481E+20,-6.904786E+19,6.564003E+20
12.08451,7.254894E+20,-6.921363E+19,6.562757E+20
12.10107,7.255335E+20,-6.93731E+19,6.561604E+20
12.11712,7.255729E+20,-6.952792E+19,6.56045E+20
12.13285,7.256142E+20,-6.968337E+19,6.559308E+20
12.14961,7.256572E+20,-6.985677E+19,6.558005E+20
12.16645,7.257005E+20,-7.002366E+19,6.556769E+20
12.18302,7.257453E+20,-7.018906E+19,6.555562E+20
12.20025,7.25791E+20,-7.035866E+19,6.554324E+20
12.2177,7.258381E+20,-7.053203E+19,6.553061E+20
12.23415,7.258843E+20,-7.069131E+19,6.55193E+20
12.25085,7.259277E+20,-7.085349E+19,6.550742E+20
12.26833,7.259727E+20,-7.103047E+19,6.549422E+20
12.29463,7.260452E+20,-7.129319E+19,6.54752E+20
12.31398,7.26098E+20,-7.148813E+19,6.546099E+20
12.33166,7.261453E+20,-7.166727E+19,6.544781E+20
12.34776,7.261882E+20,-7.183568E+19,6.543525E+20
12.36411,7.262321E+20,-7.200042E+19,6.542317E+20
12.38092,7.262806E+20,-7.217599E+19,6.541046E+20
12.39676,7.263268E+20,-7.23445E+19,6.539823E+20
12.41409,7.263748E+20,-7.253348E+19,6.538413E+20
12.43552,7.264315E+20,-7.276103E+19,6.536705E+20
12.46084,7.265127E+20,-7.303461E+19,6.534781E+20
12.47783,7.265643E+20,-7.322358E+19,6.533407E+20
12.49428,7.266127E+20,-7.340805E+19,6.532047E+20
12.51173,7.26665E+20,-7.360639E+19,6.530586E+20
12.53032,7.267222E+20,-7.382275E+19,6.528995E+20
12.54837,7.267819E+20,-7.402582E+19,6.527561E+20
12.56671,7.268453E+20,-7.423296E+19,6.526123E+20
12.5842,7.268994E+20,-7.442403E+19,6.524754E+20
12.60308,7.269548E+20,-7.463923E+19,6.523156E+20
12.62691,7.270297E+20,-7.49251E+19,6.521045E+20
12.64388,7.270943E+20,-7.511802E+19,6.519763E+20
12.66105,7.271697E+20,-7.532239E+19,6.518474E+20
12.67843,7.272266E+20,-7.552946E+19,6.516971E+20
12.69491,7.272822E+20,-7.573218E+19,6.5155E+20
12.71113,7.273384E+20,-7.593807E+19,6.514003E+20
12.72772,7.273945E+20,-7.614948E+19,6.512451E+20
12.74473,7.274532E+20,-7.635983E+19,6.510934E+20
12.76094,7.275096E+20,-7.656039E+19,6.509492E+20
12.77746,7.27566E+20,-7.677079E+19,6.507952E+20
12.79372,7.276296E+20,-7.696772E+19,6.506618E+20
12.81102,7.277004E+20,-7.718559E+19,6.505148E+20
12.82785,7.277552E+20,-7.74004E+19,6.503548E+20
12.84445,7.278132E+20,-7.761943E+19,6.501938E+20
12.86205,7.278756E+20,-7.785618E+19,6.500194E+20
12.87848,7.279348E+20,-7.80803E+19,6.498544E+20
12.89628,7.280014E+20,-7.832281E+19,6.496786E+20
12.91367,7.280656E+20,-7.855265E+19,6.49513E+20
12.93009,7.28124E+20,-7.877879E+19,6.493452E+20
12.94673,7.281858E+20,-7.901369E+19,6.491721E+20
12.96314,7.282473E+20,-7.924223E+19,6.490051E+20
12.9823,7.283205E+20,-7.951242E+19,6.488081E+20
13.00152,7.283902E+20,-7.978332E+19,6.486069E+20
13.02777,7.284917E+20,-8.015542E+19,6.483363E+20
13.04646,7.285609E+20,-8.042687E+19,6.48134E+20
13.06338,7.286261E+20,-8.06713E+19,6.479548E+20
13.07995,7.286883E+20,-8.091111E+19,6.477772E+20
13.09674,7.287525E+20,-8.116027E+19,6.475922E+20
13.11328,7.288153E+20,-8.142145E+19,6.473939E+20
13.13408,7.28946E+20,-8.17315E+19,6.472146E+20
13.16044,7.292299E+20,-8.214772E+19,6.470822E+20
13.17819,7.293001E+20,-8.242684E+19,6.468733E+20
13.19474,7.293673E+20,-8.26929E+19,6.466744E+20
13.21143,7.294462E+20,-8.295952E+19,6.464867E+20
13.22771,7.295564E+20,-8.322542E+19,6.46331E+20
13.24456,7.296492E+20,-8.348259E+19,6.461666E+20
13.26143,7.297523E+20,-8.375863E+19,6.459937E+20
13.27845,7.298219E+20,-8.404816E+19,6.457738E+20
13.29548,7.298948E+20,-8.433954E+19,6.455553E+20
13.31353,7.299794E+20,-8.46402E+19,6.453392E+20
13.33549,7.300764E+20,-8.500987E+19,6.450665E+20
13.36075,7.301867E+20,-8.545255E+19,6.447341E+20
13.38324,7.302866E+20,-8.58542E+19,6.444324E+20
13.40114,7.303724E+20,-8.617218E+19,6.442002E+20
13.42735,7.305019E+20,-8.665604E+19,6.438459E+20
13.44542,7.305882E+20,-8.699547E+19,6.435927E+20
13.46306,7.306732E+20,-8.73182E+19,6.43355E+20
13.48444,7.307768E+20,-8.772553E+19,6.430513E+20
13.51036,7.308975E+20,-8.821303E+19,6.426845E+20
13.52908,7.309892E+20,-8.857527E+19,6.42414E+20
13.54705,7.310815E+20,-8.893114E+19,6.421504E+20
13.56316,7.311636E+20,-8.925798E+19,6.419057E+20
13.58072,7.312635E+20,-8.961967E+19,6.416438E+20
13.59641,7.313542E+20,-8.992585E+19,6.414283E+20
13.61255,7.314514E+20,-9.026588E+19,6.411855E+20
13.62855,7.315321E+20,-9.059204E+19,6.409401E+20
13.64431,7.3161E+20,-9.092505E+19,6.406849E+20
13.66037,7.31691E+20,-9.127519E+19,6.404158E+20
13.67756,7.317818E+20,-9.163969E+19,6.401421E+20
13.69661,7.318882E+20,-9.205545E+19,6.398327E+20
13.71656,7.319945E+20,-9.250153E+19,6.39493E+20
13.73564,7.321038E+20,-9.292943E+19,6.391744E+20
13.76034,7.322385E+20,-9.349327E+19,6.387453E+20
13.77832,7.323382E+20,-9.390937E+19,6.384289E+20
13.79429,7.324293E+20,-9.428675E+19,6.381426E+20
13.81042,7.325235E+20,-9.466843E+19,6.378551E+20
13.82775,7.326307E+20,-9.507387E+19,6.375568E+20
13.84571,7.327465E+20,-9.551319E+19,6.372333E+20
13.86281,7.328471E+20,-9.59339E+19,6.369131E+20
13.87935,7.329425E+20,-9.634427E+19,6.365983E+20
13.89626,7.330435E+20,-9.676895E+19,6.362746E+20
13.91298,7.33146E+20,-9.719537E+19,6.359507E+20
13.9296,7.332475E+20,-9.762628E+19,6.356212E+20
13.94627,7.333524E+20,-9.806722E+19,6.352852E+20
13.96461,7.334743E+20,-9.857109E+19,6.349033E+20
13.98268,7.335965E+20,-9.906309E+19,6.345334E+20
14.00102,7.337179E+20,-9.958335E+19,6.341346E+20
14.02697,7.338925E+20,-1.003138E+20,6.335787E+20
14.04595,7.340271E+20,-1.008591E+20,6.33168E+20
14.06326,7.341557E+20,-1.013718E+20,6.32784E+20
14.07989,7.342757E+20,-1.01874E+20,6.324017E+20
14.09682,7.343971E+20,-1.023857E+20,6.320114E+20
14.11361,7.345199E+20,-1.029089E+20,6.31611E+20
14.13031,7.346419E+20,-1.034256E+20,6.312163E+20
14.14727,7.347743E+20,-1.039568E+20,6.308176E+20
14.16519,7.34929E+20,-1.045326E+20,6.303964E+20
14.18243,7.350602E+20,-1.050995E+20,6.299606E+20
14.19954,7.351969E+20,-1.056592E+20,6.295377E+20
14.21639,7.353341E+20,-1.062132E+20,6.291209E+20
14.23286,7.35469E+20,-1.067835E+20,6.286855E+20
14.24967,7.356066E+20,-1.073699E+20,6.282367E+20
14.26805,7.357579E+20,-1.080103E+20,6.277475E+20
14.29454,7.359806E+20,-1.089927E+20,6.26988E+20
14.31494,7.36154E+20,-1.097428E+20,6.264112E+20
14.3321,7.363075E+20,-1.103826E+20,6.259249E+20
14.3485,7.364577E+20,-1.110064E+20,6.254513E+20
14.36552,7.366139E+20,-1.116616E+20,6.249523E+20
14.3825,7.367726E+20,-1.123285E+20,6.244441E+20
14.3995,7.36936E+20,-1.130133E+20,6.239227E+20
14.41645,7.370995E+20,-1.137016E+20,6.233979E+20
14.44351,7.373659E+20,-1.148229E+20,6.225431E+20
14.46579,7.375934E+20,-1.15773E+20,6.218204E+20
14.48405,7.377788E+20,-1.165688E+20,6.212101E+20
14.50984,7.380445E+20,-1.176928E+20,6.203517E+20
14.52816,7.382392E+20,-1.185248E+20,6.197144E+20
14.54593,7.384312E+20,-1.193342E+20,6.19097E+20
14.56263,7.38615E+20,-1.201049E+20,6.1851E+20
14.57976,7.388081E+20,-1.209131E+20,6.17895E+20
14.59613,7.389943E+20,-1.217014E+20,6.172928E+20
14.61344,7.391945E+20,-1.225574E+20,6.166371E+20
14.63049,7.393879E+20,-1.234126E+20,6.159753E+20
14.64717,7.395895E+20,-1.242635E+20,6.15326E+20
14.66322,7.397897E+20,-1.250729E+20,6.147168E+20
14.68021,7.400173E+20,-1.259591E+20,6.140582E+20
14.69623,7.402246E+20,-1.267989E+20,6.134257E+20
14.7128,7.404731E+20,-1.276772E+20,6.127959E+20
14.72898,7.406885E+20,-1.285501E+20,6.121384E+20
14.74548,7.409157E+20,-1.294542E+20,6.114615E+20
14.7623,7.411395E+20,-1.304047E+20,6.107348E+20
14.77924,7.413597E+20,-1.313474E+20,6.100123E+20
14.79755,7.416065E+20,-1.324011E+20,6.092054E+20
14.81537,7.4188E+20,-1.334182E+20,6.084618E+20
14.83255,7.422225E+20,-1.344257E+20,6.077968E+20
14.84972,7.425434E+20,-1.354328E+20,6.071106E+20
14.86675,7.429859E+20,-1.364582E+20,6.065277E+20
14.88336,7.432354E+20,-1.374661E+20,6.057693E+20
14.90016,7.435102E+20,-1.384953E+20,6.05015E+20
14.91795,7.438192E+20,-1.396178E+20,6.042014E+20
14.94331,7.442051E+20,-1.412172E+20,6.029879E+20
14.9611,7.444834E+20,-1.423591E+20,6.021242E+20
14.97937,7.496631E+20,-1.435057E+20,6.061574E+20
14.99638,7.636289E+20,-1.445692E+20,6.190597E+20
15.01513,7.639182E+20,-1.457639E+20,6.181543E+20
15.03277,7.641918E+20,-1.469039E+20,6.172879E+20
15.05013,7.644652E+20,-1.480512E+20,6.164139E+20
15.06687,7.647329E+20,-1.491447E+20,6.155882E+20
15.0837,7.649967E+20,-1.502374E+20,6.147594E+20
15.10029,7.652424E+20,-1.513032E+20,6.139391E+20
15.11721,7.65491E+20,-1.52388E+20,6.13103E+20
15.13328,7.657254E+20,-1.534337E+20,6.122917E+20
15.15122,7.659969E+20,-1.545649E+20,6.11432E+20
15.17659,7.663916E+20,-1.561696E+20,6.10222E+20
15.19349,7.666364E+20,-1.572274E+20,6.094089E+20
15.21005,7.668577E+20,-1.582252E+20,6.086326E+20
15.22801,7.671042E+20,-1.593075E+20,6.077967E+20
15.24531,7.673479E+20,-1.603327E+20,6.070152E+20
15.26192,7.675863E+20,-1.61317E+20,6.062694E+20
15.28029,7.678347E+20,-1.623159E+20,6.055189E+20
15.31774,7.685167E+20,-1.642939E+20,6.042228E+20
15.34803,7.689113E+20,-1.657547E+20,6.031566E+20
15.3678,7.691457E+20,-1.66629E+20,6.025167E+20
15.39318,7.694495E+20,-1.676968E+20,6.017528E+20
15.41092,7.696108E+20,-1.684052E+20,6.012056E+20
15.42814,7.697526E+20,-1.690499E+20,6.007027E+20
15.4455,7.698872E+20,-1.696023E+20,6.002849E+20
15.46324,7.700233E+20,-1.70139E+20,5.998843E+20
15.48108,7.701578E+20,-1.706377E+20,5.995201E+20
15.49886,7.702603E+20,-1.710276E+20,5.992326E+20
15.51547,7.70348E+20,-1.713604E+20,5.989876E+20
15.53353,7.704194E+20,-1.716596E+20,5.987598E+20
15.55112,7.704715E+20,-1.7192E+20,5.985516E+20
15.57684,7.705322E+20,-1.721458E+20,5.983864E+20
15.59429,7.705677E+20,-1.722333E+20,5.983344E+20
15.61176,7.705731E+20,-1.722788E+20,5.982943E+20
15.62868,7.705537E+20,-1.722525E+20,5.983011E+20
15.64516,7.707187E+20,-1.721772E+20,5.985415E+20
15.66241,7.712831E+20,-1.720174E+20,5.992657E+20
15.67919,7.712587E+20,-1.718124E+20,5.994464E+20
15.6958,7.712228E+20,-1.715957E+20,5.996271E+20
15.72058,7.711912E+20,-1.711332E+20,6.000579E+20
15.74362,7.711057E+20,-1.706464E+20,6.004593E+20
15.76288,7.710085E+20,-1.701738E+20,6.008347E+20
15.78098,7.709259E+20,-1.696822E+20,6.012436E+20
15.7981,7.708403E+20,-1.69176E+20,6.016642E+20
15.81861,7.70773E+20,-1.684901E+20,6.022828E+20
15.8431,7.707406E+20,-1.676299E+20,6.031107E+20
15.86193,7.70599E+20,-1.669107E+20,6.036883E+20
15.87879,7.704685E+20,-1.662367E+20,6.042318E+20
15.89759,7.703398E+20,-1.654249E+20,6.049149E+20
15.91499,7.702116E+20,-1.64664E+20,6.055476E+20
15.93385,7.700321E+20,-1.637926E+20,6.062395E+20
15.9601,7.697931E+20,-1.625479E+20,6.072452E+20
15.9803,7.696057E+20,-1.615539E+20,6.080518E+20
15.99952,7.694148E+20,-1.60587E+20,6.088278E+20
16.01636,7.692466E+20,-1.59685E+20,6.095616E+20
16.03278,7.690935E+20,-1.587914E+20,6.103021E+20
16.04929,7.689616E+20,-1.578967E+20,6.110649E+20
16.06641,7.68786E+20,-1.569807E+20,6.118053E+20
16.08277,7.68611E+20,-1.560911E+20,6.125199E+20
16.09928,7.684378E+20,-1.551792E+20,6.132587E+20
16.11612,7.682611E+20,-1.542615E+20,6.139996E+20
16.13284,7.68084E+20,-1.533283E+20,6.147557E+20
16.14936,7.679258E+20,-1.52397E+20,6.155288E+20
16.16555,7.67761E+20,-1.514793E+20,6.162817E+20
16.18174,7.675685E+20,-1.505637E+20,6.170048E+20
16.19815,7.673805E+20,-1.496229E+20,6.177576E+20
16.21473,7.671957E+20,-1.48671E+20,6.185247E+20
16.23154,7.669993E+20,-1.476936E+20,6.193056E+20
16.24795,7.667989E+20,-1.467521E+20,6.200469E+20
16.26513,7.665942E+20,-1.45766E+20,6.208282E+20
16.28233,7.663912E+20,-1.448072E+20,6.21584E+20
16.29938,7.662467E+20,-1.438178E+20,6.224289E+20
16.31637,7.661812E+20,-1.428596E+20,6.233216E+20
16.3328,7.659906E+20,-1.419306E+20,6.2406E+20
16.34923,7.658065E+20,-1.41001E+20,6.248055E+20
16.36641,7.656148E+20,-1.400381E+20,6.255767E+20
16.38398,7.654174E+20,-1.390432E+20,6.263741E+20
16.40977,7.651318E+20,-1.375945E+20,6.275373E+20
16.42731,7.649348E+20,-1.366266E+20,6.283082E+20
16.44435,7.64722E+20,-1.356781E+20,6.290439E+20
16.46163,7.645249E+20,-1.347307E+20,6.297942E+20
16.47985,7.643252E+20,-1.33738E+20,6.305872E+20
16.49854,7.641184E+20,-1.327312E+20,6.313871E+20
16.51666,7.639233E+20,-1.317635E+20,6.321598E+20
16.5337,7.63736E+20,-1.308488E+20,6.328873E+20
16.55045,7.635502E+20,-1.299582E+20,6.33592E+20
16.57665,7.632702E+20,-1.286125E+20,6.346577E+20
16.59421,7.630913E+20,-1.277124E+20,6.353789E+20
16.61113,7.629167E+20,-1.268508E+20,6.360659E+20
16.62752,7.627431E+20,-1.260234E+20,6.367196E+20
16.64457,7.62564E+20,-1.251635E+20,6.374004E+20
16.66186,7.623875E+20,-1.24307E+20,6.380806E+20
16.67814,7.622237E+20,-1.235098E+20,6.387139E+20
16.69454,7.620592E+20,-1.22715E+20,6.393442E+20
16.71183,7.618895E+20,-1.219048E+20,6.399847E+20
16.72896,7.617193E+20,-1.211012E+20,6.40618E+20
16.74645,7.6155E+20,-1.202874E+20,6.412626E+20
16.76302,7.613916E+20,-1.195264E+20,6.418653E+20
16.77915,7.612384E+20,-1.187895E+20,6.424488E+20
16.79548,7.610861E+20,-1.180601E+20,6.43026E+20
16.81221,7.609313E+20,-1.173219E+20,6.436094E+20
16.82906,7.607851E+20,-1.165865E+20,6.441987E+20
16.84561,7.606362E+20,-1.158714E+20,6.447647E+20
16.86256,7.604802E+20,-1.151449E+20,6.453354E+20
16.87916,7.60332E+20,-1.144551E+20,6.45877E+20
16.89565,7.601861E+20,-1.137578E+20,6.464283E+20
16.9123,7.600544E+20,-1.130631E+20,6.469913E+20
16.92947,7.599121E+20,-1.123656E+20,6.475465E+20
16.94628,7.597646E+20,-1.116943E+20,6.480703E+20
16.96539,7.596083E+20,-1.109353E+20,6.486729E+20
16.9843,7.594557E+20,-1.101867E+20,6.49269E+20
17.00957,7.592449E+20,-1.092065E+20,6.500384E+20
17.02806,7.590976E+20,-1.085023E+20,6.505954E+20
17.04593,7.589565E+20,-1.078275E+20,6.51129E+20
17.06224,7.588248E+20,-1.072275E+20,6.515973E+20
17.07903,7.586927E+20,-1.066181E+20,6.520746E+20
17.09549,7.585598E+20,-1.060162E+20,6.525436E+20
17.11198,7.58432E+20,-1.054296E+20,6.530024E+20
17.12891,7.583025E+20,-1.048299E+20,6.534726E+20
17.14547,7.581758E+20,-1.042478E+20,6.53928E+20
17.16771,7.58006E+20,-1.034771E+20,6.545289E+20
17.19303,7.57814E+20,-1.026135E+20,6.552006E+20
17.21079,7.576839E+20,-1.020171E+20,6.556668E+20
17.22745,7.575671E+20,-1.014642E+20,6.561029E+20
17.24334,7.574511E+20,-1.009393E+20,6.565118E+20
17.26018,7.573324E+20,-1.003909E+20,6.569414E+20
17.27632,7.572198E+20,-9.987772E+19,6.57342E+20
17.29735,7.570757E+20,-9.921093E+19,6.578648E+20
17.31544,7.569514E+20,-9.864079E+19,6.583106E+20
17.33219,7.568401E+20,-9.812678E+19,6.587133E+20
17.34818,7.56734E+20,-9.764234E+19,6.590917E+20
17.36411,7.566303E+20,-9.716194E+19,6.594684E+20
17.38586,7.564952E+20,-9.650063E+19,6.599946E+20
17.40944,7.563546E+20,-9.580555E+19,6.60549E+20
17.43035,7.562204E+20,-9.520208E+19,6.610183E+20
17.44823,7.561067E+20,-9.46908E+19,6.614159E+20
17.46568,7.559956E+20,-9.41909E+19,6.618047E+20
17.48387,7.558825E+20,-9.368586E+19,6.621967E+20
17.50958,7.557357E+20,-9.297508E+19,6.627606E+20
17.52761,7.556355E+20,-9.248563E+19,6.631499E+20
17.54515,7.5553E+20,-9.201037E+19,6.635196E+20
17.56216,7.554327E+20,-9.155332E+19,6.638794E+20
17.57918,7.553334E+20,-9.110258E+19,6.642308E+20
17.59566,7.552378E+20,-9.067233E+19,6.645655E+20
17.61215,7.551494E+20,-9.024073E+19,6.649086E+20
17.62898,7.550579E+20,-8.98131E+19,6.652448E+20
17.64566,7.549646E+20,-8.940205E+19,6.655625E+20
17.66249,7.548745E+20,-8.898521E+19,6.658893E+20
17.67922,7.547878E+20,-8.857461E+19,6.662132E+20
17.69573,7.547008E+20,-8.817627E+19,6.665245E+20
17.71228,7.54611E+20,-8.77699E+19,6.668411E+20
17.72889,7.545199E+20,-8.736485E+19,6.671551E+20
17.74593,7.544301E+20,-8.696391E+19,6.674663E+20
17.76421,7.543364E+20,-8.653533E+19,6.678011E+20
17.78269,7.542435E+20,-8.611419E+19,6.681293E+20
17.80929,7.541096E+20,-8.550946E+19,6.686002E+20
17.82968,7.540157E+20,-8.505109E+19,6.689646E+20
17.84649,7.539399E+20,-8.467777E+19,6.692622E+20
17.86341,7.538573E+20,-8.430635E+19,6.69551E+20
17.88065,7.537737E+20,-8.392738E+19,6.698463E+20
17.89829,7.536912E+20,-8.354705E+19,6.701441E+20
17.916,7.53608E+20,-8.31659E+19,6.704422E+20
17.93307,7.535286E+20,-8.280785E+19,6.707207E+20
17.94982,7.534501E+20,-8.246283E+19,6.709873E+20
17.97585,7.533301E+20,-8.192622E+19,6.714039E+20
17.99478,7.532453E+20,-8.154679E+19,6.716985E+20
18.01308,7.531657E+20,-8.11735E+19,6.719922E+20
18.03064,7.530872E+20,-8.082581E+19,6.722614E+20
18.04741,7.530128E+20,-8.049791E+19,6.725149E+20
18.06433,7.529382E+20,-8.016957E+19,6.727686E+20
18.08214,7.528581E+20,-7.982773E+19,6.730304E+20
18.10936,7.527414E+20,-7.931693E+19,6.734244E+20
18.12846,7.526622E+20,-7.89594E+19,6.737028E+20
18.14531,7.525928E+20,-7.864622E+19,6.739466E+20
18.16231,7.525245E+20,-7.833762E+19,6.741869E+20
18.1789,7.52459E+20,-7.802608E+19,6.744329E+20
18.19538,7.523996E+20,-7.772102E+19,6.746786E+20
18.21207,7.52331E+20,-7.742391E+19,6.74907E+20
18.22891,7.522649E+20,-7.713004E+19,6.751348E+20
18.2454,7.522009E+20,-7.683934E+19,6.753616E+20
18.26264,7.521319E+20,-7.653473E+19,6.755972E+20
18.27974,7.520643E+20,-7.623583E+19,6.758285E+20
18.29892,7.519906E+20,-7.590697E+19,6.760836E+20
18.31676,7.519238E+20,-7.560399E+19,6.763198E+20
18.34275,7.51826E+20,-7.517168E+19,6.766543E+20
18.36532,7.51747E+20,-7.47999E+19,6.769472E+20
18.38414,7.516768E+20,-7.448753E+19,6.771892E+20
18.40937,7.515848E+20,-7.407674E+19,6.77508E+20
18.42813,7.5152E+20,-7.377891E+19,6.777411E+20
18.44645,7.514547E+20,-7.348735E+19,6.779673E+20
18.46671,7.513842E+20,-7.317282E+19,6.782114E+20
18.49264,7.512934E+20,-7.277096E+19,6.785224E+20
18.51333,7.512265E+20,-7.245419E+19,6.787723E+20
18.53124,7.511662E+20,-7.218483E+19,6.789814E+20
18.54927,7.511044E+20,-7.191715E+19,6.791873E+20
18.5668,7.510476E+20,-7.166042E+19,6.793871E+20
18.5927,7.509671E+20,-7.127999E+19,6.796871E+20
18.61437,7.508994E+20,-7.096571E+19,6.799337E+20
18.63411,7.508387E+20,-7.067658E+19,6.80162E+20
18.65945,7.507633E+20,-7.03142E+19,6.804491E+20
18.68016,7.50701E+20,-7.001218E+19,6.806888E+20
18.69923,7.506477E+20,-6.974795E+19,6.808998E+20
18.72618,7.505607E+20,-6.937264E+19,6.811881E+20
18.7434,7.505072E+20,-6.913849E+19,6.813687E+20
18.76,7.504543E+20,-6.89172E+19,6.815371E+20
18.77659,7.504036E+20,-6.868975E+19,6.817139E+20
18.79428,7.503525E+20,-6.84551E+19,6.818973E+20
18.81189,7.502987E+20,-6.8223E+19,6.820757E+20
18.82857,7.502495E+20,-6.80061E+19,6.822433E+20
18.84517,7.502034E+20,-6.779062E+19,6.824127E+20
18.86172,7.501575E+20,-6.757736E+19,6.825801E+20
18.87919,7.501073E+20,-6.735488E+19,6.827525E+20
18.89594,7.500605E+20,-6.714571E+19,6.829148E+20
18.91186,7.500168E+20,-6.694822E+19,6.830686E+20
18.92867,7.499692E+20,-6.673896E+19,6.832302E+20
18.94566,7.499211E+20,-6.653624E+19,6.833849E+20
18.96378,7.498753E+20,-6.631056E+19,6.835647E+20
18.98271,7.498294E+20,-6.607512E+19,6.837542E+20
19.00891,7.497606E+20,-6.576019E+19,6.840004E+20
19.02795,7.497094E+20,-6.553416E+19,6.841753E+20
19.04468,7.496662E+20,-6.533259E+19,6.843336E+20
19.06095,7.496232E+20,-6.51421E+19,6.844811E+20
19.07872,7.495781E+20,-6.493345E+19,6.846446E+20
19.09737,7.495304E+20,-6.471365E+19,6.848167E+20
19.11471,7.494876E+20,-6.451166E+19,6.84976E+20
19.13144,7.494447E+20,-6.43198E+19,6.851249E+20
19.14835,7.493994E+20,-6.412712E+19,6.852723E+20
19.16714,7.493537E+20,-6.391846E+19,6.854352E+20
19.19597,7.492846E+20,-6.360203E+19,6.856826E+20
19.21669,7.492352E+20,-6.337543E+19,6.858598E+20
19.24218,7.491746E+20,-6.30998E+19,6.860748E+20
19.2599,7.491331E+20,-6.290951E+19,6.862235E+20
19.28564,7.490712E+20,-6.263631E+19,6.864349E+20
19.30956,7.490148E+20,-6.238467E+19,6.866302E+20
19.32994,7.489675E+20,-6.21718E+19,6.867957E+20
19.36061,7.488961E+20,-6.185491E+19,6.870412E+20
19.37799,7.488557E+20,-6.167787E+19,6.871778E+20
19.39518,7.488153E+20,-6.150179E+19,6.873135E+20
19.41247,7.48776E+20,-6.132651E+19,6.874495E+20
19.43079,7.487355E+20,-6.114147E+19,6.87594E+20
19.44745,7.486957E+20,-6.097257E+19,6.877232E+20
19.46662,7.486543E+20,-6.07834E+19,6.878709E+20
19.49191,7.485981E+20,-6.053719E+19,6.880609E+20
19.51079,7.485591E+20,-6.035302E+19,6.882061E+20
19.52895,7.485202E+20,-6.017896E+19,6.883413E+20
19.54674,7.484819E+20,-6.000971E+19,6.884722E+20
19.56402,7.484456E+20,-5.984674E+19,6.885989E+20
19.58195,7.484076E+20,-5.968023E+19,6.887274E+20
19.59824,7.483736E+20,-5.952708E+19,6.888465E+20
19.61434,7.483409E+20,-5.937855E+19,6.889624E+20
19.63091,7.483073E+20,-5.922654E+19,6.890808E+20
19.64672,7.482735E+20,-5.908308E+19,6.891904E+20
19.66327,7.482392E+20,-5.892599E+19,6.893131E+20
19.68402,7.481974E+20,-5.873512E+19,6.894623E+20
19.70877,7.481475E+20,-5.850907E+19,6.896384E+20
19.7261,7.481117E+20,-5.835219E+19,6.897595E+20
19.74364,7.480772E+20,-5.819474E+19,6.898824E+20
19.76142,7.480417E+20,-5.803799E+19,6.900037E+20
19.77821,7.480095E+20,-5.789388E+19,6.901156E+20
19.79635,7.479751E+20,-5.773933E+19,6.902358E+20
19.81369,7.479429E+20,-5.758885E+19,6.90354E+20
19.83872,7.478972E+20,-5.737437E+19,6.905229E+20
19.86612,7.478428E+20,-5.71441E+19,6.906986E+20
19.8949,7.477912E+20,-5.690317E+19,6.90888E+20
19.91132,7.477609E+20,-5.676762E+19,6.909933E+20
19.92842,7.477281E+20,-5.662636E+19,6.911017E+20
19.94524,7.476973E+20,-5.648826E+19,6.91209E+20
19.96424,7.476617E+20,-5.633435E+19,6.913274E+20
19.98384,7.476254E+20,-5.617705E+19,6.914483E+20
20.0093,7.475826E+20,-5.597546E+19,6.916072E+20
20.02847,7.475462E+20,-5.582552E+19,6.917207E+20
20.04799,7.475134E+20,-5.567521E+19,6.918383E+20
20.06552,7.474819E+20,-5.553697E+19,6.919449E+20
20.08278,7.474522E+20,-5.540448E+19,6.920477E+20
20.10885,7.474077E+20,-5.52038E+19,6.922039E+20
20.12587,7.473787E+20,-5.507401E+19,6.923047E+20
20.14255,7.473522E+20,-5.494906E+19,6.924032E+20
20.15965,7.473242E+20,-5.482358E+19,6.925006E+20
20.1771,7.472931E+20,-5.469153E+19,6.926016E+20
20.19392,7.472627E+20,-5.456761E+19,6.926951E+20
20.21119,7.472349E+20,-5.444215E+19,6.927928E+20
20.2284,7.472085E+20,-5.431641E+19,6.92892E+20
20.24509,7.471814E+20,-5.419607E+19,6.929853E+20
20.26145,7.471536E+20,-5.407708E+19,6.930765E+20
20.2777,7.471277E+20,-5.396039E+19,6.931673E+20
20.29513,7.470998E+20,-5.383632E+19,6.932635E+20
20.31149,7.470736E+20,-5.371998E+19,6.933536E+20
20.32777,7.470477E+20,-5.360485E+19,6.934429E+20
20.3437,7.470209E+20,-5.349218E+19,6.935287E+20
20.36041,7.469965E+20,-5.337571E+19,6.936208E+20
20.37719,7.469703E+20,-5.326035E+19,6.937099E+20
20.39357,7.46945E+20,-5.31503E+19,6.937947E+20
20.41038,7.469189E+20,-5.303167E+19,6.938873E+20
20.42746,7.468941E+20,-5.291506E+19,6.93979E+20
20.44412,7.468684E+20,-5.280154E+19,6.940668E+20
20.4605,7.46843E+20,-5.269105E+19,6.941519E+20
20.47864,7.468171E+20,-5.257043E+19,6.942466E+20
20.49948,7.467869E+20,-5.24328E+19,6.943541E+20
20.52523,7.467485E+20,-5.226277E+19,6.944857E+20
20.54568,7.467195E+20,-5.21288E+19,6.945907E+20
20.56593,7.466905E+20,-5.199789E+19,6.946926E+20
20.59225,7.466518E+20,-5.182846E+19,6.948233E+20
20.61175,7.466244E+20,-5.170386E+19,6.949206E+20
20.63129,7.465961E+20,-5.158007E+19,6.95016E+20
20.65059,7.465683E+20,-5.146009E+19,6.951082E+20
20.67541,7.465351E+20,-5.130333E+19,6.952318E+20
20.69484,7.465065E+20,-5.118394E+19,6.953226E+20
20.71392,7.464821E+20,-5.106534E+19,6.954168E+20
20.73454,7.464539E+20,-5.094005E+19,6.955138E+20
20.75918,7.464177E+20,-5.079279E+19,6.956249E+20
20.77842,7.463947E+20,-5.067708E+19,6.957175E+20
20.79728,7.46369E+20,-5.05648E+19,6.958042E+20
20.818,7.463434E+20,-5.044189E+19,6.959015E+20
20.84171,7.463115E+20,-5.030289E+19,6.960087E+20
20.86126,7.462871E+20,-5.018916E+19,6.960979E+20
20.88026,7.462625E+20,-5.008074E+19,6.961818E+20
20.89994,7.462366E+20,-4.996486E+19,6.962718E+20
20.9255,7.462066E+20,-4.981834E+19,6.963883E+20
20.94555,7.461807E+20,-4.97056E+19,6.964751E+20
20.96381,7.461607E+20,-4.960428E+19,6.965564E+20
20.98213,7.46137E+20,-4.950017E+19,6.966368E+20
20.99961,7.461156E+20,-4.940151E+19,6.967141E+20
21.02565,7.460827E+20,-4.925539E+19,6.968273E+20
21.04363,7.460608E+20,-4.915521E+19,6.969056E+20
21.06044,7.460399E+20,-4.906324E+19,6.969766E+20
21.07635,7.460192E+20,-4.897672E+19,6.970425E+20
21.09292,7.459998E+20,-4.889042E+19,6.971094E+20
21.10924,7.459791E+20,-4.879927E+19,6.971799E+20
21.12566,7.45959E+20,-4.871051E+19,6.972485E+20
21.14215,7.459385E+20,-4.862423E+19,6.973142E+20
21.15851,7.45918E+20,-4.853692E+19,6.973811E+20
21.17585,7.458964E+20,-4.844515E+19,6.974513E+20
21.1931,7.458758E+20,-4.835495E+19,6.975208E+20
21.20911,7.458579E+20,-4.827204E+19,6.975858E+20
21.22542,7.458392E+20,-4.818721E+19,6.976521E+20
21.24199,7.458195E+20,-4.810165E+19,6.977179E+20
21.25834,7.458014E+20,-4.80212E+19,6.977803E+20
21.27511,7.457817E+20,-4.793206E+19,6.978497E+20
21.29189,7.457645E+20,-4.784681E+19,6.979177E+20
21.30895,7.457452E+20,-4.776145E+19,6.979837E+20
21.32639,7.457254E+20,-4.767445E+19,6.98051E+20
21.34334,7.45707E+20,-4.758924E+19,6.981178E+20
21.36048,7.45689E+20,-4.750491E+19,6.981841E+20
21.3824,7.456647E+20,-4.739859E+19,6.982661E+20
21.39916,7.456476E+20,-4.73168E+19,6.983308E+20
21.42507,7.456188E+20,-4.718819E+19,6.984306E+20
21.44285,7.455977E+20,-4.710301E+19,6.984947E+20
21.45982,7.455798E+20,-4.702234E+19,6.985574E+20
21.47853,7.455601E+20,-4.693208E+19,6.98628E+20
21.4987,7.455388E+20,-4.683609E+19,6.987027E+20
21.51674,7.455204E+20,-4.675139E+19,6.98769E+20
21.54214,7.454925E+20,-4.663304E+19,6.988595E+20
21.56077,7.454728E+20,-4.654788E+19,6.98925E+20
21.57888,7.454541E+20,-4.646486E+19,6.989893E+20
21.59677,7.454366E+20,-4.638285E+19,6.990537E+20
21.61424,7.454181E+20,-4.630239E+19,6.991157E+20
21.63524,7.453972E+20,-4.620554E+19,6.991917E+20
21.65859,7.453739E+20,-4.609848E+19,6.992754E+20
21.67984,7.453518E+20,-4.600161E+19,6.993502E+20
21.70189,7.453295E+20,-4.590187E+19,6.994276E+20
21.72552,7.453074E+20,-4.579636E+19,6.995111E+20
21.74263,7.452892E+20,-4.572082E+19,6.995683E+20
21.75921,7.452721E+20,-4.564866E+19,6.996234E+20
21.7762,7.452562E+20,-4.557488E+19,6.996813E+20
21.79238,7.452404E+20,-4.550677E+19,6.997336E+20
21.8084,7.452265E+20,-4.543635E+19,6.997902E+20
21.82498,7.452108E+20,-4.536416E+19,6.998467E+20
21.84278,7.451941E+20,-4.52898E+19,6.999043E+20
21.85938,7.45179E+20,-4.521818E+19,6.999608E+20
21.87568,7.451628E+20,-4.514904E+19,7.000138E+20
21.89153,7.451462E+20,-4.508283E+19,7.000633E+20
21.90834,7.451302E+20,-4.501156E+19,7.001186E+20
21.92564,7.451137E+20,-4.493785E+19,7.001759E+20
21.94203,7.450994E+20,-4.486959E+19,7.002299E+20
21.96187,7.45082E+20,-4.478795E+19,7.00294E+20
21.98022,7.450663E+20,-4.471247E+19,7.003539E+20
22.0016,7.450463E+20,-4.462507E+19,7.004213E+20
22.02657,7.450235E+20,-4.4523E+19,7.005005E+20
22.04703,7.450053E+20,-4.443987E+19,7.005655E+20
22.06435,7.449895E+20,-4.437026E+19,7.006193E+20
22.08114,7.449751E+20,-4.430408E+19,7.00671E+20
22.09819,7.449605E+20,-4.423638E+19,7.007241E+20
22.11483,7.449464E+20,-4.417079E+19,7.007756E+20
22.13174,7.449315E+20,-4.410447E+19,7.00827E+20
22.14869,7.449178E+20,-4.403798E+19,7.008798E+20
22.16631,7.449012E+20,-4.396823E+19,7.00933E+20
22.19181,7.448788E+20,-4.386858E+19,7.010103E+20
22.20944,7.448625E+20,-4.380081E+19,7.010617E+20
22.22662,7.44848E+20,-4.373767E+19,7.011103E+20
22.24414,7.448349E+20,-4.366968E+19,7.011653E+20
22.26104,7.448211E+20,-4.36036E+19,7.012176E+20
22.27762,7.448065E+20,-4.353979E+19,7.012667E+20
22.30202,7.447857E+20,-4.344646E+19,7.013393E+20
22.3285,7.447635E+20,-4.334657E+19,7.014169E+20
22.35442,7.447424E+20,-4.325069E+19,7.014917E+20
22.37722,7.447244E+20,-4.316811E+19,7.015563E+20
22.39874,7.447071E+20,-4.308946E+19,7.016176E+20
22.42475,7.44687E+20,-4.299461E+19,7.016924E+20
22.45089,7.446644E+20,-4.289924E+19,7.017652E+20
22.48087,7.446403E+20,-4.279135E+19,7.018489E+20
22.50367,7.44624E+20,-4.270975E+19,7.019143E+20
22.52678,7.446058E+20,-4.262809E+19,7.019777E+20
22.54406,7.445914E+20,-4.256834E+19,7.020231E+20
22.56181,7.445772E+20,-4.250764E+19,7.020695E+20
22.58377,7.445615E+20,-4.243159E+19,7.021299E+20
22.60797,7.445431E+20,-4.234904E+19,7.021941E+20
22.63023,7.445272E+20,-4.227293E+19,7.022543E+20
22.65333,7.445089E+20,-4.219323E+19,7.023157E+20
22.6768,7.444905E+20,-4.211352E+19,7.02377E+20
22.70241,7.44472E+20,-4.202651E+19,7.024455E+20
22.72543,7.444547E+20,-4.194798E+19,7.025067E+20
22.74845,7.444385E+20,-4.186897E+19,7.025695E+20
22.77118,7.44419E+20,-4.179286E+19,7.026261E+20
22.79388,7.444028E+20,-4.171784E+19,7.02685E+20
22.8181,7.443854E+20,-4.1639E+19,7.027464E+20
22.84169,7.443684E+20,-4.156426E+19,7.028041E+20
22.86288,7.443523E+20,-4.149353E+19,7.028588E+20
22.88912,7.443342E+20,-4.140909E+19,7.029251E+20
22.91272,7.443174E+20,-4.133458E+19,7.029828E+20
22.9335,7.443013E+20,-4.126874E+19,7.030326E+20
22.95879,7.442847E+20,-4.118944E+19,7.030953E+20
22.97875,7.442723E+20,-4.112786E+19,7.031444E+20
22.99639,7.442589E+20,-4.107335E+19,7.031856E+20
23.01837,7.442416E+20,-4.100375E+19,7.032379E+20
23.0408,7.442274E+20,-4.093329E+19,7.032942E+20
23.05806,7.442148E+20,-4.088014E+19,7.033346E+20
23.07572,7.442031E+20,-4.082694E+19,7.033761E+20
23.09344,7.441918E+20,-4.077424E+19,7.034175E+20
23.11024,7.441811E+20,-4.07227E+19,7.034585E+20
23.12762,7.441698E+20,-4.066863E+19,7.035012E+20
23.14454,7.441578E+20,-4.061468E+19,7.035432E+20
23.16119,7.441461E+20,-4.056331E+19,7.035828E+20
23.17831,7.441356E+20,-4.051169E+19,7.036239E+20
23.19511,7.44124E+20,-4.046109E+19,7.036629E+20
23.21156,7.441121E+20,-4.041178E+19,7.037003E+20
23.23049,7.440996E+20,-4.035575E+19,7.037438E+20
23.24934,7.440873E+20,-4.03004E+19,7.037869E+20
23.27494,7.440707E+20,-4.022535E+19,7.038453E+20
23.29428,7.44057E+20,-4.016887E+19,7.038881E+20
23.31201,7.44045E+20,-4.011759E+19,7.039275E+20
23.33711,7.440285E+20,-4.004526E+19,7.039833E+20
23.35863,7.44015E+20,-3.998334E+19,7.040317E+20
23.377,7.440041E+20,-3.993055E+19,7.040736E+20
23.39357,7.439933E+20,-3.988303E+19,7.041102E+20
23.41105,7.439818E+20,-3.983355E+19,7.041482E+20
23.42853,7.439705E+20,-3.97847E+19,7.041857E+20
23.44548,7.439612E+20,-3.973711E+19,7.042241E+20
23.46349,7.439498E+20,-3.968606E+19,7.042637E+20
23.48144,7.439386E+20,-3.963567E+19,7.043029E+20
23.50898,7.439222E+20,-3.955885E+19,7.043633E+20
23.52756,7.439095E+20,-3.950714E+19,7.044024E+20
23.5485,7.438968E+20,-3.944932E+19,7.044474E+20
23.56484,7.438871E+20,-3.940467E+19,7.044825E+20
23.58097,7.438768E+20,-3.936059E+19,7.045162E+20
23.59823,7.438664E+20,-3.931357E+19,7.045528E+20
23.61551,7.438562E+20,-3.926789E+19,7.045883E+20
23.64185,7.438405E+20,-3.919597E+19,7.046445E+20
23.66672,7.438244E+20,-3.912968E+19,7.046948E+20
23.69138,7.438094E+20,-3.90648E+19,7.047446E+20
23.70814,7.437996E+20,-3.902117E+19,7.047784E+20
23.72471,7.437895E+20,-3.897797E+19,7.048115E+20
23.74105,7.437811E+20,-3.89357E+19,7.048454E+20
23.7586,7.437717E+20,-3.889068E+19,7.04881E+20
23.77517,7.437612E+20,-3.884804E+19,7.049131E+20
23.79108,7.437515E+20,-3.880772E+19,7.049438E+20
23.80786,7.437422E+20,-3.876399E+19,7.049783E+20
23.82449,7.437336E+20,-3.87211E+19,7.050125E+20
23.84106,7.437244E+20,-3.867903E+19,7.050454E+20
23.8579,7.437159E+20,-3.863533E+19,7.050805E+20
23.87448,7.437063E+20,-3.859319E+19,7.051131E+20
23.89104,7.436974E+20,-3.855145E+19,7.051459E+20
23.9083,7.436867E+20,-3.850825E+19,7.051785E+20
23.92558,7.436771E+20,-3.846555E+19,7.052116E+20
23.94188,7.436684E+20,-3.842536E+19,7.05243E+20
23.96632,7.436541E+20,-3.836563E+19,7.052885E+20
23.99336,7.436399E+20,-3.829719E+19,7.053427E+20
24.01089,7.436306E+20,-3.825457E+19,7.053761E+20
24.02907,7.436214E+20,-3.82121E+19,7.054092E+20
24.04599,7.436122E+20,-3.817419E+19,7.05438E+20
24.06308,7.436021E+20,-3.813039E+19,7.054718E+20
24.07964,7.435932E+20,-3.809018E+19,7.05503E+20
24.09654,7.43585E+20,-3.804959E+19,7.055354E+20
24.11251,7.435769E+20,-3.801039E+19,7.055666E+20
24.12866,7.435674E+20,-3.797126E+19,7.055961E+20
24.15383,7.435534E+20,-3.79119E+19,7.056415E+20
24.17455,7.43543E+20,-3.786284E+19,7.056801E+20
24.19157,7.435333E+20,-3.78227E+19,7.057105E+20
24.20814,7.435237E+20,-3.778382E+19,7.057399E+20
24.22667,7.435145E+20,-3.774069E+19,7.057739E+20
24.24294,7.435059E+20,-3.7703E+19,7.058029E+20
24.25947,7.434981E+20,-3.76649E+19,7.058333E+20
24.27633,7.434893E+20,-3.762574E+19,7.058635E+20
24.29359,7.434801E+20,-3.758604E+19,7.058941E+20
24.31125,7.4347E+20,-3.754579E+19,7.059242E+20
24.32765,7.434614E+20,-3.750851E+19,7.059529E+20
24.34378,7.43454E+20,-3.747225E+19,7.059817E+20
24.36066,7.434454E+20,-3.743444E+19,7.06011E+20
24.37895,7.434371E+20,-3.739346E+19,7.060437E+20
24.39617,7.434277E+20,-3.735516E+19,7.060725E+20
24.41306,7.434183E+20,-3.731818E+19,7.061001E+20
24.42994,7.434106E+20,-3.728103E+19,7.061296E+20
24.44645,7.434026E+20,-3.724487E+19,7.061577E+20
24.46315,7.433939E+20,-3.72085E+19,7.061853E+20
24.48152,7.433848E+20,-3.716914E+19,7.062157E+20
24.50767,7.433721E+20,-3.711299E+19,7.062591E+20
24.52746,7.433628E+20,-3.707082E+19,7.06292E+20
24.54522,7.433545E+20,-3.703311E+19,7.063214E+20
24.5627,7.433449E+20,-3.69957E+19,7.063492E+20
24.57984,7.433368E+20,-3.695955E+19,7.063772E+20
24.60288,7.433252E+20,-3.691108E+19,7.064141E+20
24.62682,7.43315E+20,-3.68605E+19,7.064545E+20
24.64947,7.433051E+20,-3.68151E+19,7.0649E+20
24.67453,7.432942E+20,-3.676293E+19,7.065313E+20
24.69221,7.432862E+20,-3.672635E+19,7.065598E+20
24.70919,7.432799E+20,-3.669222E+19,7.065877E+20
24.72642,7.432708E+20,-3.665887E+19,7.066119E+20
24.74324,7.432634E+20,-3.662489E+19,7.066385E+20
24.7604,7.432562E+20,-3.659134E+19,7.066649E+20
24.77742,7.432493E+20,-3.655643E+19,7.066929E+20
24.79376,7.432401E+20,-3.652158E+19,7.067185E+20
24.81036,7.432328E+20,-3.648843E+19,7.067444E+20
24.82693,7.432258E+20,-3.645526E+19,7.067706E+20
24.84374,7.432181E+20,-3.642026E+19,7.067978E+20
24.86036,7.4321E+20,-3.638666E+19,7.068234E+20
24.87771,7.432022E+20,-3.635202E+19,7.068502E+20
24.89405,7.431949E+20,-3.631975E+19,7.068751E+20
24.91089,7.431881E+20,-3.628708E+19,7.06901E+20
24.92791,7.431808E+20,-3.625453E+19,7.069263E+20
24.94445,7.431739E+20,-3.622268E+19,7.069513E+20
24.96268,7.431664E+20,-3.6188E+19,7.069784E+20
24.98152,7.431587E+20,-3.615103E+19,7.070077E+20
25.00782,7.431486E+20,-3.610045E+19,7.070482E+20
25.02613,7.431409E+20,-3.606583E+19,7.070751E+20
25.04371,7.43133E+20,-3.603264E+19,7.071003E+20
25.06187,7.43125E+20,-3.599863E+19,7.071264E+20
25.07835,7.431177E+20,-3.596763E+19,7.071501E+20
25.09514,7.43112E+20,-3.593593E+19,7.071761E+20
25.112,7.43106E+20,-3.590417E+19,7.072018E+20
25.12861,7.430994E+20,-3.587337E+19,7.07226E+20
25.14495,7.430936E+20,-3.584329E+19,7.072503E+20
25.16096,7.430865E+20,-3.581413E+19,7.072724E+20
25.17696,7.430792E+20,-3.578512E+19,7.072941E+20
25.19395,7.430729E+20,-3.575419E+19,7.073187E+20
25.21099,7.430664E+20,-3.572374E+19,7.073426E+20
25.22729,7.4306E+20,-3.569505E+19,7.07365E+20
25.24361,7.430546E+20,-3.566737E+19,7.073872E+20
25.25994,7.430463E+20,-3.563678E+19,7.074095E+20
25.27643,7.430386E+20,-3.560796E+19,7.074306E+20
25.29412,7.430318E+20,-3.557868E+19,7.074532E+20
25.31267,7.430239E+20,-3.554371E+19,7.074802E+20
25.32936,7.430179E+20,-3.551448E+19,7.075035E+20
25.34635,7.43011E+20,-3.548505E+19,7.075259E+20
25.36348,7.430041E+20,-3.545633E+19,7.075477E+20
25.38018,7.429984E+20,-3.5429E+19,7.075694E+20
25.39677,7.429925E+20,-3.540075E+19,7.075917E+20
25.41395,7.429866E+20,-3.536963E+19,7.076169E+20
25.43084,7.429799E+20,-3.534109E+19,7.076388E+20
25.44703,7.429733E+20,-3.531425E+19,7.07659E+20
25.46503,7.429662E+20,-3.528439E+19,7.076819E+20
25.49109,7.429563E+20,-3.523984E+19,7.077165E+20
25.51,7.42949E+20,-3.520683E+19,7.077422E+20
25.52744,7.429429E+20,-3.517685E+19,7.07766E+20
25.54426,7.429367E+20,-3.514847E+19,7.077882E+20
25.56012,7.429311E+20,-3.512189E+19,7.078092E+20
25.57638,7.42925E+20,-3.509481E+19,7.078302E+20
25.59306,7.429184E+20,-3.506716E+19,7.078513E+20
25.60958,7.429135E+20,-3.503891E+19,7.078746E+20
25.6264,7.429076E+20,-3.501072E+19,7.078969E+20
25.64294,7.429011E+20,-3.498352E+19,7.079176E+20
25.66055,7.428949E+20,-3.495503E+19,7.079398E+20
25.67763,7.428886E+20,-3.492787E+19,7.079607E+20
25.69371,7.428822E+20,-3.490214E+19,7.079801E+20
25.71086,7.428764E+20,-3.487437E+19,7.08002E+20
25.72723,7.4287E+20,-3.484853E+19,7.080215E+20
25.74347,7.428645E+20,-3.482321E+19,7.080412E+20
25.75997,7.428587E+20,-3.47974E+19,7.080613E+20
25.77643,7.428532E+20,-3.477135E+19,7.080818E+20
25.79287,7.428476E+20,-3.474512E+19,7.081024E+20
25.80934,7.428423E+20,-3.471878E+19,7.081235E+20
25.8263,7.428361E+20,-3.469353E+19,7.081426E+20
25.84352,7.428294E+20,-3.466626E+19,7.081631E+20
25.86012,7.428237E+20,-3.463701E+19,7.081867E+20
25.87679,7.428177E+20,-3.461038E+19,7.082073E+20
25.89316,7.428123E+20,-3.458482E+19,7.082275E+20
25.90978,7.428068E+20,-3.455893E+19,7.082479E+20
25.92671,7.428017E+20,-3.453298E+19,7.082687E+20
25.94354,7.427957E+20,-3.450747E+19,7.082882E+20
25.96129,7.42789E+20,-3.448031E+19,7.083086E+20
25.98008,7.427821E+20,-3.445121E+19,7.083309E+20
25.99783,7.427754E+20,-3.442452E+19,7.083509E+20
26.02439,7.427671E+20,-3.438607E+19,7.083811E+20
26.04298,7.427605E+20,-3.436011E+19,7.084005E+20
26.06074,7.427548E+20,-3.433839E+19,7.084164E+20
26.07676,7.427502E+20,-3.431019E+19,7.0844E+20
26.09323,7.427439E+20,-3.428481E+19,7.084591E+20
26.11002,7.427391E+20,-3.426078E+19,7.084783E+20
26.12698,7.427344E+20,-3.423622E+19,7.084982E+20
26.14406,7.42729E+20,-3.421095E+19,7.08518E+20
26.1611,7.427228E+20,-3.418649E+19,7.085363E+20
26.17777,7.427174E+20,-3.41632E+19,7.085542E+20
26.19503,7.427122E+20,-3.413939E+19,7.085728E+20
26.21243,7.427075E+20,-3.41155E+19,7.08592E+20
26.2291,7.427033E+20,-3.409303E+19,7.086102E+20
26.24578,7.426987E+20,-3.407013E+19,7.086286E+20
26.26229,7.426927E+20,-3.404652E+19,7.086462E+20
26.27991,7.426863E+20,-3.402104E+19,7.086653E+20
26.29649,7.426805E+20,-3.39972E+19,7.086833E+20
26.31434,7.426752E+20,-3.397232E+19,7.087028E+20
26.34109,7.426672E+20,-3.393602E+19,7.087312E+20
26.35766,7.426621E+20,-3.391376E+19,7.087483E+20
26.37575,7.426569E+20,-3.389019E+19,7.087667E+20
26.39321,7.426518E+20,-3.386873E+19,7.087831E+20
26.40991,7.42647E+20,-3.384458E+19,7.088025E+20
26.42752,7.426408E+20,-3.382061E+19,7.088201E+20
26.44428,7.426363E+20,-3.379836E+19,7.088379E+20
26.46141,7.426309E+20,-3.37732E+19,7.088577E+20
26.47987,7.426252E+20,-3.374763E+19,7.088776E+20
26.49769,7.426201E+20,-3.372398E+19,7.088961E+20
26.52386,7.426125E+20,-3.369107E+19,7.089214E+20
26.54154,7.426073E+20,-3.366791E+19,7.089394E+20
26.55829,7.42604E+20,-3.364651E+19,7.089574E+20
26.57456,7.425988E+20,-3.362593E+19,7.089728E+20
26.59151,7.425932E+20,-3.360407E+19,7.089892E+20
26.60845,7.425878E+20,-3.358245E+19,7.090054E+20
26.62577,7.42583E+20,-3.356105E+19,7.09022E+20
26.64191,7.425802E+20,-3.354159E+19,7.090386E+20
26.6598,7.425753E+20,-3.351922E+19,7.090561E+20
26.67667,7.425707E+20,-3.349795E+19,7.090728E+20
26.69278,7.425658E+20,-3.347705E+19,7.090887E+20
26.70963,7.425615E+20,-3.345627E+19,7.091053E+20
26.72628,7.425574E+20,-3.343533E+19,7.09122E+20
26.74298,7.425528E+20,-3.341449E+19,7.091383E+20
26.75993,7.425487E+20,-3.339375E+19,7.09155E+20
26.77656,7.425443E+20,-3.337361E+19,7.091706E+20
26.7926,7.425397E+20,-3.335454E+19,7.091851E+20
26.80921,7.425357E+20,-3.33351E+19,7.092006E+20
26.82563,7.425312E+20,-3.331564E+19,7.092155E+20
26.8429,7.425273E+20,-3.329519E+19,7.092321E+20
26.86005,7.42523E+20,-3.32743E+19,7.092487E+20
26.87646,7.425191E+20,-3.325444E+19,7.092647E+20
26.89288,7.42514E+20,-3.323461E+19,7.092794E+20
26.9096,7.425098E+20,-3.321497E+19,7.092948E+20
26.9262,7.42506E+20,-3.319576E+19,7.093103E+20
26.94277,7.425014E+20,-3.317704E+19,7.093243E+20
26.96227,7.42496E+20,-3.315594E+19,7.093401E+20
26.98024,7.424926E+20,-3.313459E+19,7.09358E+20
26.99741,7.424875E+20,-3.311445E+19,7.09373E+20
27.0236,7.424805E+20,-3.308475E+19,7.093957E+20
27.04061,7.424755E+20,-3.306534E+19,7.094102E+20
27.05728,7.42471E+20,-3.304708E+19,7.09424E+20
27.07376,7.424672E+20,-3.30297E+19,7.094375E+20
27.09075,7.424637E+20,-3.301191E+19,7.094518E+20
27.10757,7.424603E+20,-3.299376E+19,7.094665E+20
27.12463,7.424567E+20,-3.297466E+19,7.09482E+20
27.14232,7.42452E+20,-3.295233E+19,7.094997E+20
27.15908,7.42448E+20,-3.293266E+19,7.095153E+20
27.17559,7.424433E+20,-3.291397E+19,7.095293E+20
27.19233,7.424392E+20,-3.289518E+19,7.09544E+20
27.20924,7.42435E+20,-3.287617E+19,7.095589E+20
27.22606,7.424303E+20,-3.285751E+19,7.095728E+20
27.24276,7.424263E+20,-3.283968E+19,7.095866E+20
27.25967,7.424225E+20,-3.282228E+19,7.096002E+20
27.27621,7.424188E+20,-3.280483E+19,7.096139E+20
27.29253,7.424157E+20,-3.278737E+19,7.096284E+20
27.30989,7.424118E+20,-3.277059E+19,7.096412E+20
27.32644,7.424077E+20,-3.275181E+19,7.096559E+20
27.34737,7.424023E+20,-3.273028E+19,7.09672E+20
27.37368,7.423962E+20,-3.270201E+19,7.096941E+20
27.39509,7.423928E+20,-3.267914E+19,7.097137E+20
27.41356,7.423884E+20,-3.265962E+19,7.097287E+20
27.43027,7.423845E+20,-3.264296E+19,7.097415E+20
27.44672,7.423804E+20,-3.262779E+19,7.097526E+20
27.47333,7.423755E+20,-3.25973E+19,7.097782E+20
27.49135,7.423731E+20,-3.257893E+19,7.097942E+20
27.50873,7.423695E+20,-3.256143E+19,7.09808E+20
27.52686,7.423649E+20,-3.254343E+19,7.098215E+20
27.54486,7.423608E+20,-3.252622E+19,7.098346E+20
27.56204,7.423568E+20,-3.251038E+19,7.098465E+20
27.57917,7.423537E+20,-3.249467E+19,7.09859E+20
27.5962,7.4235E+20,-3.247802E+19,7.09872E+20
27.61312,7.423466E+20,-3.246171E+19,7.098848E+20
27.63016,7.423432E+20,-3.244541E+19,7.098978E+20
27.64676,7.423404E+20,-3.242934E+19,7.099111E+20
27.66367,7.423364E+20,-3.241287E+19,7.099235E+20
27.68032,7.423339E+20,-3.239716E+19,7.099367E+20
27.69664,7.423303E+20,-3.238226E+19,7.09948E+20
27.71346,7.423275E+20,-3.236878E+19,7.099587E+20
27.72998,7.423243E+20,-3.235174E+19,7.099726E+20
27.74645,7.423202E+20,-3.233468E+19,7.099855E+20
27.76353,7.423157E+20,-3.23189E+19,7.099968E+20
27.77979,7.423131E+20,-3.230436E+19,7.100087E+20
27.79616,7.423096E+20,-3.229008E+19,7.100195E+20
27.81219,7.423066E+20,-3.227621E+19,7.100303E+20
27.82899,7.423033E+20,-3.226098E+19,7.100423E+20
27.84556,7.423005E+20,-3.224631E+19,7.100541E+20
27.86208,7.422979E+20,-3.223243E+19,7.100655E+20
27.8789,7.422953E+20,-3.221937E+19,7.100759E+20
27.89564,7.422931E+20,-3.220252E+19,7.100906E+20
27.91237,7.4229E+20,-3.218668E+19,7.101033E+20
27.92964,7.422862E+20,-3.217162E+19,7.101146E+20
27.94633,7.422821E+20,-3.215756E+19,7.101246E+20
27.96414,7.422786E+20,-3.214234E+19,7.101362E+20
27.99018,7.422744E+20,-3.212049E+19,7.101538E+20
28.0083,7.42271E+20,-3.210622E+19,7.101647E+20
28.02692,7.422685E+20,-3.209338E+19,7.101752E+20
28.04342,7.422662E+20,-3.207729E+19,7.101889E+20
28.06024,7.422619E+20,-3.206116E+19,7.102008E+20
28.07708,7.422583E+20,-3.204643E+19,7.102119E+20
28.09395,7.422555E+20,-3.203257E+19,7.102229E+20
28.1104,7.42253E+20,-3.201964E+19,7.102334E+20
28.12642,7.422492E+20,-3.20071E+19,7.102421E+20
28.14343,7.422472E+20,-3.199318E+19,7.10254E+20
28.16156,7.422444E+20,-3.197854E+19,7.102659E+20
28.17834,7.422425E+20,-3.196547E+19,7.10277E+20
28.19518,7.422397E+20,-3.195286E+19,7.102869E+20
28.21222,7.422366E+20,-3.194044E+19,7.102961E+20
28.22905,7.422344E+20,-3.192757E+19,7.103068E+20
28.24573,7.422321E+20,-3.19142E+19,7.103179E+20
28.26251,7.422297E+20,-3.190122E+19,7.103284E+20
28.27961,7.422267E+20,-3.188794E+19,7.103388E+20
28.2963,7.422248E+20,-3.187503E+19,7.103498E+20
28.32321,7.422202E+20,-3.185417E+19,7.10366E+20
28.3399,7.42218E+20,-3.18414E+19,7.103766E+20
28.35703,7.422158E+20,-3.182855E+19,7.103872E+20
28.37387,7.422131E+20,-3.181606E+19,7.103971E+20
28.39122,7.422106E+20,-3.18029E+19,7.104077E+20
28.40825,7.422076E+20,-3.178988E+19,7.104178E+20
28.42576,7.422045E+20,-3.177671E+19,7.104279E+20
28.44274,7.422022E+20,-3.176406E+19,7.104382E+20
28.45954,7.421988E+20,-3.17516E+19,7.104473E+20
28.47762,7.421964E+20,-3.173856E+19,7.104578E+20
28.49768,7.421936E+20,-3.172482E+19,7.104687E+20
28.52301,7.421908E+20,-3.170929E+19,7.104815E+20
28.54262,7.421877E+20,-3.169505E+19,7.104926E+20
28.56169,7.421855E+20,-3.167978E+19,7.105058E+20
28.57879,7.421825E+20,-3.166734E+19,7.105152E+20
28.5956,7.421801E+20,-3.165552E+19,7.105245E+20
28.61281,7.421779E+20,-3.164372E+19,7.105342E+20
28.63013,7.421758E+20,-3.163222E+19,7.105436E+20
28.64769,7.421739E+20,-3.162073E+19,7.105532E+20
28.67332,7.4217E+20,-3.160405E+19,7.10566E+20
28.69208,7.42167E+20,-3.159239E+19,7.105746E+20
28.71014,7.421638E+20,-3.158183E+19,7.10582E+20
28.72672,7.421608E+20,-3.157112E+19,7.105897E+20
28.74299,7.421585E+20,-3.156107E+19,7.105974E+20
28.76013,7.421564E+20,-3.155055E+19,7.106059E+20
28.77624,7.42154E+20,-3.153897E+19,7.10615E+20
28.79263,7.421505E+20,-3.152848E+19,7.10622E+20
28.80932,7.421485E+20,-3.151801E+19,7.106305E+20
28.82598,7.421464E+20,-3.150777E+19,7.106386E+20
28.84248,7.42144E+20,-3.149727E+19,7.106468E+20
28.86062,7.421418E+20,-3.148558E+19,7.106563E+20
28.87845,7.421392E+20,-3.147494E+19,7.106642E+20
28.89579,7.421375E+20,-3.146476E+19,7.106727E+20
28.91274,7.421354E+20,-3.145479E+19,7.106807E+20
28.92996,7.421328E+20,-3.144483E+19,7.106879E+20
28.9465,7.421303E+20,-3.143586E+19,7.106945E+20
28.96391,7.421282E+20,-3.142716E+19,7.10701E+20
28.99024,7.42126E+20,-3.141183E+19,7.107142E+20
29.00839,7.421247E+20,-3.140164E+19,7.107231E+20
29.02596,7.421241E+20,-3.13929E+19,7.107312E+20
29.04296,7.421218E+20,-3.138356E+19,7.107382E+20
29.06217,7.421191E+20,-3.137326E+19,7.107458E+20
29.08043,7.421165E+20,-3.136313E+19,7.107534E+20
29.10726,7.421154E+20,-3.134833E+19,7.10767E+20
29.12448,7.421128E+20,-3.133973E+19,7.107731E+20
29.1415,7.421109E+20,-3.13311E+19,7.107798E+20
29.15848,7.421094E+20,-3.132223E+19,7.107872E+20
29.17778,7.421072E+20,-3.131309E+19,7.107941E+20
29.19797,7.421055E+20,-3.130403E+19,7.108015E+20
29.22505,7.421035E+20,-3.128983E+19,7.108137E+20
29.26308,7.420994E+20,-3.127191E+19,7.108275E+20
29.28368,7.420974E+20,-3.12646E+19,7.108328E+20
29.31844,7.42095E+20,-3.125054E+19,7.108444E+20
29.35104,7.420954E+20,-3.122896E+19,7.108665E+20
29.37303,7.421005E+20,-3.121816E+19,7.108823E+20
29.39511,7.420991E+20,-3.120763E+19,7.108914E+20
29.41362,7.420979E+20,-3.119823E+19,7.108996E+20
29.43979,7.420946E+20,-3.118549E+19,7.109092E+20
29.46233,7.420934E+20,-3.117515E+19,7.109182E+20
29.48202,7.420917E+20,-3.11654E+19,7.109263E+20
29.5068,7.420894E+20,-3.115308E+19,7.109363E+20
29.52747,7.420875E+20,-3.114409E+19,7.109434E+20
29.54559,7.420868E+20,-3.113613E+19,7.109506E+20
29.56471,7.420856E+20,-3.112683E+19,7.109587E+20
29.58969,7.420832E+20,-3.111539E+19,7.109678E+20
29.61071,7.420808E+20,-3.110808E+19,7.109728E+20
29.62902,7.420785E+20,-3.109827E+19,7.109802E+20
29.64729,7.420768E+20,-3.109013E+19,7.109867E+20
29.67355,7.420748E+20,-3.108277E+19,7.10992E+20
29.69365,7.420754E+20,-3.107069E+19,7.110047E+20
29.71164,7.420799E+20,-3.106259E+19,7.110173E+20
29.7295,7.420794E+20,-3.105525E+19,7.110242E+20
29.74909,7.420782E+20,-3.104844E+19,7.110297E+20
29.77265,7.420775E+20,-3.103535E+19,7.110422E+20
29.79482,7.420798E+20,-3.102642E+19,7.110534E+20
29.81258,7.420776E+20,-3.101993E+19,7.110577E+20
29.83168,7.420754E+20,-3.101162E+19,7.110638E+20
29.8603,7.420738E+20,-3.099977E+19,7.11074E+20
29.88061,7.420726E+20,-3.099214E+19,7.110805E+20
29.90667,7.420716E+20,-3.098254E+19,7.11089E+20
29.93147,7.420701E+20,-3.097218E+19,7.11098E+20
29.96423,7.420672E+20,-3.096032E+19,7.111068E+20
29.99217,7.420656E+20,-3.095063E+19,7.111149E+20
30.01506,7.420642E+20,-3.094369E+19,7.111205E+20
30.04089,7.420624E+20,-3.093622E+19,7.111262E+20
30.06402,7.420616E+20,-3.093021E+19,7.111313E+20
30.09038,7.420608E+20,-3.091979E+19,7.11141E+20
30.112,7.420592E+20,-3.091291E+19,7.111463E+20
30.13119,7.420585E+20,-3.090672E+19,7.111518E+20
30.15908,7.420583E+20,-3.089834E+19,7.1116E+20
30.17994,7.420559E+20,-3.089225E+19,7.111637E+20
30.20723,7.420549E+20,-3.088524E+19,7.111696E+20
30.22677,7.420553E+20,-3.088092E+19,7.111744E+20
30.24472,7.420548E+20,-3.087618E+19,7.111786E+20
30.26213,7.420544E+20,-3.087261E+19,7.111818E+20
30.28054,7.420533E+20,-3.086781E+19,7.111855E+20
30.30714,7.420519E+20,-3.085936E+19,7.111925E+20
30.32927,7.420504E+20,-3.085324E+19,7.111972E+20
30.34816,7.42049E+20,-3.084809E+19,7.112009E+20
30.37422,7.420492E+20,-3.084159E+19,7.112077E+20
30.39522,7.420494E+20,-3.08373E+19,7.112121E+20
30.41323,7.420496E+20,-3.083451E+19,7.112151E+20
30.43119,7.4205E+20,-3.08395E+19,7.112105E+20
30.45694,7.420564E+20,-3.082821E+19,7.112282E+20
30.47769,7.420984E+20,-3.082288E+19,7.112754E+20
30.4961,7.420989E+20,-3.081954E+19,7.112793E+20
30.5151,7.420964E+20,-3.081295E+19,7.112835E+20
30.54026,7.420959E+20,-3.080724E+19,7.112887E+20
30.56095,7.420947E+20,-3.080248E+19,7.112922E+20
30.57869,7.420944E+20,-3.079913E+19,7.112952E+20
30.5971,7.420944E+20,-3.079606E+19,7.112984E+20
30.62473,7.420954E+20,-3.079185E+19,7.113035E+20
30.64663,7.420956E+20,-3.078732E+19,7.113083E+20
30.66511,7.420958E+20,-3.078372E+19,7.11312E+20
30.69131,7.420957E+20,-3.077962E+19,7.11316E+20
30.71359,7.42096E+20,-3.077668E+19,7.113193E+20
30.74082,7.42096E+20,-3.077326E+19,7.113227E+20
30.76372,7.420964E+20,-3.077013E+19,7.113263E+20
30.78961,7.420953E+20,-3.076518E+19,7.113301E+20
30.81518,7.420946E+20,-3.076187E+19,7.113328E+20
30.84058,7.420939E+20,-3.075837E+19,7.113355E+20
30.86223,7.420939E+20,-3.075563E+19,7.113382E+20
30.88076,7.420936E+20,-3.075383E+19,7.113398E+20
30.908,7.420952E+20,-3.075236E+19,7.113429E+20
30.9288,7.420952E+20,-3.075184E+19,7.113434E+20
30.947,7.420948E+20,-3.074997E+19,7.113448E+20
30.97761,7.420962E+20,-3.074832E+19,7.113479E+20
30.99786,7.420963E+20,-3.074745E+19,7.113488E+20
31.02372,7.420968E+20,-3.07474E+19,7.113494E+20
31.0449,7.420983E+20,-3.074631E+19,7.11352E+20
31.06815,7.420998E+20,-3.074611E+19,7.113538E+20
31.09633,7.420998E+20,-3.07457E+19,7.11354E+20
31.1243,7.420997E+20,-3.07446E+19,7.113551E+20
31.144,7.420998E+20,-3.074259E+19,7.113573E+20
31.15956,7.421006E+20,-3.074166E+19,7.11359E+20
31.1755,7.421014E+20,-3.074169E+19,7.113597E+20
31.1968,7.421024E+20,-3.074201E+19,7.113604E+20
31.22018,7.421031E+20,-3.074308E+19,7.1136E+20
31.24338,7.421041E+20,-3.074562E+19,7.113584E+20
31.28292,7.421086E+20,-3.074841E+19,7.113602E+20
31.30696,7.421094E+20,-3.075175E+19,7.113576E+20
31.32753,7.421095E+20,-3.075337E+19,7.113561E+20
31.34566,7.421138E+20,-3.07525E+19,7.113614E+20
31.36306,7.421183E+20,-3.07549E+19,7.113635E+20
31.50594,7.421276E+20,-3.076386E+19,7.113638E+20
31.56482,7.421338E+20,-3.07705E+19,7.113633E+20
31.61831,7.421361E+20,-3.078129E+19,7.113549E+20
31.67256,7.42141E+20,-3.078837E+19,7.113526E+20
31.73467,7.421462E+20,-3.079996E+19,7.113462E+20
31.76229,7.421491E+20,-3.080661E+19,7.113425E+20
31.81367,7.421523E+20,-3.081991E+19,7.113324E+20
31.84268,7.421551E+20,-3.082769E+19,7.113274E+20
31.87386,7.421582E+20,-3.083612E+19,7.11322E+20
31.89585,7.421592E+20,-3.084305E+19,7.113162E+20
31.91358,7.421604E+20,-3.084692E+19,7.113134E+20
31.94123,7.421637E+20,-3.085404E+19,7.113097E+20
31.97114,7.421659E+20,-3.086077E+19,7.113051E+20
32.00535,7.421685E+20,-3.08694E+19,7.112991E+20
32.02877,7.421701E+20,-3.087636E+19,7.112937E+20
32.04982,7.421725E+20,-3.088207E+19,7.112904E+20
32.0732,7.421736E+20,-3.088724E+19,7.112864E+20
32.09671,7.421745E+20,-3.089421E+19,7.112803E+20
32.12244,7.421777E+20,-3.090423E+19,7.112735E+20
32.14995,7.421832E+20,-3.091003E+19,7.112731E+20
32.17601,7.421924E+20,-3.091709E+19,7.112753E+20
32.19707,7.42194E+20,-3.092429E+19,7.112697E+20
32.22425,7.421962E+20,-3.093407E+19,7.112621E+20
32.24202,7.421981E+20,-3.09386E+19,7.112595E+20
32.2608,7.422E+20,-3.094373E+19,7.112563E+20
32.29089,7.422038E+20,-3.095475E+19,7.112491E+20
32.3132,7.422069E+20,-3.09634E+19,7.112436E+20
32.34002,7.422085E+20,-3.097293E+19,7.112355E+20
32.35875,7.422102E+20,-3.098198E+19,7.112283E+20
32.37603,7.422132E+20,-3.098747E+19,7.112258E+20
32.39291,7.422149E+20,-3.099486E+19,7.112201E+20
32.40985,7.422169E+20,-3.099893E+19,7.11218E+20
32.42696,7.422189E+20,-3.100511E+19,7.112138E+20
32.44533,7.422212E+20,-3.101345E+19,7.112077E+20
32.46478,7.422231E+20,-3.101907E+19,7.112039E+20
32.48983,7.422288E+20,-3.102852E+19,7.112002E+20
32.50802,7.422312E+20,-3.103634E+19,7.111949E+20
32.5258,7.422326E+20,-3.104213E+19,7.111904E+20
32.54419,7.422346E+20,-3.10496E+19,7.11185E+20
32.56235,7.422365E+20,-3.105687E+19,7.111796E+20
32.5799,7.422385E+20,-3.106422E+19,7.111743E+20
32.60658,7.422414E+20,-3.107447E+19,7.111669E+20
32.62485,7.42243E+20,-3.10826E+19,7.111604E+20
32.64228,7.422445E+20,-3.109041E+19,7.111541E+20
32.66092,7.422466E+20,-3.10984E+19,7.111481E+20
32.67841,7.422495E+20,-3.110566E+19,7.111439E+20
32.69664,7.422524E+20,-3.111373E+19,7.111386E+20
32.723,7.42254E+20,-3.112911E+19,7.111249E+20
32.74077,7.422566E+20,-3.113439E+19,7.111222E+20
32.7602,7.422596E+20,-3.114156E+19,7.11118E+20
32.78247,7.422606E+20,-3.115143E+19,7.111092E+20
32.80671,7.422631E+20,-3.116224E+19,7.111009E+20
32.82724,7.42265E+20,-3.11728E+19,7.110922E+20
32.84683,7.422677E+20,-3.118199E+19,7.110857E+20
32.87456,7.422711E+20,-3.119511E+19,7.11076E+20
32.89513,7.422717E+20,-3.120432E+19,7.110674E+20
32.91306,7.422735E+20,-3.122525E+19,7.110483E+20
32.9446,7.425877E+20,-3.122873E+19,7.11359E+20
33.05096,7.483909E+20,-3.12505E+19,7.171405E+20
33.07912,7.483947E+20,-3.126447E+19,7.171303E+20
33.09781,7.483977E+20,-3.127075E+19,7.17127E+20
33.12273,7.484022E+20,-3.127965E+19,7.171225E+20
33.14515,7.484046E+20,-3.129142E+19,7.171132E+20
33.16246,7.48407E+20,-3.12989E+19,7.171081E+20
33.18906,7.484109E+20,-3.131248E+19,7.170984E+20
33.20933,7.484137E+20,-3.132244E+19,7.170912E+20
33.22642,7.484171E+20,-3.133138E+19,7.170857E+20
33.24344,7.484191E+20,-3.134087E+19,7.170782E+20
33.26237,7.484223E+20,-3.13518E+19,7.170705E+20
33.2898,7.484264E+20,-3.136822E+19,7.170582E+20
33.30821,7.484294E+20,-3.137823E+19,7.170512E+20
33.32603,7.48432E+20,-3.13889E+19,7.170431E+20
33.34441,7.484351E+20,-3.140067E+19,7.170345E+20
33.36211,7.484362E+20,-3.141164E+19,7.170246E+20
33.37858,7.484408E+20,-3.14201E+19,7.170207E+20
33.39529,7.484439E+20,-3.143028E+19,7.170137E+20
33.41171,7.484468E+20,-3.144192E+19,7.170049E+20
33.42799,7.484498E+20,-3.144438E+19,7.170054E+20
33.44431,7.484605E+20,-3.145132E+19,7.170092E+20
33.46159,7.484634E+20,-3.145989E+19,7.170035E+20
33.47859,7.484666E+20,-3.146923E+19,7.169973E+20
33.49559,7.484686E+20,-3.147864E+19,7.169899E+20
33.51189,7.484721E+20,-3.14886E+19,7.169835E+20
33.52946,7.484748E+20,-3.149834E+19,7.169765E+20
33.54647,7.484779E+20,-3.150785E+19,7.1697E+20
33.57221,7.484819E+20,-3.152223E+19,7.169597E+20
33.59306,7.484855E+20,-3.153385E+19,7.169516E+20
33.61096,7.484881E+20,-3.154492E+19,7.169432E+20
33.62768,7.484904E+20,-3.155466E+19,7.169358E+20
33.64456,7.484929E+20,-3.156337E+19,7.169296E+20
33.66155,7.484955E+20,-3.157267E+19,7.169228E+20
33.67803,7.484992E+20,-3.158029E+19,7.169189E+20
33.69491,7.485018E+20,-3.158894E+19,7.169129E+20
33.71132,7.485044E+20,-3.159775E+19,7.169066E+20
33.72816,7.485074E+20,-3.16065E+19,7.169009E+20
33.7448,7.485083E+20,-3.161491E+19,7.168934E+20
33.76244,7.485104E+20,-3.162321E+19,7.168871E+20
33.78839,7.485147E+20,-3.163851E+19,7.168762E+20
33.80713,7.485189E+20,-3.164918E+19,7.168697E+20
33.82428,7.485208E+20,-3.165979E+19,7.16861E+20
33.84153,7.485236E+20,-3.167096E+19,7.168527E+20
33.85871,7.485267E+20,-3.168166E+19,7.16845E+20
33.87667,7.48529E+20,-3.169213E+19,7.168369E+20
33.89337,7.48531E+20,-3.170215E+19,7.168289E+20
33.91422,7.485343E+20,-3.171404E+19,7.168202E+20
33.93895,7.485395E+20,-3.172962E+19,7.168099E+20
33.96065,7.485422E+20,-3.174232E+19,7.167998E+20
33.97831,7.485446E+20,-3.175194E+19,7.167927E+20
33.99528,7.485484E+20,-3.176135E+19,7.16787E+20
34.02494,7.485547E+20,-3.177892E+19,7.167757E+20
34.0451,7.485573E+20,-3.178968E+19,7.167676E+20
34.06169,7.485594E+20,-3.179589E+19,7.167635E+20
34.07881,7.485624E+20,-3.180595E+19,7.167564E+20
34.09561,7.485658E+20,-3.181337E+19,7.167525E+20
34.11237,7.485682E+20,-3.182056E+19,7.167477E+20
34.12893,7.485721E+20,-3.183076E+19,7.167413E+20
34.14524,7.485743E+20,-3.183564E+19,7.167386E+20
34.16208,7.485768E+20,-3.184396E+19,7.167328E+20
34.18931,7.485831E+20,-3.185904E+19,7.16724E+20
34.20804,7.485859E+20,-3.186769E+19,7.167182E+20
34.22496,7.48588E+20,-3.188146E+19,7.167065E+20
34.24124,7.485937E+20,-3.188657E+19,7.167072E+20
34.25949,7.485983E+20,-3.189069E+19,7.167076E+20
34.27896,7.486013E+20,-3.189942E+19,7.167019E+20
34.305,7.486044E+20,-3.191416E+19,7.166903E+20
34.32441,7.486082E+20,-3.192425E+19,7.166839E+20
34.34486,7.486118E+20,-3.19332E+19,7.166786E+20
34.36164,7.486139E+20,-3.194133E+19,7.166726E+20
34.37836,7.486167E+20,-3.195013E+19,7.166665E+20
34.39492,7.486193E+20,-3.195984E+19,7.166594E+20
34.41182,7.486216E+20,-3.196926E+19,7.166523E+20
34.42825,7.486254E+20,-3.197847E+19,7.16647E+20
34.44489,7.486283E+20,-3.198585E+19,7.166425E+20
34.4616,7.486325E+20,-3.199617E+19,7.166363E+20
34.47885,7.486346E+20,-3.200561E+19,7.16629E+20
34.49486,7.486367E+20,-3.201433E+19,7.166224E+20
34.51138,7.486398E+20,-3.202421E+19,7.166156E+20
34.52938,7.486444E+20,-3.203371E+19,7.166107E+20
34.54656,7.486479E+20,-3.204192E+19,7.166059E+20
34.57642,7.486543E+20,-3.205792E+19,7.165964E+20
34.60125,7.48659E+20,-3.206878E+19,7.165902E+20
34.62373,7.486617E+20,-3.207828E+19,7.165834E+20
34.6407,7.48664E+20,-3.208606E+19,7.165779E+20
34.6593,7.48666E+20,-3.209592E+19,7.165701E+20
34.6762,7.486682E+20,-3.210452E+19,7.165637E+20
34.69466,7.4867E+20,-3.211319E+19,7.165568E+20
34.71165,7.486728E+20,-3.212224E+19,7.165505E+20
34.73008,7.486762E+20,-3.213279E+19,7.165435E+20
34.74606,7.486795E+20,-3.21464E+19,7.16533E+20
34.77691,7.486916E+20,-3.216149E+19,7.165301E+20
34.79976,7.487042E+20,-3.217272E+19,7.165315E+20
34.82406,7.48707E+20,-3.218311E+19,7.165239E+20
34.84225,7.487099E+20,-3.219178E+19,7.165181E+20
34.86102,7.487118E+20,-3.220159E+19,7.165102E+20
34.88001,7.487163E+20,-3.221124E+19,7.165051E+20
34.89536,7.487187E+20,-3.22203E+19,7.164984E+20
34.91391,7.487214E+20,-3.222948E+19,7.164919E+20
34.93851,7.48725E+20,-3.223986E+19,7.164851E+20
34.95782,7.487272E+20,-3.225037E+19,7.164769E+20
34.97485,7.48731E+20,-3.225933E+19,7.164716E+20
34.9935,7.487348E+20,-3.227144E+19,7.164633E+20
35.01398,7.487388E+20,-3.228446E+19,7.164543E+20
35.02952,7.487403E+20,-3.229257E+19,7.164477E+20
35.05924,7.487455E+20,-3.230709E+19,7.164384E+20
35.08132,7.487508E+20,-3.232047E+19,7.164304E+20
35.10563,7.487561E+20,-3.23334E+19,7.164227E+20
35.12761,7.487608E+20,-3.234395E+19,7.164169E+20
35.14683,7.487643E+20,-3.235629E+19,7.16408E+20
35.16254,7.48766E+20,-3.236368E+19,7.164023E+20
35.19838,7.487728E+20,-3.238503E+19,7.163878E+20
