3.491327E+19,-8.930081E+19,-5.438754E+19
3.491327E+19,-8.930081E+19,-5.438754E+19
3.491315E+19,-8.929979E+19,-5.438664E+19
3.508768E+19,-8.919561E+19,-5.410793E+19
3.555181E+19,-8.911682E+19,-5.356501E+19
3.564726E+19,-8.909716E+19,-5.34499E+19
3.576218E+19,-8.906756E+19,-5.330537E+19
3.61237E+19,-8.904833E+19,-5.292463E+19
3.657531E+19,-8.902569E+19,-5.245038E+19
3.797529E+19,-8.899732E+19,-5.102203E+19
3.799684E+19,-8.897877E+19,-5.098193E+19
3.826267E+19,-8.894818E+19,-5.068551E+19
3.827769E+19,-8.890966E+19,-5.063197E+19
3.83379E+19,-8.889977E+19,-5.056187E+19
3.837545E+19,-8.886107E+19,-5.048562E+19
3.841955E+19,-8.882462E+19,-5.040507E+19
3.858905E+19,-8.877721E+19,-5.018815E+19
3.863425E+19,-8.875275E+19,-5.011849E+19
3.866989E+19,-8.872394E+19,-5.005404E+19
3.874446E+19,-8.86879E+19,-4.994344E+19
3.892849E+19,-8.865656E+19,-4.972807E+19
3.915636E+19,-8.862474E+19,-4.946838E+19
3.923294E+19,-8.859007E+19,-4.935713E+19
3.934268E+19,-8.854228E+19,-4.91996E+19
3.93473E+19,-8.850911E+19,-4.916181E+19
3.936939E+19,-8.848046E+19,-4.911107E+19
3.937582E+19,-8.844471E+19,-4.906888E+19
3.945369E+19,-8.839995E+19,-4.894626E+19
3.963753E+19,-8.83613E+19,-4.872378E+19
3.964097E+19,-8.830897E+19,-4.8668E+19
3.97071E+19,-8.828007E+19,-4.857297E+19
3.979007E+19,-8.822942E+19,-4.843935E+19
3.988599E+19,-8.819592E+19,-4.830993E+19
3.998629E+19,-8.815689E+19,-4.81706E+19
4.00093E+19,-8.812614E+19,-4.811684E+19
4.003661E+19,-8.807198E+19,-4.803537E+19
4.006535E+19,-8.8026E+19,-4.796065E+19
4.004354E+19,-8.798591E+19,-4.794237E+19
4.002607E+19,-8.794015E+19,-4.791408E+19
4.000183E+19,-8.788201E+19,-4.788018E+19
3.997648E+19,-8.783271E+19,-4.785623E+19
3.995932E+19,-8.778713E+19,-4.782781E+19
3.996529E+19,-8.773571E+19,-4.777041E+19
3.995168E+19,-8.76814E+19,-4.772972E+19
3.994239E+19,-8.763344E+19,-4.769106E+19
3.996098E+19,-8.759189E+19,-4.763091E+19
4.000385E+19,-8.753904E+19,-4.753519E+19
3.997594E+19,-8.749031E+19,-4.751437E+19
3.995987E+19,-8.743643E+19,-4.747656E+19
3.994442E+19,-8.738969E+19,-4.744527E+19
3.993034E+19,-8.734567E+19,-4.741533E+19
3.995066E+19,-8.729421E+19,-4.734355E+19
3.993655E+19,-8.725566E+19,-4.731911E+19
3.991424E+19,-8.721058E+19,-4.729634E+19
3.992034E+19,-8.715481E+19,-4.723447E+19
3.996559E+19,-8.710322E+19,-4.713763E+19
4.013725E+19,-8.705251E+19,-4.691526E+19
4.012269E+19,-8.699353E+19,-4.687083E+19
4.009146E+19,-8.693944E+19,-4.684798E+19
4.011666E+19,-8.686782E+19,-4.675116E+19
4.018243E+19,-8.681379E+19,-4.663136E+19
4.015299E+19,-8.674575E+19,-4.659276E+19
4.019721E+19,-8.668109E+19,-4.648388E+19
4.030888E+19,-8.660431E+19,-4.629543E+19
4.029764E+19,-8.654646E+19,-4.624881E+19
4.029835E+19,-8.648746E+19,-4.618912E+19
4.028685E+19,-8.642607E+19,-4.613922E+19
4.027011E+19,-8.637281E+19,-4.61027E+19
4.025238E+19,-8.632759E+19,-4.607522E+19
4.023635E+19,-8.626532E+19,-4.602897E+19
4.022136E+19,-8.620987E+19,-4.598851E+19
4.020799E+19,-8.615132E+19,-4.594333E+19
4.018881E+19,-8.609242E+19,-4.590361E+19
4.016878E+19,-8.603066E+19,-4.586188E+19
4.015977E+19,-8.598432E+19,-4.582455E+19
4.016512E+19,-8.591508E+19,-4.574997E+19
4.013521E+19,-8.585812E+19,-4.572291E+19
4.010455E+19,-8.578944E+19,-4.568488E+19
4.008039E+19,-8.570895E+19,-4.562856E+19
4.00601E+19,-8.564541E+19,-4.558531E+19
4.004097E+19,-8.557984E+19,-4.553886E+19
4.000405E+19,-8.550859E+19,-4.550453E+19
3.997099E+19,-8.544275E+19,-4.547176E+19
3.994945E+19,-8.537656E+19,-4.542711E+19
3.99188E+19,-8.53063E+19,-4.53875E+19
3.990164E+19,-8.523368E+19,-4.533204E+19
3.987919E+19,-8.516786E+19,-4.528867E+19
3.984879E+19,-8.509913E+19,-4.525034E+19
3.983645E+19,-8.503476E+19,-4.519831E+19
3.984012E+19,-8.49692E+19,-4.512908E+19
3.982395E+19,-8.490109E+19,-4.507714E+19
3.98069E+19,-8.483075E+19,-4.502385E+19
3.978722E+19,-8.476186E+19,-4.497464E+19
3.975783E+19,-8.468219E+19,-4.492436E+19
3.971388E+19,-8.458941E+19,-4.487553E+19
3.967434E+19,-8.45031E+19,-4.482876E+19
3.965558E+19,-8.442827E+19,-4.477269E+19
3.964369E+19,-8.435613E+19,-4.471245E+19
3.962172E+19,-8.426953E+19,-4.464781E+19
3.959243E+19,-8.419419E+19,-4.460176E+19
3.95614E+19,-8.410728E+19,-4.454588E+19
3.953618E+19,-8.402842E+19,-4.449224E+19
3.950788E+19,-8.393831E+19,-4.443043E+19
3.948259E+19,-8.38604E+19,-4.437782E+19
3.945044E+19,-8.374648E+19,-4.429604E+19
3.942905E+19,-8.365961E+19,-4.423056E+19
3.941459E+19,-8.356847E+19,-4.415388E+19
3.939514E+19,-8.3479E+19,-4.408387E+19
3.937383E+19,-8.338805E+19,-4.401422E+19
3.932446E+19,-8.320093E+19,-4.387648E+19
3.931005E+19,-8.314821E+19,-4.383816E+19
3.928541E+19,-8.30632E+19,-4.377779E+19
3.926016E+19,-8.295842E+19,-4.369826E+19
3.922462E+19,-8.281124E+19,-4.358662E+19
3.919032E+19,-8.269516E+19,-4.350484E+19
3.916744E+19,-8.259573E+19,-4.342829E+19
3.913911E+19,-8.248407E+19,-4.334496E+19
3.911344E+19,-8.238154E+19,-4.32681E+19
3.908905E+19,-8.227317E+19,-4.318412E+19
3.905562E+19,-8.215306E+19,-4.309744E+19
3.902191E+19,-8.204432E+19,-4.302241E+19
3.899472E+19,-8.194056E+19,-4.294584E+19
3.89716E+19,-8.18292E+19,-4.28576E+19
3.89657E+19,-8.172393E+19,-4.275823E+19
3.897762E+19,-8.161038E+19,-4.263276E+19
3.895253E+19,-8.147122E+19,-4.251869E+19
3.892291E+19,-8.132756E+19,-4.240465E+19
3.894498E+19,-8.121985E+19,-4.227487E+19
3.901875E+19,-8.10857E+19,-4.206695E+19
3.899334E+19,-8.096981E+19,-4.197647E+19
3.896826E+19,-8.083165E+19,-4.18634E+19
3.89424E+19,-8.072139E+19,-4.177899E+19
3.891341E+19,-8.060441E+19,-4.169099E+19
3.887669E+19,-8.048842E+19,-4.161173E+19
3.883982E+19,-8.036732E+19,-4.15275E+19
3.8805E+19,-8.02404E+19,-4.14354E+19
3.877429E+19,-8.010748E+19,-4.133319E+19
3.874234E+19,-7.996589E+19,-4.122355E+19
3.871663E+19,-7.985473E+19,-4.11381E+19
3.867959E+19,-7.971937E+19,-4.103978E+19
3.864487E+19,-7.959826E+19,-4.09534E+19
3.861709E+19,-7.947811E+19,-4.086102E+19
3.858984E+19,-7.935381E+19,-4.076397E+19
3.856332E+19,-7.923347E+19,-4.067016E+19
3.853685E+19,-7.910904E+19,-4.057219E+19
3.850898E+19,-7.897839E+19,-4.046941E+19
3.848217E+19,-7.885718E+19,-4.037501E+19
3.844738E+19,-7.870746E+19,-4.026008E+19
3.84125E+19,-7.855537E+19,-4.014287E+19
3.838691E+19,-7.844441E+19,-4.00575E+19
3.835775E+19,-7.831704E+19,-3.995929E+19
3.84846E+19,-7.818172E+19,-3.969713E+19
3.879333E+19,-7.805971E+19,-3.926638E+19
3.878213E+19,-7.794436E+19,-3.916223E+19
3.875721E+19,-7.782455E+19,-3.906734E+19
3.873204E+19,-7.771222E+19,-3.898017E+19
3.87123E+19,-7.759767E+19,-3.888537E+19
3.86938E+19,-7.748349E+19,-3.878969E+19
3.86729E+19,-7.736957E+19,-3.869667E+19
3.865377E+19,-7.723725E+19,-3.858348E+19
3.862612E+19,-7.712188E+19,-3.849576E+19
3.860204E+19,-7.698087E+19,-3.837883E+19
3.859739E+19,-7.682983E+19,-3.823243E+19
3.856695E+19,-7.671174E+19,-3.814479E+19
3.853337E+19,-7.65869E+19,-3.805354E+19
3.850089E+19,-7.646569E+19,-3.796479E+19
3.847638E+19,-7.635193E+19,-3.787555E+19
3.845163E+19,-7.623397E+19,-3.778234E+19
3.842852E+19,-7.612076E+19,-3.769225E+19
3.840603E+19,-7.600911E+19,-3.760307E+19
3.837726E+19,-7.589467E+19,-3.751741E+19
3.834846E+19,-7.577589E+19,-3.742742E+19
3.832406E+19,-7.566141E+19,-3.733735E+19
3.830206E+19,-7.55527E+19,-3.725064E+19
3.827849E+19,-7.544035E+19,-3.716187E+19
3.825367E+19,-7.533066E+19,-3.707699E+19
3.822808E+19,-7.521786E+19,-3.698978E+19
3.820533E+19,-7.510551E+19,-3.690018E+19
3.8185E+19,-7.499499E+19,-3.680999E+19
3.816435E+19,-7.487925E+19,-3.67149E+19
3.81353E+19,-7.474996E+19,-3.661467E+19
3.811112E+19,-7.464034E+19,-3.652922E+19
3.808685E+19,-7.452495E+19,-3.643811E+19
3.80627E+19,-7.441631E+19,-3.635361E+19
3.803811E+19,-7.430287E+19,-3.626476E+19
3.801178E+19,-7.419304E+19,-3.618126E+19
3.797984E+19,-7.408304E+19,-3.61032E+19
3.795065E+19,-7.397349E+19,-3.602284E+19
3.792436E+19,-7.387147E+19,-3.594711E+19
3.790066E+19,-7.376317E+19,-3.586251E+19
3.787798E+19,-7.365333E+19,-3.577535E+19
3.785533E+19,-7.354439E+19,-3.568906E+19
3.786611E+19,-7.343349E+19,-3.556738E+19
3.784548E+19,-7.332731E+19,-3.548183E+19
3.783185E+19,-7.321658E+19,-3.538473E+19
3.780203E+19,-7.310386E+19,-3.530183E+19
3.776381E+19,-7.296624E+19,-3.520243E+19
3.773277E+19,-7.283879E+19,-3.510603E+19
3.797161E+19,-7.272582E+19,-3.475421E+19
3.852555E+19,-7.261948E+19,-3.409393E+19
3.849956E+19,-7.251327E+19,-3.401371E+19
3.847228E+19,-7.240487E+19,-3.39326E+19
3.844893E+19,-7.230179E+19,-3.385285E+19
3.84259E+19,-7.218332E+19,-3.375742E+19
3.840581E+19,-7.207892E+19,-3.367311E+19
3.838157E+19,-7.197278E+19,-3.359121E+19
3.835267E+19,-7.185832E+19,-3.350566E+19
3.832894E+19,-7.175033E+19,-3.342139E+19
3.832737E+19,-7.162971E+19,-3.330234E+19
3.830838E+19,-7.154202E+19,-3.323364E+19
3.828709E+19,-7.143987E+19,-3.315278E+19
3.826381E+19,-7.130293E+19,-3.303912E+19
3.82556E+19,-7.118601E+19,-3.29304E+19
3.824062E+19,-7.108224E+19,-3.284163E+19
3.821213E+19,-7.097988E+19,-3.276776E+19
3.818724E+19,-7.086795E+19,-3.268071E+19
3.816118E+19,-7.076537E+19,-3.260419E+19
3.812655E+19,-7.06359E+19,-3.250935E+19
3.809944E+19,-7.053811E+19,-3.243867E+19
3.806832E+19,-7.040666E+19,-3.233834E+19
3.804825E+19,-7.029469E+19,-3.224644E+19
3.803377E+19,-7.019865E+19,-3.216489E+19
3.800914E+19,-7.008719E+19,-3.207805E+19
3.798982E+19,-6.998922E+19,-3.199941E+19
3.797236E+19,-6.988609E+19,-3.191373E+19
3.794992E+19,-6.978783E+19,-3.183791E+19
3.792531E+19,-6.968867E+19,-3.176336E+19
3.790075E+19,-6.959304E+19,-3.169229E+19
3.787562E+19,-6.949655E+19,-3.162092E+19
3.785384E+19,-6.940423E+19,-3.155039E+19
3.783023E+19,-6.930735E+19,-3.147712E+19
3.780526E+19,-6.921383E+19,-3.140857E+19
3.778281E+19,-6.911429E+19,-3.133148E+19
3.776091E+19,-6.901571E+19,-3.12548E+19
3.773798E+19,-6.892074E+19,-3.118276E+19
3.771578E+19,-6.882105E+19,-3.110527E+19
3.769455E+19,-6.872837E+19,-3.103383E+19
3.767199E+19,-6.863029E+19,-3.095831E+19
3.765285E+19,-6.853786E+19,-3.088501E+19
3.763272E+19,-6.844097E+19,-3.080824E+19
3.761256E+19,-6.835152E+19,-3.073895E+19
3.759117E+19,-6.825621E+19,-3.066504E+19
3.756974E+19,-6.81593E+19,-3.058956E+19
3.754663E+19,-6.806293E+19,-3.05163E+19
3.752309E+19,-6.796843E+19,-3.044534E+19
3.749122E+19,-6.785859E+19,-3.036737E+19
3.747259E+19,-6.777128E+19,-3.02987E+19
3.745653E+19,-6.768131E+19,-3.022478E+19
3.743782E+19,-6.759151E+19,-3.01537E+19
3.742173E+19,-6.750057E+19,-3.007884E+19
3.740118E+19,-6.741448E+19,-3.00133E+19
3.738201E+19,-6.732687E+19,-2.994486E+19
3.736334E+19,-6.72333E+19,-2.986996E+19
3.734468E+19,-6.714388E+19,-2.97992E+19
3.732357E+19,-6.705394E+19,-2.973037E+19
3.730381E+19,-6.696698E+19,-2.966317E+19
3.728919E+19,-6.688039E+19,-2.95912E+19
3.726639E+19,-6.678974E+19,-2.952335E+19
3.724138E+19,-6.670089E+19,-2.945951E+19
3.721794E+19,-6.661409E+19,-2.939615E+19
3.719782E+19,-6.653141E+19,-2.933359E+19
3.717733E+19,-6.644131E+19,-2.926397E+19
3.716629E+19,-6.635506E+19,-2.918878E+19
3.715653E+19,-6.626588E+19,-2.910935E+19
3.713685E+19,-6.61803E+19,-2.904345E+19
3.711664E+19,-6.609734E+19,-2.898069E+19
3.709596E+19,-6.601758E+19,-2.892162E+19
3.7081E+19,-6.593349E+19,-2.885249E+19
3.707744E+19,-6.585093E+19,-2.877349E+19
3.705785E+19,-6.576377E+19,-2.870592E+19
3.704044E+19,-6.567814E+19,-2.86377E+19
3.702272E+19,-6.559258E+19,-2.856986E+19
3.700158E+19,-6.550905E+19,-2.850747E+19
3.698064E+19,-6.542806E+19,-2.844741E+19
3.696025E+19,-6.533239E+19,-2.837213E+19
3.694593E+19,-6.525491E+19,-2.830898E+19
3.692491E+19,-6.514488E+19,-2.821997E+19
3.691262E+19,-6.503882E+19,-2.81262E+19
3.69131E+19,-6.493452E+19,-2.802141E+19
3.686824E+19,-6.477683E+19,-2.790858E+19
3.684874E+19,-6.47049E+19,-2.785616E+19
3.678263E+19,-6.446062E+19,-2.767798E+19
3.675966E+19,-6.438065E+19,-2.762099E+19
3.673712E+19,-6.429839E+19,-2.756127E+19
3.671486E+19,-6.420937E+19,-2.749451E+19
3.66951E+19,-6.41261E+19,-2.7431E+19
3.667618E+19,-6.40415E+19,-2.736532E+19
3.66546E+19,-6.395762E+19,-2.730301E+19
3.664424E+19,-6.385707E+19,-2.721284E+19
3.663852E+19,-6.376665E+19,-2.712813E+19
3.661854E+19,-6.367295E+19,-2.705441E+19
3.659873E+19,-6.358976E+19,-2.699103E+19
3.657794E+19,-6.350617E+19,-2.692823E+19
3.656013E+19,-6.342486E+19,-2.686473E+19
3.653685E+19,-6.331436E+19,-2.677751E+19
3.651786E+19,-6.322729E+19,-2.670943E+19
3.649892E+19,-6.314547E+19,-2.664654E+19
3.647859E+19,-6.3071E+19,-2.659241E+19
3.645712E+19,-6.298901E+19,-2.65319E+19
3.64386E+19,-6.291252E+19,-2.647392E+19
3.64231E+19,-6.284203E+19,-2.641893E+19
3.640835E+19,-6.276435E+19,-2.6356E+19
3.638799E+19,-6.268913E+19,-2.630113E+19
3.636608E+19,-6.26145E+19,-2.624842E+19
3.633113E+19,-6.24831E+19,-2.615196E+19
3.631414E+19,-6.242001E+19,-2.610587E+19
3.629374E+19,-6.234339E+19,-2.604965E+19
3.627434E+19,-6.226884E+19,-2.599451E+19
3.625548E+19,-6.218997E+19,-2.593449E+19
3.623752E+19,-6.211516E+19,-2.587764E+19
3.621955E+19,-6.203926E+19,-2.581971E+19
3.619996E+19,-6.195769E+19,-2.575773E+19
3.617467E+19,-6.185562E+19,-2.568095E+19
3.61578E+19,-6.178858E+19,-2.563079E+19
3.614135E+19,-6.171904E+19,-2.557768E+19
3.612626E+19,-6.164959E+19,-2.552333E+19
3.611869E+19,-6.157444E+19,-2.545575E+19
3.61136E+19,-6.1498E+19,-2.53844E+19
3.609337E+19,-6.142816E+19,-2.533478E+19
3.607351E+19,-6.136171E+19,-2.528821E+19
3.605661E+19,-6.129188E+19,-2.523527E+19
3.60495E+19,-6.122674E+19,-2.517724E+19
3.605459E+19,-6.115479E+19,-2.51002E+19
3.603652E+19,-6.109016E+19,-2.505364E+19
3.601812E+19,-6.102439E+19,-2.500627E+19
3.600013E+19,-6.095672E+19,-2.495659E+19
3.598398E+19,-6.088989E+19,-2.490591E+19
3.596695E+19,-6.082369E+19,-2.485675E+19
3.594917E+19,-6.075433E+19,-2.480516E+19
3.592738E+19,-6.066686E+19,-2.473949E+19
3.591168E+19,-6.06049E+19,-2.469322E+19
3.589951E+19,-6.054087E+19,-2.464136E+19
3.589187E+19,-6.047423E+19,-2.458236E+19
3.587427E+19,-6.040483E+19,-2.453056E+19
3.585952E+19,-6.034031E+19,-2.448079E+19
3.584376E+19,-6.027948E+19,-2.443571E+19
3.582631E+19,-6.021421E+19,-2.43879E+19
3.580791E+19,-6.014685E+19,-2.433894E+19
3.578988E+19,-6.007469E+19,-2.428481E+19
3.577251E+19,-6.000449E+19,-2.423197E+19
3.575099E+19,-5.992009E+19,-2.41691E+19
3.573113E+19,-5.984552E+19,-2.411439E+19
3.571417E+19,-5.977734E+19,-2.406317E+19
3.569793E+19,-5.971158E+19,-2.401365E+19
3.567664E+19,-5.964431E+19,-2.396766E+19
3.565294E+19,-5.956465E+19,-2.391171E+19
3.563379E+19,-5.948316E+19,-2.384937E+19
3.561615E+19,-5.941459E+19,-2.379844E+19
3.559734E+19,-5.933532E+19,-2.373798E+19
3.558427E+19,-5.927578E+19,-2.369152E+19
3.556995E+19,-5.920846E+19,-2.363852E+19
3.55542E+19,-5.914781E+19,-2.359361E+19
3.553925E+19,-5.908743E+19,-2.354817E+19
3.552404E+19,-5.902627E+19,-2.350223E+19
3.550913E+19,-5.896547E+19,-2.345633E+19
3.549695E+19,-5.890439E+19,-2.340744E+19
3.548584E+19,-5.884215E+19,-2.335631E+19
3.547239E+19,-5.878251E+19,-2.331012E+19
3.545819E+19,-5.872528E+19,-2.32671E+19
3.544247E+19,-5.866718E+19,-2.32247E+19
3.54259E+19,-5.860743E+19,-2.318153E+19
3.540805E+19,-5.854295E+19,-2.31349E+19
3.539421E+19,-5.848525E+19,-2.309104E+19
3.538125E+19,-5.842151E+19,-2.304026E+19
3.536618E+19,-5.836286E+19,-2.299668E+19
3.535108E+19,-5.83023E+19,-2.295122E+19
3.533105E+19,-5.822355E+19,-2.28925E+19
3.531422E+19,-5.816127E+19,-2.284705E+19
3.529522E+19,-5.80923E+19,-2.279708E+19
3.528112E+19,-5.803316E+19,-2.275204E+19
3.527057E+19,-5.797545E+19,-2.270488E+19
3.525732E+19,-5.791754E+19,-2.266022E+19
3.524367E+19,-5.787299E+19,-2.262932E+19
3.522963E+19,-5.780571E+19,-2.257608E+19
3.521651E+19,-5.774811E+19,-2.25316E+19
3.520234E+19,-5.768824E+19,-2.248589E+19
3.518665E+19,-5.762969E+19,-2.244305E+19
3.517092E+19,-5.756705E+19,-2.239613E+19
3.515606E+19,-5.750993E+19,-2.235388E+19
3.514105E+19,-5.745167E+19,-2.231062E+19
3.512675E+19,-5.739664E+19,-2.226989E+19
3.511371E+19,-5.734434E+19,-2.223063E+19
3.509905E+19,-5.728955E+19,-2.219051E+19
3.508234E+19,-5.723558E+19,-2.215324E+19
3.506696E+19,-5.71814E+19,-2.211444E+19
3.505507E+19,-5.712766E+19,-2.207259E+19
3.504139E+19,-5.707235E+19,-2.203095E+19
3.502376E+19,-5.701205E+19,-2.19883E+19
3.500894E+19,-5.695946E+19,-2.195052E+19
3.499472E+19,-5.690427E+19,-2.190955E+19
3.498154E+19,-5.684832E+19,-2.186678E+19
3.496956E+19,-5.67951E+19,-2.182554E+19
3.495449E+19,-5.673322E+19,-2.177873E+19
3.494065E+19,-5.668294E+19,-2.174229E+19
3.492195E+19,-5.663013E+19,-2.170818E+19
3.490511E+19,-5.658269E+19,-2.167758E+19
3.489177E+19,-5.652606E+19,-2.163429E+19
3.487843E+19,-5.647271E+19,-2.159428E+19
3.486506E+19,-5.642231E+19,-2.155725E+19
3.485211E+19,-5.636469E+19,-2.151258E+19
3.483948E+19,-5.630948E+19,-2.147E+19
3.482717E+19,-5.625557E+19,-2.14284E+19
3.48123E+19,-5.620059E+19,-2.138829E+19
3.479823E+19,-5.61473E+19,-2.134906E+19
3.478559E+19,-5.609635E+19,-2.131076E+19
3.476893E+19,-5.602125E+19,-2.125231E+19
3.47571E+19,-5.596903E+19,-2.121193E+19
3.474275E+19,-5.590648E+19,-2.116373E+19
3.472817E+19,-5.585459E+19,-2.112642E+19
3.471505E+19,-5.580035E+19,-2.10853E+19
3.470343E+19,-5.575058E+19,-2.104715E+19
3.469063E+19,-5.57004E+19,-2.100977E+19
3.467775E+19,-5.565033E+19,-2.097258E+19
3.46648E+19,-5.559897E+19,-2.093417E+19
3.465053E+19,-5.554759E+19,-2.089706E+19
3.463615E+19,-5.550058E+19,-2.086443E+19
3.462363E+19,-5.545276E+19,-2.082914E+19
3.461364E+19,-5.540629E+19,-2.079266E+19
3.46026E+19,-5.535836E+19,-2.075576E+19
3.458924E+19,-5.530777E+19,-2.071853E+19
3.457353E+19,-5.525429E+19,-2.068076E+19
3.45595E+19,-5.520647E+19,-2.064697E+19
3.454615E+19,-5.515993E+19,-2.061378E+19
3.453317E+19,-5.511326E+19,-2.058009E+19
3.452149E+19,-5.506392E+19,-2.054244E+19
3.451025E+19,-5.501553E+19,-2.050528E+19
3.449944E+19,-5.49684E+19,-2.046897E+19
3.448875E+19,-5.49219E+19,-2.043315E+19
3.447714E+19,-5.48762E+19,-2.039906E+19
3.446442E+19,-5.482969E+19,-2.036527E+19
3.445181E+19,-5.478638E+19,-2.033457E+19
3.443808E+19,-5.473736E+19,-2.029928E+19
3.442198E+19,-5.469001E+19,-2.026804E+19
3.440718E+19,-5.464275E+19,-2.023557E+19
3.4394E+19,-5.460253E+19,-2.020853E+19
3.437824E+19,-5.45519E+19,-2.017366E+19
3.436221E+19,-5.450419E+19,-2.014198E+19
3.434755E+19,-5.445179E+19,-2.010424E+19
3.433443E+19,-5.440577E+19,-2.007135E+19
3.432022E+19,-5.436169E+19,-2.004147E+19
3.430677E+19,-5.431621E+19,-2.000944E+19
3.429471E+19,-5.427309E+19,-1.997839E+19
3.428219E+19,-5.422833E+19,-1.994614E+19
3.427034E+19,-5.418276E+19,-1.991242E+19
3.426068E+19,-5.413881E+19,-1.987813E+19
3.425116E+19,-5.409413E+19,-1.984297E+19
3.423715E+19,-5.403491E+19,-1.979776E+19
3.422757E+19,-5.399024E+19,-1.976267E+19
3.421532E+19,-5.394105E+19,-1.972572E+19
3.420439E+19,-5.389664E+19,-1.969225E+19
3.419255E+19,-5.385377E+19,-1.966121E+19
3.418005E+19,-5.380933E+19,-1.962929E+19
3.416879E+19,-5.376661E+19,-1.959782E+19
3.415768E+19,-5.372274E+19,-1.956506E+19
3.414788E+19,-5.368125E+19,-1.953336E+19
3.413574E+19,-5.363999E+19,-1.950425E+19
3.412288E+19,-5.359369E+19,-1.947081E+19
3.411146E+19,-5.355105E+19,-1.943959E+19
3.409941E+19,-5.350764E+19,-1.940822E+19
3.408815E+19,-5.346538E+19,-1.937723E+19
3.407736E+19,-5.342144E+19,-1.934409E+19
3.407305E+19,-5.337633E+19,-1.930329E+19
3.408265E+19,-5.333174E+19,-1.924909E+19
3.407039E+19,-5.329728E+19,-1.92269E+19
3.405857E+19,-5.32348E+19,-1.917623E+19
3.405307E+19,-5.318646E+19,-1.913339E+19
3.404418E+19,-5.314603E+19,-1.910185E+19
3.403206E+19,-5.309959E+19,-1.906753E+19
3.40217E+19,-5.306054E+19,-1.903884E+19
3.401349E+19,-5.301922E+19,-1.900573E+19
3.400301E+19,-5.297745E+19,-1.897444E+19
3.399753E+19,-5.293937E+19,-1.894185E+19
3.399049E+19,-5.289408E+19,-1.890358E+19
3.397688E+19,-5.284415E+19,-1.886727E+19
3.396797E+19,-5.280796E+19,-1.884E+19
3.395995E+19,-5.276782E+19,-1.880787E+19
3.395047E+19,-5.273085E+19,-1.878038E+19
3.394051E+19,-5.269067E+19,-1.875016E+19
3.392907E+19,-5.263732E+19,-1.870825E+19
3.391822E+19,-5.259478E+19,-1.867656E+19
3.390898E+19,-5.255569E+19,-1.864671E+19
3.389992E+19,-5.25177E+19,-1.861778E+19
3.388963E+19,-5.248185E+19,-1.859222E+19
3.387956E+19,-5.244491E+19,-1.856535E+19
3.387237E+19,-5.240827E+19,-1.85359E+19
3.386597E+19,-5.237632E+19,-1.851035E+19
3.385869E+19,-5.234093E+19,-1.848224E+19
3.386661E+19,-5.230167E+19,-1.843506E+19
3.396335E+19,-5.22628E+19,-1.829944E+19
3.39551E+19,-5.222377E+19,-1.826867E+19
3.394792E+19,-5.219131E+19,-1.824339E+19
3.393928E+19,-5.215572E+19,-1.821644E+19
3.392937E+19,-5.212218E+19,-1.819281E+19
3.391904E+19,-5.208873E+19,-1.816969E+19
3.390879E+19,-5.205176E+19,-1.814297E+19
3.389936E+19,-5.201641E+19,-1.811704E+19
3.388892E+19,-5.198359E+19,-1.809467E+19
3.388016E+19,-5.195219E+19,-1.807202E+19
3.387474E+19,-5.192164E+19,-1.80469E+19
3.38689E+19,-5.188965E+19,-1.802074E+19
3.386582E+19,-5.185518E+19,-1.798937E+19
3.386897E+19,-5.182338E+19,-1.795441E+19
3.386103E+19,-5.179432E+19,-1.793329E+19
3.385199E+19,-5.176403E+19,-1.791204E+19
3.384357E+19,-5.173298E+19,-1.788941E+19
3.383681E+19,-5.169688E+19,-1.786006E+19
3.383077E+19,-5.166427E+19,-1.78335E+19
3.382341E+19,-5.163581E+19,-1.781239E+19
3.383864E+19,-5.161084E+19,-1.77722E+19
3.388584E+19,-5.157692E+19,-1.769108E+19
3.387744E+19,-5.154835E+19,-1.767091E+19
3.38687E+19,-5.152074E+19,-1.765204E+19
3.386475E+19,-5.149336E+19,-1.762861E+19
3.385892E+19,-5.146609E+19,-1.760717E+19
3.385263E+19,-5.144108E+19,-1.758844E+19
3.384664E+19,-5.141622E+19,-1.756958E+19
3.384153E+19,-5.139324E+19,-1.755171E+19
3.383676E+19,-5.136839E+19,-1.753163E+19
3.383215E+19,-5.134027E+19,-1.750812E+19
3.382734E+19,-5.131537E+19,-1.748803E+19
3.38213E+19,-5.128931E+19,-1.7468E+19
3.381389E+19,-5.126217E+19,-1.744828E+19
3.380619E+19,-5.123634E+19,-1.743014E+19
3.379945E+19,-5.121271E+19,-1.741325E+19
3.3796E+19,-5.119153E+19,-1.739554E+19
3.379291E+19,-5.116473E+19,-1.737182E+19
3.378732E+19,-5.114331E+19,-1.735599E+19
3.378189E+19,-5.11236E+19,-1.73417E+19
3.377811E+19,-5.110552E+19,-1.732741E+19
3.377486E+19,-5.108649E+19,-1.731163E+19
3.376917E+19,-5.106777E+19,-1.72986E+19
3.376335E+19,-5.105013E+19,-1.728679E+19
3.375961E+19,-5.103111E+19,-1.72715E+19
3.375676E+19,-5.101714E+19,-1.726038E+19
3.375035E+19,-5.099178E+19,-1.724143E+19
3.374559E+19,-5.097585E+19,-1.723027E+19
3.374095E+19,-5.095769E+19,-1.721674E+19
3.373519E+19,-5.094192E+19,-1.720673E+19
3.37301E+19,-5.092897E+19,-1.719887E+19
3.372558E+19,-5.091303E+19,-1.718744E+19
3.372273E+19,-5.089384E+19,-1.717111E+19
3.371812E+19,-5.087742E+19,-1.71593E+19
3.371262E+19,-5.086382E+19,-1.71512E+19
3.370844E+19,-5.085015E+19,-1.714172E+19
3.370678E+19,-5.08339E+19,-1.712712E+19
3.370365E+19,-5.081769E+19,-1.711403E+19
3.369822E+19,-5.08016E+19,-1.710338E+19
3.369415E+19,-5.078536E+19,-1.709121E+19
3.369257E+19,-5.076626E+19,-1.707369E+19
3.368289E+19,-5.075095E+19,-1.706806E+19
3.367629E+19,-5.073682E+19,-1.706053E+19
3.367048E+19,-5.071875E+19,-1.704827E+19
3.366435E+19,-5.069952E+19,-1.703518E+19
3.365937E+19,-5.06799E+19,-1.702052E+19
3.365379E+19,-5.066275E+19,-1.700896E+19
3.363823E+19,-5.062655E+19,-1.698832E+19
3.363024E+19,-5.060501E+19,-1.697477E+19
3.362393E+19,-5.058471E+19,-1.696078E+19
3.361681E+19,-5.056609E+19,-1.694928E+19
3.361315E+19,-5.055089E+19,-1.693774E+19
3.360794E+19,-5.053728E+19,-1.692935E+19
3.360151E+19,-5.051839E+19,-1.691689E+19
3.359564E+19,-5.050251E+19,-1.690687E+19
3.359048E+19,-5.048973E+19,-1.689924E+19
3.358642E+19,-5.047261E+19,-1.688619E+19
3.358227E+19,-5.045558E+19,-1.687331E+19
3.378756E+19,-5.043797E+19,-1.66504E+19
3.435724E+19,-5.042031E+19,-1.606307E+19
3.435302E+19,-5.040034E+19,-1.604732E+19
3.434782E+19,-5.037944E+19,-1.603162E+19
3.434412E+19,-5.036046E+19,-1.601634E+19
3.433781E+19,-5.033912E+19,-1.600131E+19
3.433138E+19,-5.032133E+19,-1.598996E+19
3.432513E+19,-5.030292E+19,-1.597778E+19
3.431923E+19,-5.028519E+19,-1.596596E+19
3.431281E+19,-5.026923E+19,-1.595642E+19
3.430493E+19,-5.024999E+19,-1.594506E+19
3.429964E+19,-5.023284E+19,-1.59332E+19
3.429379E+19,-5.021517E+19,-1.592138E+19
3.428762E+19,-5.019676E+19,-1.590914E+19
3.428152E+19,-5.017838E+19,-1.589686E+19
3.42769E+19,-5.015917E+19,-1.588227E+19
3.427034E+19,-5.014076E+19,-1.587043E+19
3.426415E+19,-5.012544E+19,-1.586129E+19
3.426076E+19,-5.010814E+19,-1.584738E+19
3.425682E+19,-5.009334E+19,-1.583653E+19
3.425059E+19,-5.007466E+19,-1.582407E+19
3.424635E+19,-5.005717E+19,-1.581082E+19
3.424072E+19,-5.003771E+19,-1.579699E+19
3.423456E+19,-5.002015E+19,-1.57856E+19
3.422999E+19,-5.000452E+19,-1.577453E+19
3.422487E+19,-4.998556E+19,-1.57607E+19
3.422209E+19,-4.997014E+19,-1.574805E+19
3.421647E+19,-4.995065E+19,-1.573418E+19
3.420756E+19,-4.993093E+19,-1.572337E+19
3.420115E+19,-4.990877E+19,-1.570763E+19
3.419241E+19,-4.988545E+19,-1.569303E+19
3.418441E+19,-4.986517E+19,-1.568077E+19
3.417699E+19,-4.98403E+19,-1.566331E+19
3.416726E+19,-4.981779E+19,-1.565053E+19
3.416064E+19,-4.97954E+19,-1.563475E+19
3.415612E+19,-4.977336E+19,-1.561724E+19
3.415343E+19,-4.975377E+19,-1.560034E+19
3.415352E+19,-4.973019E+19,-1.557667E+19
3.414887E+19,-4.970974E+19,-1.556087E+19
3.414319E+19,-4.969144E+19,-1.554825E+19
3.413247E+19,-4.966927E+19,-1.55368E+19
3.412376E+19,-4.964466E+19,-1.55209E+19
3.411811E+19,-4.962557E+19,-1.550747E+19
3.411329E+19,-4.960241E+19,-1.548912E+19
3.410455E+19,-4.957669E+19,-1.547214E+19
3.409572E+19,-4.955217E+19,-1.545644E+19
3.40898E+19,-4.95296E+19,-1.54398E+19
3.408494E+19,-4.95072E+19,-1.542226E+19
3.407803E+19,-4.948692E+19,-1.540889E+19
3.404205E+19,-4.940476E+19,-1.536272E+19
3.403241E+19,-4.938518E+19,-1.535278E+19
3.402312E+19,-4.936355E+19,-1.534043E+19
3.401697E+19,-4.933728E+19,-1.532031E+19
3.401381E+19,-4.931503E+19,-1.530122E+19
3.400752E+19,-4.92952E+19,-1.528768E+19
3.399984E+19,-4.927541E+19,-1.527557E+19
3.399182E+19,-4.925754E+19,-1.526572E+19
3.398436E+19,-4.92411E+19,-1.525674E+19
3.397709E+19,-4.922061E+19,-1.524352E+19
3.396605E+19,-4.919672E+19,-1.523067E+19
3.395853E+19,-4.91741E+19,-1.521557E+19
3.395439E+19,-4.916033E+19,-1.520594E+19
3.394957E+19,-4.914351E+19,-1.519394E+19
3.394272E+19,-4.912431E+19,-1.518159E+19
3.39365E+19,-4.910849E+19,-1.517199E+19
3.393065E+19,-4.908923E+19,-1.515858E+19
3.392399E+19,-4.90692E+19,-1.514521E+19
3.391213E+19,-4.903466E+19,-1.512253E+19
3.390805E+19,-4.901053E+19,-1.510248E+19
3.390029E+19,-4.898652E+19,-1.508622E+19
3.389169E+19,-4.895479E+19,-1.50631E+19
3.388275E+19,-4.89272E+19,-1.504445E+19
3.387492E+19,-4.890195E+19,-1.502702E+19
3.386763E+19,-4.887312E+19,-1.500549E+19
3.385354E+19,-4.882043E+19,-1.49669E+19
3.384597E+19,-4.879004E+19,-1.494407E+19
3.384065E+19,-4.876166E+19,-1.492101E+19
3.383565E+19,-4.872938E+19,-1.489373E+19
3.383049E+19,-4.870191E+19,-1.487142E+19
3.382556E+19,-4.867239E+19,-1.484683E+19
3.382121E+19,-4.864001E+19,-1.48188E+19
3.381369E+19,-4.860142E+19,-1.478773E+19
3.380774E+19,-4.856532E+19,-1.475758E+19
3.380356E+19,-4.853152E+19,-1.472795E+19
3.380139E+19,-4.849754E+19,-1.469614E+19
3.379967E+19,-4.845904E+19,-1.465938E+19
3.379317E+19,-4.842312E+19,-1.462995E+19
3.378734E+19,-4.838558E+19,-1.459824E+19
3.377867E+19,-4.834723E+19,-1.456856E+19
3.376728E+19,-4.830787E+19,-1.454059E+19
3.375831E+19,-4.827016E+19,-1.451185E+19
3.375585E+19,-4.823417E+19,-1.447832E+19
3.37628E+19,-4.818629E+19,-1.442349E+19
3.375535E+19,-4.814743E+19,-1.439208E+19
3.374685E+19,-4.810815E+19,-1.43613E+19
3.373814E+19,-4.806535E+19,-1.432721E+19
3.373047E+19,-4.802788E+19,-1.429741E+19
3.372316E+19,-4.798833E+19,-1.426517E+19
3.37153E+19,-4.795313E+19,-1.423783E+19
3.370785E+19,-4.79093E+19,-1.420145E+19
3.370125E+19,-4.786903E+19,-1.416778E+19
3.36928E+19,-4.782318E+19,-1.413038E+19
3.368212E+19,-4.77683E+19,-1.408618E+19
3.367422E+19,-4.772553E+19,-1.405131E+19
3.366749E+19,-4.768374E+19,-1.401625E+19
3.366442E+19,-4.764208E+19,-1.397766E+19
3.366135E+19,-4.759767E+19,-1.393633E+19
3.365858E+19,-4.754334E+19,-1.388476E+19
3.365403E+19,-4.75013E+19,-1.384728E+19
3.365144E+19,-4.745601E+19,-1.380457E+19
3.364575E+19,-4.741294E+19,-1.376719E+19
3.363745E+19,-4.736859E+19,-1.373114E+19
3.362976E+19,-4.732384E+19,-1.369409E+19
3.362358E+19,-4.728415E+19,-1.366057E+19
3.361839E+19,-4.724076E+19,-1.362237E+19
3.361002E+19,-4.719216E+19,-1.358214E+19
3.359867E+19,-4.714109E+19,-1.354242E+19
3.358931E+19,-4.709114E+19,-1.350184E+19
3.358152E+19,-4.704665E+19,-1.346513E+19
3.35744E+19,-4.700142E+19,-1.342702E+19
3.356832E+19,-4.695503E+19,-1.338671E+19
3.356237E+19,-4.69097E+19,-1.334733E+19
3.355341E+19,-4.686146E+19,-1.330805E+19
3.354525E+19,-4.682309E+19,-1.327783E+19
3.354073E+19,-4.677284E+19,-1.323211E+19
3.353237E+19,-4.672149E+19,-1.318913E+19
3.352706E+19,-4.66725E+19,-1.314544E+19
3.352089E+19,-4.66241E+19,-1.310321E+19
3.351348E+19,-4.657761E+19,-1.306412E+19
3.350586E+19,-4.653517E+19,-1.302931E+19
3.349943E+19,-4.648404E+19,-1.298462E+19
3.350078E+19,-4.643571E+19,-1.293492E+19
3.349295E+19,-4.638844E+19,-1.289549E+19
3.348372E+19,-4.63294E+19,-1.284567E+19
3.347682E+19,-4.628319E+19,-1.280638E+19
3.346768E+19,-4.623155E+19,-1.276387E+19
3.346122E+19,-4.618386E+19,-1.272264E+19
3.345309E+19,-4.613401E+19,-1.268091E+19
3.344337E+19,-4.608774E+19,-1.264437E+19
3.343491E+19,-4.604068E+19,-1.260577E+19
3.342515E+19,-4.599109E+19,-1.256594E+19
3.341702E+19,-4.594551E+19,-1.252849E+19
3.340811E+19,-4.589253E+19,-1.248443E+19
3.340023E+19,-4.584738E+19,-1.244715E+19
3.339493E+19,-4.580382E+19,-1.240889E+19
3.338689E+19,-4.575989E+19,-1.2373E+19
3.337743E+19,-4.57126E+19,-1.233518E+19
3.336885E+19,-4.566858E+19,-1.229974E+19
3.336621E+19,-4.562007E+19,-1.225386E+19
3.337214E+19,-4.556849E+19,-1.219635E+19
3.336401E+19,-4.552433E+19,-1.216032E+19
3.335585E+19,-4.548037E+19,-1.212452E+19
3.334913E+19,-4.543928E+19,-1.209014E+19
3.334252E+19,-4.539669E+19,-1.205417E+19
3.332471E+19,-4.531186E+19,-1.198716E+19
3.332282E+19,-4.528665E+19,-1.196383E+19
3.332345E+19,-4.521105E+19,-1.18876E+19
3.331104E+19,-4.51509E+19,-1.183986E+19
3.328184E+19,-4.500915E+19,-1.172732E+19
3.327485E+19,-4.497574E+19,-1.170089E+19
3.326647E+19,-4.493538E+19,-1.166891E+19
3.325723E+19,-4.48927E+19,-1.163547E+19
3.324855E+19,-4.484876E+19,-1.160021E+19
3.323989E+19,-4.480704E+19,-1.156715E+19
3.323086E+19,-4.476534E+19,-1.153448E+19
3.322295E+19,-4.472715E+19,-1.150419E+19
3.321611E+19,-4.468573E+19,-1.146962E+19
3.320835E+19,-4.464465E+19,-1.14363E+19
3.319982E+19,-4.460626E+19,-1.140644E+19
3.318902E+19,-4.456656E+19,-1.137754E+19
3.317896E+19,-4.452277E+19,-1.13438E+19
3.317225E+19,-4.447981E+19,-1.130756E+19
3.316571E+19,-4.442748E+19,-1.126178E+19
3.315808E+19,-4.438578E+19,-1.12277E+19
3.315234E+19,-4.434465E+19,-1.119231E+19
3.314754E+19,-4.430079E+19,-1.115325E+19
3.313788E+19,-4.425013E+19,-1.111226E+19
3.313135E+19,-4.42083E+19,-1.107695E+19
3.312354E+19,-4.416659E+19,-1.104305E+19
3.311676E+19,-4.412641E+19,-1.100965E+19
3.310941E+19,-4.408737E+19,-1.097796E+19
3.310316E+19,-4.404299E+19,-1.093983E+19
3.309616E+19,-4.40046E+19,-1.090843E+19
3.308388E+19,-4.394089E+19,-1.085701E+19
3.307671E+19,-4.390575E+19,-1.082904E+19
3.306966E+19,-4.386634E+19,-1.079667E+19
3.306006E+19,-4.382928E+19,-1.076922E+19
3.304924E+19,-4.379037E+19,-1.074113E+19
3.303936E+19,-4.374946E+19,-1.07101E+19
3.303209E+19,-4.370976E+19,-1.067767E+19
3.302841E+19,-4.366994E+19,-1.064153E+19
3.301514E+19,-4.356843E+19,-1.05533E+19
3.300458E+19,-4.352518E+19,-1.05206E+19
3.299538E+19,-4.348503E+19,-1.048964E+19
3.298734E+19,-4.344551E+19,-1.045817E+19
3.297892E+19,-4.340544E+19,-1.042652E+19
3.297065E+19,-4.336702E+19,-1.039637E+19
3.296213E+19,-4.332657E+19,-1.036445E+19
3.295393E+19,-4.328734E+19,-1.033341E+19
3.294563E+19,-4.324823E+19,-1.03026E+19
3.293764E+19,-4.320987E+19,-1.027224E+19
3.293137E+19,-4.317128E+19,-1.023992E+19
3.292739E+19,-4.313499E+19,-1.020761E+19
3.292308E+19,-4.309915E+19,-1.017607E+19
3.291498E+19,-4.306073E+19,-1.014575E+19
3.290649E+19,-4.302425E+19,-1.011775E+19
3.289733E+19,-4.298736E+19,-1.009003E+19
3.288872E+19,-4.295101E+19,-1.00623E+19
3.287993E+19,-4.291466E+19,-1.003473E+19
3.286678E+19,-4.286044E+19,-9.993661E+18
3.286083E+19,-4.282709E+19,-9.966253E+18
3.285545E+19,-4.279436E+19,-9.93891E+18
3.288197E+19,-4.276167E+19,-9.879699E+18
3.295904E+19,-4.271822E+19,-9.759177E+18
3.294944E+19,-4.268126E+19,-9.731813E+18
3.293886E+19,-4.264625E+19,-9.707392E+18
3.292836E+19,-4.260991E+19,-9.681543E+18
3.291894E+19,-4.257162E+19,-9.652674E+18
3.291133E+19,-4.253739E+19,-9.626059E+18
3.290302E+19,-4.250264E+19,-9.599614E+18
3.288878E+19,-4.24588E+19,-9.570022E+18
3.28814E+19,-4.242686E+19,-9.545467E+18
3.287347E+19,-4.239096E+19,-9.517487E+18
3.286455E+19,-4.23573E+19,-9.492755E+18
3.284286E+19,-4.227614E+19,-9.43328E+18
3.283452E+19,-4.224607E+19,-9.411551E+18
3.282548E+19,-4.221222E+19,-9.386742E+18
3.28162E+19,-4.217726E+19,-9.361055E+18
3.280754E+19,-4.214293E+19,-9.33539E+18
3.279925E+19,-4.210684E+19,-9.307592E+18
3.278987E+19,-4.207345E+19,-9.283579E+18
3.278166E+19,-4.204287E+19,-9.261217E+18
3.277222E+19,-4.200867E+19,-9.23645E+18
3.276393E+19,-4.197346E+19,-9.209529E+18
3.275713E+19,-4.193711E+19,-9.179977E+18
3.274979E+19,-4.19019E+19,-9.152115E+18
3.27422E+19,-4.187124E+19,-9.129034E+18
3.273476E+19,-4.184068E+19,-9.105922E+18
3.272751E+19,-4.181169E+19,-9.084176E+18
3.271614E+19,-4.176618E+19,-9.050045E+18
3.270725E+19,-4.173449E+19,-9.027241E+18
3.269875E+19,-4.170142E+19,-9.002669E+18
3.268948E+19,-4.166751E+19,-8.978025E+18
3.268052E+19,-4.163305E+19,-8.952527E+18
3.266941E+19,-4.159585E+19,-8.926445E+18
3.266196E+19,-4.156552E+19,-8.903557E+18
3.26546E+19,-4.153257E+19,-8.877969E+18
3.264844E+19,-4.150302E+19,-8.854578E+18
3.26414E+19,-4.146793E+19,-8.826532E+18
3.263573E+19,-4.143698E+19,-8.801252E+18
3.263266E+19,-4.140434E+19,-8.771682E+18
3.262582E+19,-4.137168E+19,-8.745865E+18
3.261845E+19,-4.134119E+19,-8.722742E+18
3.261175E+19,-4.130914E+19,-8.697383E+18
3.260574E+19,-4.127766E+19,-8.671923E+18
3.259871E+19,-4.124445E+19,-8.645744E+18
3.259155E+19,-4.121438E+19,-8.622825E+18
3.258301E+19,-4.118628E+19,-8.603272E+18
3.257377E+19,-4.115287E+19,-8.5791E+18
3.256562E+19,-4.11217E+19,-8.556081E+18
3.25585E+19,-4.109252E+19,-8.534024E+18
3.255165E+19,-4.106014E+19,-8.508489E+18
3.254429E+19,-4.10293E+19,-8.485008E+18
3.253641E+19,-4.099731E+19,-8.460905E+18
3.252906E+19,-4.096408E+19,-8.435022E+18
3.252273E+19,-4.093408E+19,-8.411354E+18
3.251573E+19,-4.090295E+19,-8.38722E+18
3.25084E+19,-4.087252E+19,-8.364121E+18
3.250101E+19,-4.083982E+19,-8.338817E+18
3.249362E+19,-4.080919E+19,-8.315569E+18
3.249186E+19,-4.077592E+19,-8.284066E+18
3.249963E+19,-4.074608E+19,-8.246452E+18
3.249165E+19,-4.071627E+19,-8.224628E+18
3.248213E+19,-4.067398E+19,-8.191845E+18
3.247416E+19,-4.063817E+19,-8.164019E+18
3.246601E+19,-4.060778E+19,-8.141769E+18
3.24592E+19,-4.056366E+19,-8.104463E+18
3.246083E+19,-4.053218E+19,-8.07135E+18
3.24533E+19,-4.050197E+19,-8.048676E+18
3.244123E+19,-4.045405E+19,-8.012812E+18
3.243418E+19,-4.042596E+19,-7.991778E+18
3.242753E+19,-4.039208E+19,-7.964548E+18
3.241893E+19,-4.03578E+19,-7.938865E+18
3.2409E+19,-4.032074E+19,-7.911743E+18
3.239387E+19,-4.026456E+19,-7.870696E+18
3.237468E+19,-4.019178E+19,-7.817101E+18
3.236631E+19,-4.016083E+19,-7.794524E+18
3.235736E+19,-4.012695E+19,-7.769593E+18
3.235085E+19,-4.010377E+19,-7.75292E+18
3.234234E+19,-4.006883E+19,-7.726493E+18
3.233682E+19,-4.004097E+19,-7.70415E+18
3.233037E+19,-4.001256E+19,-7.682191E+18
3.232213E+19,-3.998158E+19,-7.659451E+18
3.231341E+19,-3.994727E+19,-7.633859E+18
3.230729E+19,-3.992315E+19,-7.615864E+18
3.230112E+19,-3.989721E+19,-7.596093E+18
3.229411E+19,-3.986005E+19,-7.56594E+18
3.228685E+19,-3.982922E+19,-7.54237E+18
3.228054E+19,-3.980199E+19,-7.521453E+18
3.22745E+19,-3.977398E+19,-7.499472E+18
3.22671E+19,-3.974601E+19,-7.478909E+18
3.225951E+19,-3.971952E+19,-7.46001E+18
3.225129E+19,-3.969091E+19,-7.439619E+18
3.224395E+19,-3.966418E+19,-7.420224E+18
3.223676E+19,-3.963853E+19,-7.401774E+18
3.222933E+19,-3.96133E+19,-7.383968E+18
3.222194E+19,-3.958649E+19,-7.364551E+18
3.221483E+19,-3.955895E+19,-7.344122E+18
3.220869E+19,-3.953129E+19,-7.322605E+18
3.220341E+19,-3.950479E+19,-7.30138E+18
3.219671E+19,-3.947794E+19,-7.281232E+18
3.219041E+19,-3.945155E+19,-7.261144E+18
3.218428E+19,-3.942378E+19,-7.239506E+18
3.217843E+19,-3.939842E+19,-7.219987E+18
3.217198E+19,-3.937089E+19,-7.198914E+18
3.216617E+19,-3.934562E+19,-7.17945E+18
3.216188E+19,-3.932073E+19,-7.15885E+18
3.215792E+19,-3.929607E+19,-7.138148E+18
3.215075E+19,-3.927025E+19,-7.119498E+18
3.214238E+19,-3.924425E+19,-7.101871E+18
3.21355E+19,-3.921779E+19,-7.082293E+18
3.212919E+19,-3.919151E+19,-7.062319E+18
3.212241E+19,-3.916376E+19,-7.041354E+18
3.211587E+19,-3.913766E+19,-7.021783E+18
3.210847E+19,-3.910903E+19,-7.000564E+18
3.210121E+19,-3.908501E+19,-6.983799E+18
3.209432E+19,-3.906163E+19,-6.967311E+18
3.208654E+19,-3.902987E+19,-6.94333E+18
3.208009E+19,-3.900565E+19,-6.925562E+18
3.207224E+19,-3.897787E+19,-6.90563E+18
3.206588E+19,-3.895449E+19,-6.888612E+18
3.205901E+19,-3.89274E+19,-6.868385E+18
3.205238E+19,-3.890227E+19,-6.849887E+18
3.204507E+19,-3.887605E+19,-6.83098E+18
3.203817E+19,-3.88524E+19,-6.814228E+18
3.20389E+19,-3.882593E+19,-6.787028E+18
3.203445E+19,-3.880056E+19,-6.766106E+18
3.203163E+19,-3.877592E+19,-6.744283E+18
3.20278E+19,-3.874984E+19,-6.722038E+18
3.202283E+19,-3.872364E+19,-6.700813E+18
3.201701E+19,-3.86996E+19,-6.682596E+18
3.200714E+19,-3.866555E+19,-6.658412E+18
3.200034E+19,-3.864065E+19,-6.640303E+18
3.199422E+19,-3.86197E+19,-6.625475E+18
3.198465E+19,-3.858175E+19,-6.597103E+18
3.197881E+19,-3.855642E+19,-6.577608E+18
3.197296E+19,-3.853103E+19,-6.55807E+18
3.196697E+19,-3.850619E+19,-6.539224E+18
3.196028E+19,-3.848149E+19,-6.521208E+18
3.195476E+19,-3.845486E+19,-6.500097E+18
3.19492E+19,-3.84275E+19,-6.478307E+18
3.194212E+19,-3.840067E+19,-6.458544E+18
3.193487E+19,-3.837394E+19,-6.43907E+18
3.192849E+19,-3.834786E+19,-6.419375E+18
3.192157E+19,-3.832273E+19,-6.401152E+18
3.19169E+19,-3.829559E+19,-6.378687E+18
3.191327E+19,-3.827042E+19,-6.357145E+18
3.190673E+19,-3.824383E+19,-6.337106E+18
3.189931E+19,-3.821696E+19,-6.317651E+18
3.189309E+19,-3.81907E+19,-6.297609E+18
3.18864E+19,-3.816809E+19,-6.281688E+18
3.187872E+19,-3.814103E+19,-6.262312E+18
3.187227E+19,-3.811702E+19,-6.244749E+18
3.186801E+19,-3.808763E+19,-6.219623E+18
3.186964E+19,-3.806354E+19,-6.193896E+18
3.186294E+19,-3.803497E+19,-6.172032E+18
3.185738E+19,-3.800899E+19,-6.151609E+18
3.185089E+19,-3.798181E+19,-6.130921E+18
3.184365E+19,-3.795567E+19,-6.112027E+18
3.183663E+19,-3.792841E+19,-6.091778E+18
3.182843E+19,-3.789965E+19,-6.071222E+18
3.181911E+19,-3.786997E+19,-6.050861E+18
3.181181E+19,-3.784021E+19,-6.0284E+18
3.179476E+19,-3.776264E+19,-5.967883E+18
3.179184E+19,-3.77494E+19,-5.957552E+18
3.17844E+19,-3.771564E+19,-5.931243E+18
3.17806E+19,-3.769947E+19,-5.918865E+18
3.177385E+19,-3.767191E+19,-5.898062E+18
3.176674E+19,-3.76496E+19,-5.88286E+18
3.175662E+19,-3.761347E+19,-5.856854E+18
3.175288E+19,-3.759959E+19,-5.84671E+18
3.174404E+19,-3.756459E+19,-5.820553E+18
3.173858E+19,-3.754575E+19,-5.807176E+18
3.173099E+19,-3.75197E+19,-5.788711E+18
3.172475E+19,-3.74958E+19,-5.771048E+18
3.171875E+19,-3.746945E+19,-5.750699E+18
3.17135E+19,-3.744592E+19,-5.73242E+18
3.170845E+19,-3.742081E+19,-5.712365E+18
3.170331E+19,-3.739773E+19,-5.694415E+18
3.169768E+19,-3.737154E+19,-5.673856E+18
3.169281E+19,-3.734885E+19,-5.656042E+18
3.168693E+19,-3.732345E+19,-5.636525E+18
3.168202E+19,-3.73008E+19,-5.618777E+18
3.167693E+19,-3.727603E+19,-5.599094E+18
3.167125E+19,-3.725561E+19,-5.584354E+18
3.166406E+19,-3.722747E+19,-5.563412E+18
3.165782E+19,-3.720184E+19,-5.544021E+18
3.165199E+19,-3.717665E+19,-5.524655E+18
3.164427E+19,-3.713863E+19,-5.494359E+18
3.163952E+19,-3.711593E+19,-5.476412E+18
3.163512E+19,-3.710042E+19,-5.465298E+18
3.162696E+19,-3.70735E+19,-5.446536E+18
3.161897E+19,-3.704176E+19,-5.422785E+18
3.161593E+19,-3.702823E+19,-5.412293E+18
3.16105E+19,-3.700754E+19,-5.397034E+18
3.160644E+19,-3.698E+19,-5.37356E+18
3.16007E+19,-3.695701E+19,-5.356315E+18
3.159533E+19,-3.693498E+19,-5.339646E+18
3.159193E+19,-3.691072E+19,-5.318782E+18
3.158708E+19,-3.68875E+19,-5.30042E+18
3.15808E+19,-3.686219E+19,-5.281399E+18
3.157501E+19,-3.683904E+19,-5.264035E+18
3.156951E+19,-3.681567E+19,-5.246164E+18
3.156451E+19,-3.679339E+19,-5.228877E+18
3.155995E+19,-3.676886E+19,-5.208914E+18
3.155572E+19,-3.674577E+19,-5.190051E+18
3.154984E+19,-3.672164E+19,-5.171801E+18
3.15434E+19,-3.669797E+19,-5.154574E+18
3.153719E+19,-3.667314E+19,-5.135955E+18
3.153117E+19,-3.664817E+19,-5.116995E+18
3.152554E+19,-3.662528E+19,-5.099731E+18
3.151892E+19,-3.659878E+19,-5.079858E+18
3.151386E+19,-3.657769E+19,-5.063827E+18
3.150911E+19,-3.655632E+19,-5.047216E+18
3.150446E+19,-3.653492E+19,-5.030459E+18
3.150017E+19,-3.651374E+19,-5.013571E+18
3.149527E+19,-3.649067E+19,-4.995398E+18
3.149046E+19,-3.647026E+19,-4.979794E+18
3.148434E+19,-3.64433E+19,-4.958962E+18
3.148117E+19,-3.642639E+19,-4.945223E+18
3.147601E+19,-3.640297E+19,-4.926958E+18
3.147168E+19,-3.638307E+19,-4.911389E+18
3.146949E+19,-3.635933E+19,-4.889834E+18
3.14686E+19,-3.633902E+19,-4.870416E+18
3.146308E+19,-3.631507E+19,-4.851997E+18
3.145789E+19,-3.629392E+19,-4.836033E+18
3.145257E+19,-3.627143E+19,-4.81886E+18
3.144951E+19,-3.62506E+19,-4.80109E+18
3.144685E+19,-3.622785E+19,-4.781E+18
3.144233E+19,-3.620945E+19,-4.767115E+18
3.144078E+19,-3.618396E+19,-4.743181E+18
3.144108E+19,-3.616257E+19,-4.721483E+18
3.143386E+19,-3.613235E+19,-4.69849E+18
3.143073E+19,-3.611865E+19,-4.687922E+18
3.142611E+19,-3.609653E+19,-4.670415E+18
3.141952E+19,-3.606713E+19,-4.647603E+18
3.141448E+19,-3.604711E+19,-4.632634E+18
3.140862E+19,-3.602261E+19,-4.613993E+18
3.140285E+19,-3.599997E+19,-4.597122E+18
3.139743E+19,-3.597881E+19,-4.581383E+18
3.139177E+19,-3.595666E+19,-4.564895E+18
3.138698E+19,-3.593536E+19,-4.548374E+18
3.138236E+19,-3.591381E+19,-4.53145E+18
3.137734E+19,-3.589342E+19,-4.516079E+18
3.137252E+19,-3.587369E+19,-4.501172E+18
3.136737E+19,-3.585428E+19,-4.486913E+18
3.136263E+19,-3.58337E+19,-4.471069E+18
3.135848E+19,-3.581523E+19,-4.456756E+18
3.135265E+19,-3.579302E+19,-4.440373E+18
3.134776E+19,-3.577348E+19,-4.425721E+18
3.134297E+19,-3.575338E+19,-4.410409E+18
3.133859E+19,-3.573587E+19,-4.397283E+18
3.13341E+19,-3.571425E+19,-4.380146E+18
3.132949E+19,-3.569414E+19,-4.36465E+18
3.132486E+19,-3.567352E+19,-4.348656E+18
3.132051E+19,-3.56541E+19,-4.333591E+18
3.131827E+19,-3.563723E+19,-4.318967E+18
3.13171E+19,-3.561412E+19,-4.297028E+18
3.131273E+19,-3.559369E+19,-4.280953E+18
3.130805E+19,-3.557577E+19,-4.267721E+18
3.130248E+19,-3.555517E+19,-4.252691E+18
3.129756E+19,-3.553421E+19,-4.236656E+18
3.129307E+19,-3.551253E+19,-4.219468E+18
3.128791E+19,-3.548959E+19,-4.201683E+18
3.128322E+19,-3.547036E+19,-4.187136E+18
3.127729E+19,-3.544464E+19,-4.167345E+18
3.127307E+19,-3.54271E+19,-4.154032E+18
3.126863E+19,-3.540732E+19,-4.138687E+18
3.126389E+19,-3.538809E+19,-4.124204E+18
3.125903E+19,-3.536983E+19,-4.110795E+18
3.125483E+19,-3.534978E+19,-4.094946E+18
3.125433E+19,-3.532779E+19,-4.073466E+18
3.125306E+19,-3.530799E+19,-4.054933E+18
3.124893E+19,-3.528929E+19,-4.040364E+18
3.124286E+19,-3.527073E+19,-4.027872E+18
3.123874E+19,-3.525383E+19,-4.0151E+18
3.123503E+19,-3.523453E+19,-3.999502E+18
3.123078E+19,-3.521707E+19,-3.98629E+18
3.122627E+19,-3.519839E+19,-3.97212E+18
3.122287E+19,-3.518172E+19,-3.958849E+18
3.121771E+19,-3.516101E+19,-3.943306E+18
3.121289E+19,-3.51427E+19,-3.929811E+18
3.120803E+19,-3.512324E+19,-3.915207E+18
3.120416E+19,-3.510723E+19,-3.903071E+18
3.119982E+19,-3.509059E+19,-3.890771E+18
3.11955E+19,-3.507211E+19,-3.876614E+18
3.119032E+19,-3.50516E+19,-3.861276E+18
3.118553E+19,-3.503384E+19,-3.84831E+18
3.118022E+19,-3.501393E+19,-3.833713E+18
3.11757E+19,-3.49963E+19,-3.820598E+18
3.117115E+19,-3.497853E+19,-3.80738E+18
3.116628E+19,-3.496158E+19,-3.795305E+18
3.116153E+19,-3.494214E+19,-3.780616E+18
3.115773E+19,-3.492604E+19,-3.768306E+18
3.11545E+19,-3.490576E+19,-3.751257E+18
3.115142E+19,-3.488541E+19,-3.73399E+18
3.114649E+19,-3.486478E+19,-3.718295E+18
3.114228E+19,-3.484704E+19,-3.704758E+18
3.113784E+19,-3.48278E+19,-3.689957E+18
3.113409E+19,-3.481044E+19,-3.676356E+18
3.112958E+19,-3.479197E+19,-3.662394E+18
3.112531E+19,-3.477538E+19,-3.650064E+18
3.112112E+19,-3.475756E+19,-3.636441E+18
3.111716E+19,-3.474022E+19,-3.62306E+18
3.111267E+19,-3.472129E+19,-3.608621E+18
3.110834E+19,-3.47044E+19,-3.596061E+18
3.110437E+19,-3.468801E+19,-3.583647E+18
3.109965E+19,-3.467017E+19,-3.570517E+18
3.109478E+19,-3.465164E+19,-3.556852E+18
3.109126E+19,-3.463588E+19,-3.544621E+18
3.10861E+19,-3.461336E+19,-3.527255E+18
3.108159E+19,-3.459228E+19,-3.510686E+18
3.107692E+19,-3.457282E+19,-3.495904E+18
3.107348E+19,-3.455443E+19,-3.48095E+18
3.107116E+19,-3.453777E+19,-3.466613E+18
3.106782E+19,-3.452094E+19,-3.45312E+18
3.106373E+19,-3.450353E+19,-3.439794E+18
3.105983E+19,-3.448632E+19,-3.426487E+18
3.105663E+19,-3.446965E+19,-3.413027E+18
3.105227E+19,-3.44541E+19,-3.401825E+18
3.104751E+19,-3.443666E+19,-3.389146E+18
3.104358E+19,-3.442188E+19,-3.378296E+18
3.104014E+19,-3.440186E+19,-3.361715E+18
3.103751E+19,-3.438599E+19,-3.348477E+18
3.103538E+19,-3.436841E+19,-3.333029E+18
3.103201E+19,-3.435061E+19,-3.318599E+18
3.102703E+19,-3.43326E+19,-3.305576E+18
3.102238E+19,-3.431445E+19,-3.29207E+18
3.101843E+19,-3.429722E+19,-3.278788E+18
3.101448E+19,-3.427695E+19,-3.262464E+18
3.101119E+19,-3.426072E+19,-3.24953E+18
3.100766E+19,-3.424541E+19,-3.237752E+18
3.10039E+19,-3.422941E+19,-3.225514E+18
3.099922E+19,-3.421467E+19,-3.215451E+18
3.09957E+19,-3.419751E+19,-3.201811E+18
3.099573E+19,-3.417951E+19,-3.183781E+18
3.098738E+19,-3.415379E+19,-3.166411E+18
3.09834E+19,-3.413872E+19,-3.155328E+18
3.097968E+19,-3.412319E+19,-3.143504E+18
3.097796E+19,-3.41083E+19,-3.130332E+18
3.09782E+19,-3.40893E+19,-3.111101E+18
3.097404E+19,-3.407284E+19,-3.098795E+18
3.097048E+19,-3.405471E+19,-3.084227E+18
3.096781E+19,-3.403825E+19,-3.070435E+18
3.09643E+19,-3.402102E+19,-3.056726E+18
3.096135E+19,-3.400433E+19,-3.042984E+18
3.095838E+19,-3.398822E+19,-3.029836E+18
3.095521E+19,-3.39727E+19,-3.017493E+18
3.095211E+19,-3.395704E+19,-3.004926E+18
3.094934E+19,-3.39418E+19,-2.992455E+18
3.094648E+19,-3.392642E+19,-2.979945E+18
3.094291E+19,-3.391145E+19,-2.968536E+18
3.093951E+19,-3.389614E+19,-2.956622E+18
3.093559E+19,-3.387978E+19,-2.944197E+18
3.093053E+19,-3.386054E+19,-2.930009E+18
3.092696E+19,-3.384535E+19,-2.91839E+18
3.092356E+19,-3.382974E+19,-2.906181E+18
3.092029E+19,-3.381384E+19,-2.893556E+18
3.091746E+19,-3.379809E+19,-2.880637E+18
3.091404E+19,-3.378021E+19,-2.86617E+18
3.091031E+19,-3.376501E+19,-2.854702E+18
3.090636E+19,-3.374968E+19,-2.843313E+18
3.090291E+19,-3.373428E+19,-2.831363E+18
3.089868E+19,-3.371431E+19,-2.815623E+18
3.089629E+19,-3.369897E+19,-2.802679E+18
3.089328E+19,-3.368241E+19,-2.789122E+18
3.089098E+19,-3.366854E+19,-2.777562E+18
3.088816E+19,-3.365304E+19,-2.764874E+18
3.088447E+19,-3.363686E+19,-2.75239E+18
3.088124E+19,-3.362223E+19,-2.740988E+18
3.087813E+19,-3.360796E+19,-2.729823E+18
3.087519E+19,-3.359585E+19,-2.720667E+18
3.087277E+19,-3.357894E+19,-2.706166E+18
3.086939E+19,-3.356462E+19,-2.695233E+18
3.086538E+19,-3.354978E+19,-2.684405E+18
3.086311E+19,-3.353479E+19,-2.671684E+18
3.086226E+19,-3.352153E+19,-2.659272E+18
3.085958E+19,-3.350759E+19,-2.648007E+18
3.08556E+19,-3.349305E+19,-2.637449E+18
3.085176E+19,-3.34798E+19,-2.628039E+18
3.084829E+19,-3.34662E+19,-2.617909E+18
3.084398E+19,-3.344862E+19,-2.604648E+18
3.084032E+19,-3.343601E+19,-2.595698E+18
3.083643E+19,-3.342188E+19,-2.585451E+18
3.083323E+19,-3.340826E+19,-2.575034E+18
3.083033E+19,-3.339203E+19,-2.561699E+18
3.082704E+19,-3.337716E+19,-2.550122E+18
3.082379E+19,-3.336282E+19,-2.539034E+18
3.082138E+19,-3.335003E+19,-2.52865E+18
3.08199E+19,-3.333488E+19,-2.514977E+18
3.081636E+19,-3.332088E+19,-2.504527E+18
3.081325E+19,-3.330734E+19,-2.49409E+18
3.08143E+19,-3.329417E+19,-2.479869E+18
3.081647E+19,-3.328157E+19,-2.465101E+18
3.081502E+19,-3.32689E+19,-2.453875E+18
3.081251E+19,-3.325643E+19,-2.443915E+18
3.080951E+19,-3.324454E+19,-2.435033E+18
3.080696E+19,-3.323185E+19,-2.424887E+18
3.08049E+19,-3.322064E+19,-2.415739E+18
3.080284E+19,-3.320808E+19,-2.405234E+18
3.07995E+19,-3.319196E+19,-2.39246E+18
3.079725E+19,-3.318366E+19,-2.386402E+18
3.079246E+19,-3.31677E+19,-2.375235E+18
3.07891E+19,-3.315508E+19,-2.365982E+18
3.078606E+19,-3.313981E+19,-2.353755E+18
3.078242E+19,-3.312553E+19,-2.343112E+18
3.077894E+19,-3.31133E+19,-2.334364E+18
3.077547E+19,-3.31002E+19,-2.324733E+18
3.077232E+19,-3.308768E+19,-2.315369E+18
3.076925E+19,-3.307489E+19,-2.305632E+18
3.076604E+19,-3.306352E+19,-2.297485E+18
3.076248E+19,-3.305272E+19,-2.290243E+18
3.075929E+19,-3.304175E+19,-2.282461E+18
3.075573E+19,-3.303058E+19,-2.274843E+18
3.075214E+19,-3.302171E+19,-2.26957E+18
3.074857E+19,-3.300872E+19,-2.260152E+18
3.074526E+19,-3.299576E+19,-2.250502E+18
3.074209E+19,-3.298348E+19,-2.241394E+18
3.073849E+19,-3.296965E+19,-2.231153E+18
3.073327E+19,-3.295243E+19,-2.219162E+18
3.072933E+19,-3.293978E+19,-2.210445E+18
3.072599E+19,-3.292797E+19,-2.201977E+18
3.072139E+19,-3.291712E+19,-2.195731E+18
3.071692E+19,-3.290362E+19,-2.186696E+18
3.0714E+19,-3.289273E+19,-2.178737E+18
3.071096E+19,-3.28804E+19,-2.169446E+18
3.070832E+19,-3.286854E+19,-2.160219E+18
3.070568E+19,-3.28573E+19,-2.151619E+18
3.070069E+19,-3.284202E+19,-2.141336E+18
3.069617E+19,-3.282931E+19,-2.133138E+18
3.069305E+19,-3.281819E+19,-2.125149E+18
3.069051E+19,-3.280501E+19,-2.114493E+18
3.068806E+19,-3.279175E+19,-2.103696E+18
3.068516E+19,-3.277849E+19,-2.093325E+18
3.068227E+19,-3.276571E+19,-2.08344E+18
3.067932E+19,-3.275412E+19,-2.0748E+18
3.067657E+19,-3.274126E+19,-2.064685E+18
3.067374E+19,-3.272495E+19,-2.051216E+18
3.067191E+19,-3.271401E+19,-2.042101E+18
3.067041E+19,-3.270459E+19,-2.03418E+18
3.066823E+19,-3.269013E+19,-2.021896E+18
3.066538E+19,-3.267777E+19,-2.01239E+18
3.066221E+19,-3.266534E+19,-2.003132E+18
3.065887E+19,-3.26518E+19,-1.992935E+18
3.065603E+19,-3.26393E+19,-1.983266E+18
3.065357E+19,-3.262924E+19,-1.975675E+18
3.065063E+19,-3.261646E+19,-1.965828E+18
3.064733E+19,-3.260399E+19,-1.956658E+18
3.064411E+19,-3.259195E+19,-1.947833E+18
3.063788E+19,-3.257849E+19,-1.940605E+18
3.063186E+19,-3.256391E+19,-1.932049E+18
3.062918E+19,-3.255194E+19,-1.922758E+18
3.062646E+19,-3.253878E+19,-1.912319E+18
3.06241E+19,-3.252809E+19,-1.903993E+18
3.062128E+19,-3.251626E+19,-1.894973E+18
3.061843E+19,-3.250294E+19,-1.884501E+18
3.061555E+19,-3.249105E+19,-1.875501E+18
3.061329E+19,-3.247953E+19,-1.866236E+18
3.061122E+19,-3.246716E+19,-1.855934E+18
3.060881E+19,-3.245587E+19,-1.847056E+18
3.060542E+19,-3.243948E+19,-1.83406E+18
3.060259E+19,-3.242522E+19,-1.82263E+18
3.059965E+19,-3.241216E+19,-1.812514E+18
3.059695E+19,-3.240085E+19,-1.803905E+18
3.059399E+19,-3.238803E+19,-1.794038E+18
3.059089E+19,-3.237529E+19,-1.7844E+18
3.058816E+19,-3.236257E+19,-1.774416E+18
3.058547E+19,-3.235119E+19,-1.765712E+18
3.058258E+19,-3.233698E+19,-1.754403E+18
3.057967E+19,-3.232517E+19,-1.745503E+18
3.057656E+19,-3.23123E+19,-1.735742E+18
3.057379E+19,-3.230325E+19,-1.729457E+18
3.057139E+19,-3.228696E+19,-1.715575E+18
3.056853E+19,-3.227344E+19,-1.704916E+18
3.056627E+19,-3.225963E+19,-1.693362E+18
3.056311E+19,-3.224793E+19,-1.684819E+18
3.055988E+19,-3.223681E+19,-1.676931E+18
3.055711E+19,-3.222461E+19,-1.667502E+18
3.055546E+19,-3.221502E+19,-1.659561E+18
3.055245E+19,-3.219689E+19,-1.644441E+18
3.054764E+19,-3.21815E+19,-1.633854E+18
3.054375E+19,-3.216601E+19,-1.622263E+18
3.054137E+19,-3.215326E+19,-1.611891E+18
3.053858E+19,-3.214051E+19,-1.601929E+18
3.053583E+19,-3.212786E+19,-1.592033E+18
3.053561E+19,-3.211584E+19,-1.580229E+18
3.053167E+19,-3.210307E+19,-1.571404E+18
3.052807E+19,-3.209216E+19,-1.56409E+18
3.052412E+19,-3.207631E+19,-1.552198E+18
3.05216E+19,-3.206518E+19,-1.543576E+18
3.051988E+19,-3.205212E+19,-1.532242E+18
3.05179E+19,-3.203987E+19,-1.521977E+18
3.051514E+19,-3.202704E+19,-1.511897E+18
3.051254E+19,-3.201326E+19,-1.500721E+18
3.050854E+19,-3.200032E+19,-1.491787E+18
3.050558E+19,-3.19893E+19,-1.483725E+18
3.050554E+19,-3.197732E+19,-1.471784E+18
3.050597E+19,-3.196769E+19,-1.461722E+18
3.050343E+19,-3.195161E+19,-1.448176E+18
3.050194E+19,-3.193872E+19,-1.436776E+18
3.050084E+19,-3.1926E+19,-1.425156E+18
3.049888E+19,-3.191112E+19,-1.412239E+18
3.049589E+19,-3.18988E+19,-1.402911E+18
3.049314E+19,-3.188624E+19,-1.393101E+18
3.048952E+19,-3.187342E+19,-1.3839E+18
3.0485E+19,-3.185923E+19,-1.374229E+18
3.048116E+19,-3.184439E+19,-1.363229E+18
3.047788E+19,-3.183197E+19,-1.354088E+18
3.04745E+19,-3.181868E+19,-1.344177E+18
3.047088E+19,-3.180757E+19,-1.336696E+18
3.046698E+19,-3.179589E+19,-1.328903E+18
3.046396E+19,-3.178314E+19,-1.319174E+18
3.046131E+19,-3.177031E+19,-1.308997E+18
3.045876E+19,-3.175816E+19,-1.299394E+18
3.04561E+19,-3.174679E+19,-1.290693E+18
3.045357E+19,-3.173654E+19,-1.28297E+18
3.045176E+19,-3.172577E+19,-1.274017E+18
3.044874E+19,-3.17144E+19,-1.265663E+18
3.044438E+19,-3.170204E+19,-1.257657E+18
3.044051E+19,-3.168822E+19,-1.247717E+18
3.043755E+19,-3.167649E+19,-1.238943E+18
3.043452E+19,-3.16642E+19,-1.229681E+18
3.043015E+19,-3.165022E+19,-1.220071E+18
3.042699E+19,-3.163945E+19,-1.212458E+18
3.042443E+19,-3.162925E+19,-1.204823E+18
3.04214E+19,-3.161924E+19,-1.197848E+18
3.041847E+19,-3.160801E+19,-1.189535E+18
3.041652E+19,-3.159749E+19,-1.180972E+18
3.041436E+19,-3.158369E+19,-1.169328E+18
3.041224E+19,-3.157013E+19,-1.157896E+18
3.040947E+19,-3.156086E+19,-1.151384E+18
3.040624E+19,-3.154987E+19,-1.143628E+18
3.040662E+19,-3.15395E+19,-1.132875E+18
3.042301E+19,-3.15263E+19,-1.103287E+18
3.04243E+19,-3.151534E+19,-1.091041E+18
3.042612E+19,-3.15039E+19,-1.077783E+18
3.042181E+19,-3.149155E+19,-1.069748E+18
3.041911E+19,-3.148212E+19,-1.06301E+18
3.041642E+19,-3.146844E+19,-1.052024E+18
3.041397E+19,-3.145712E+19,-1.043153E+18
3.041113E+19,-3.144477E+19,-1.033644E+18
3.040874E+19,-3.143533E+19,-1.026594E+18
3.040649E+19,-3.142753E+19,-1.021037E+18
3.041361E+19,-3.142073E+19,-1.007122E+18
3.043038E+19,-3.140359E+19,-9.732107E+17
3.04261E+19,-3.1392E+19,-9.65899E+17
3.042214E+19,-3.138505E+19,-9.629039E+17
3.041952E+19,-3.137119E+19,-9.516713E+17
3.041735E+19,-3.136142E+19,-9.440627E+17
3.041399E+19,-3.135275E+19,-9.387586E+17
3.041166E+19,-3.133991E+19,-9.282495E+17
3.04074E+19,-3.132647E+19,-9.190664E+17
3.040404E+19,-3.131476E+19,-9.107255E+17
3.040154E+19,-3.130441E+19,-9.028684E+17
3.039859E+19,-3.129429E+19,-8.957018E+17
3.03953E+19,-3.128542E+19,-8.901184E+17
3.039231E+19,-3.127532E+19,-8.830112E+17
3.038881E+19,-3.126224E+19,-8.734344E+17
3.038591E+19,-3.125214E+19,-8.66237E+17
3.038235E+19,-3.124097E+19,-8.586262E+17
3.037984E+19,-3.122961E+19,-8.497752E+17
3.037782E+19,-3.121876E+19,-8.409483E+17
3.037491E+19,-3.12083E+19,-8.333858E+17
3.037335E+19,-3.119992E+19,-8.265711E+17
3.037127E+19,-3.119005E+19,-8.187777E+17
3.036785E+19,-3.11789E+19,-8.11057E+17
3.036648E+19,-3.116786E+19,-8.013812E+17
3.036631E+19,-3.115727E+19,-7.909557E+17
3.036383E+19,-3.114748E+19,-7.836461E+17
3.036138E+19,-3.113718E+19,-7.757934E+17
3.035883E+19,-3.112699E+19,-7.681628E+17
3.035649E+19,-3.111606E+19,-7.595646E+17
3.035404E+19,-3.110591E+19,-7.51868E+17
3.03515E+19,-3.109513E+19,-7.436349E+17
3.034886E+19,-3.108603E+19,-7.371764E+17
3.034681E+19,-3.107236E+19,-7.255523E+17
3.03439E+19,-3.106114E+19,-7.1724E+17
3.034109E+19,-3.104943E+19,-7.083428E+17
3.033741E+19,-3.103526E+19,-6.978556E+17
3.033386E+19,-3.102149E+19,-6.876368E+17
3.033255E+19,-3.100911E+19,-6.765625E+17
3.033181E+19,-3.09988E+19,-6.669813E+17
3.032846E+19,-3.098627E+19,-6.578136E+17
3.032559E+19,-3.097465E+19,-6.490593E+17
3.032221E+19,-3.095935E+19,-6.371428E+17
3.031946E+19,-3.094877E+19,-6.293077E+17
3.031725E+19,-3.093931E+19,-6.220597E+17
3.031482E+19,-3.092869E+19,-6.138661E+17
3.031189E+19,-3.091857E+19,-6.066797E+17
3.030922E+19,-3.090896E+19,-5.997374E+17
3.030653E+19,-3.089736E+19,-5.908314E+17
3.030407E+19,-3.088612E+19,-5.820551E+17
3.030162E+19,-3.087526E+19,-5.736438E+17
3.0299E+19,-3.086227E+19,-5.63271E+17
3.029737E+19,-3.085403E+19,-5.566585E+17
3.029476E+19,-3.084364E+19,-5.488762E+17
3.029141E+19,-3.08324E+19,-5.409971E+17
3.028779E+19,-3.082164E+19,-5.338503E+17
3.028424E+19,-3.081098E+19,-5.267386E+17
3.028136E+19,-3.080104E+19,-5.196776E+17
3.027811E+19,-3.079159E+19,-5.134807E+17
3.027487E+19,-3.077902E+19,-5.041503E+17
3.02712E+19,-3.076758E+19,-4.963833E+17
3.026795E+19,-3.075714E+19,-4.891925E+17
3.026548E+19,-3.074515E+19,-4.796729E+17
3.026348E+19,-3.073548E+19,-4.719984E+17
3.026143E+19,-3.072485E+19,-4.634156E+17
3.026119E+19,-3.071356E+19,-4.523677E+17
3.02639E+19,-3.070119E+19,-4.37289E+17
3.026087E+19,-3.069016E+19,-4.292867E+17
3.025845E+19,-3.06808E+19,-4.223554E+17
3.025607E+19,-3.066955E+19,-4.134779E+17
3.025628E+19,-3.066058E+19,-4.042992E+17
3.025809E+19,-3.064634E+19,-3.882551E+17
3.0255E+19,-3.063473E+19,-3.797295E+17
3.025208E+19,-3.0623E+19,-3.70918E+17
3.024951E+19,-3.061249E+19,-3.629752E+17
3.024683E+19,-3.060059E+19,-3.537591E+17
3.024435E+19,-3.059171E+19,-3.473599E+17
3.024132E+19,-3.057901E+19,-3.376908E+17
3.023866E+19,-3.056947E+19,-3.308123E+17
3.023613E+19,-3.055923E+19,-3.230915E+17
3.023386E+19,-3.05476E+19,-3.137302E+17
3.02311E+19,-3.053585E+19,-3.047472E+17
3.022791E+19,-3.052526E+19,-2.973519E+17
3.022464E+19,-3.051233E+19,-2.87685E+17
3.022232E+19,-3.050128E+19,-2.789615E+17
3.022004E+19,-3.049046E+19,-2.704183E+17
3.02176E+19,-3.048022E+19,-2.626184E+17
3.021481E+19,-3.047042E+19,-2.556145E+17
3.021003E+19,-3.045512E+19,-2.450877E+17
3.020672E+19,-3.04443E+19,-2.375759E+17
3.020373E+19,-3.043478E+19,-2.310448E+17
3.020494E+19,-3.042445E+19,-2.195043E+17
3.020231E+19,-3.041091E+19,-2.086059E+17
3.020015E+19,-3.040063E+19,-2.004828E+17
3.019756E+19,-3.039022E+19,-1.926608E+17
3.019512E+19,-3.037862E+19,-1.835019E+17
3.019277E+19,-3.036749E+19,-1.747168E+17
3.019032E+19,-3.035566E+19,-1.653424E+17
3.018796E+19,-3.034545E+19,-1.574831E+17
3.01846E+19,-3.03362E+19,-1.515985E+17
3.018281E+19,-3.032493E+19,-1.421207E+17
3.018013E+19,-3.031461E+19,-1.344791E+17
3.017715E+19,-3.030338E+19,-1.262305E+17
3.01751E+19,-3.029279E+19,-1.176829E+17
3.017349E+19,-3.028283E+19,-1.09342E+17
3.017087E+19,-3.027191E+19,-1.010407E+17
3.016828E+19,-3.026179E+19,-9.350467E+16
3.016555E+19,-3.025123E+19,-8.567834E+16
3.016276E+19,-3.024008E+19,-7.732645E+16
3.016037E+19,-3.023069E+19,-7.032037E+16
3.015797E+19,-3.022041E+19,-6.243687E+16
3.015597E+19,-3.021E+19,-5.40278E+16
3.015417E+19,-3.019976E+19,-4.559235E+16
3.015224E+19,-3.018932E+19,-3.708213E+16
3.014964E+19,-3.017865E+19,-2.900732E+16
3.014674E+19,-3.016817E+19,-2.143168E+16
3.014418E+19,-3.015688E+19,-1.269716E+16
3.014142E+19,-3.014549E+19,-4.076989E+15
3.013854E+19,-3.013568E+19,2.852133E+15
3.01357E+19,-3.012445E+19,1.124361E+16
3.013246E+19,-3.011036E+19,2.210678E+16
3.013125E+19,-3.010017E+19,3.108759E+16
3.012979E+19,-3.008634E+19,4.34439E+16
3.012751E+19,-3.007595E+19,5.15539E+16
3.012511E+19,-3.006529E+19,5.982223E+16
3.012295E+19,-3.005431E+19,6.863591E+16
3.012005E+19,-3.004347E+19,7.658538E+16
3.011685E+19,-3.003517E+19,8.168932E+16
3.011296E+19,-3.002179E+19,9.11737E+16
3.010948E+19,-3.000996E+19,9.9519E+16
3.010554E+19,-2.999726E+19,1.082777E+17
3.010237E+19,-2.998644E+19,1.159281E+17
3.009955E+19,-2.997454E+19,1.250079E+17
3.009714E+19,-2.996428E+19,1.328606E+17
3.009431E+19,-2.995385E+19,1.404582E+17
3.00912E+19,-2.994683E+19,1.443681E+17
3.008911E+19,-2.993265E+19,1.564605E+17
3.008833E+19,-2.992262E+19,1.65714E+17
3.00859E+19,-2.991151E+19,1.743847E+17
3.008323E+19,-2.990301E+19,1.80221E+17
3.008052E+19,-2.988919E+19,1.913238E+17
3.007798E+19,-2.987885E+19,1.991282E+17
3.007442E+19,-2.986784E+19,2.065762E+17
3.007057E+19,-2.985739E+19,2.131777E+17
3.006653E+19,-2.984532E+19,2.212173E+17
3.006314E+19,-2.983343E+19,2.2971E+17
3.006043E+19,-2.98227E+19,2.37721E+17
3.005679E+19,-2.980937E+19,2.474209E+17
3.005316E+19,-2.979752E+19,2.556387E+17
3.00491E+19,-2.978475E+19,2.643446E+17
3.004639E+19,-2.977446E+19,2.719312E+17
3.004389E+19,-2.97629E+19,2.809912E+17
3.004185E+19,-2.975059E+19,2.912628E+17
3.003977E+19,-2.97382E+19,3.01574E+17
3.003691E+19,-2.972884E+19,3.080678E+17
3.003344E+19,-2.971663E+19,3.168089E+17
3.00307E+19,-2.970451E+19,3.261921E+17
3.002797E+19,-2.969238E+19,3.355951E+17
3.002533E+19,-2.968111E+19,3.442219E+17
3.002213E+19,-2.966926E+19,3.528685E+17
3.001875E+19,-2.965638E+19,3.623748E+17
3.001556E+19,-2.964341E+19,3.721473E+17
3.001225E+19,-2.963185E+19,3.804046E+17
3.00092E+19,-2.962163E+19,3.875735E+17
3.000713E+19,-2.961144E+19,3.956922E+17
3.000596E+19,-2.960046E+19,4.055043E+17
3.000347E+19,-2.958888E+19,4.145928E+17
2.999994E+19,-2.957768E+19,4.222608E+17
2.999729E+19,-2.956679E+19,4.30505E+17
2.99948E+19,-2.955571E+19,4.3909E+17
2.999227E+19,-2.954386E+19,4.48405E+17
2.998984E+19,-2.953438E+19,4.554683E+17
2.998704E+19,-2.952298E+19,4.640577E+17
2.998455E+19,-2.95118E+19,4.727482E+17
2.998177E+19,-2.949942E+19,4.823448E+17
2.997884E+19,-2.948931E+19,4.895268E+17
2.997555E+19,-2.947804E+19,4.975114E+17
2.99726E+19,-2.946874E+19,5.038644E+17
2.996958E+19,-2.945679E+19,5.127902E+17
2.99662E+19,-2.944511E+19,5.210871E+17
2.996044E+19,-2.942036E+19,5.400845E+17
2.99579E+19,-2.941113E+19,5.467673E+17
2.995499E+19,-2.94013E+19,5.536855E+17
2.99525E+19,-2.938985E+19,5.626465E+17
2.995014E+19,-2.937924E+19,5.70906E+17
2.994766E+19,-2.936945E+19,5.782134E+17
2.994525E+19,-2.935951E+19,5.857362E+17
2.994255E+19,-2.934841E+19,5.941453E+17
2.993953E+19,-2.933671E+19,6.02827E+17
2.993684E+19,-2.932583E+19,6.11003E+17
2.993458E+19,-2.931542E+19,6.191592E+17
2.993219E+19,-2.930459E+19,6.276056E+17
2.992967E+19,-2.929397E+19,6.356958E+17
2.99272E+19,-2.928415E+19,6.430538E+17
2.992466E+19,-2.927508E+19,6.495783E+17
2.992156E+19,-2.926455E+19,6.57011E+17
2.991867E+19,-2.925447E+19,6.642018E+17
2.991547E+19,-2.924523E+19,6.702403E+17
2.991065E+19,-2.923096E+19,6.796917E+17
2.990729E+19,-2.921909E+19,6.881997E+17
2.990416E+19,-2.920883E+19,6.953356E+17
2.99028E+19,-2.919925E+19,7.035445E+17
2.990229E+19,-2.918941E+19,7.128772E+17
2.990037E+19,-2.917945E+19,7.209146E+17
2.989887E+19,-2.916921E+19,7.296689E+17
2.989584E+19,-2.915938E+19,7.364595E+17
2.989295E+19,-2.9148E+19,7.449543E+17
2.988929E+19,-2.913644E+19,7.52851E+17
2.988603E+19,-2.912597E+19,7.600682E+17
2.988283E+19,-2.911725E+19,7.655812E+17
2.988304E+19,-2.910889E+19,7.741463E+17
2.98862E+19,-2.909628E+19,7.899265E+17
2.988364E+19,-2.908581E+19,7.978386E+17
2.988135E+19,-2.907565E+19,8.057023E+17
2.987895E+19,-2.90656E+19,8.133483E+17
2.987626E+19,-2.905642E+19,8.19842E+17
2.987392E+19,-2.904887E+19,8.250559E+17
2.987108E+19,-2.903921E+19,8.318663E+17
2.986813E+19,-2.902807E+19,8.400643E+17
2.986458E+19,-2.901843E+19,8.46149E+17
2.986139E+19,-2.900821E+19,8.531748E+17
2.985864E+19,-2.90005E+19,8.581446E+17
2.985552E+19,-2.898961E+19,8.65905E+17
2.98527E+19,-2.898047E+19,8.722382E+17
2.985032E+19,-2.897106E+19,8.792509E+17
2.984813E+19,-2.896175E+19,8.863867E+17
2.984544E+19,-2.895441E+19,8.910222E+17
2.984278E+19,-2.894448E+19,8.982988E+17
2.98401E+19,-2.893468E+19,9.054126E+17
2.983701E+19,-2.892558E+19,9.114314E+17
2.983418E+19,-2.891742E+19,9.167574E+17
2.983154E+19,-2.890794E+19,9.23603E+17
2.982944E+19,-2.889973E+19,9.297096E+17
2.98278E+19,-2.889007E+19,9.377317E+17
2.982568E+19,-2.888199E+19,9.43691E+17
2.982241E+19,-2.887051E+19,9.519E+17
2.981942E+19,-2.886056E+19,9.588555E+17
2.981649E+19,-2.885134E+19,9.651557E+17
2.981375E+19,-2.884226E+19,9.714823E+17
2.98109E+19,-2.883338E+19,9.77523E+17
2.980805E+19,-2.8825E+19,9.830536E+17
2.98048E+19,-2.881624E+19,9.885511E+17
2.980118E+19,-2.880798E+19,9.931976E+17
2.979774E+19,-2.880006E+19,9.976815E+17
2.979463E+19,-2.879085E+19,1.003771E+18
2.979188E+19,-2.878297E+19,1.008905E+18
2.978933E+19,-2.877471E+19,1.014625E+18
2.978701E+19,-2.876701E+19,1.020002E+18
2.978433E+19,-2.875753E+19,1.026799E+18
2.978139E+19,-2.874777E+19,1.033613E+18
2.977923E+19,-2.873918E+19,1.040048E+18
2.977693E+19,-2.873045E+19,1.046478E+18
2.977448E+19,-2.872187E+19,1.052604E+18
2.977089E+19,-2.871243E+19,1.058462E+18
2.976896E+19,-2.870237E+19,1.066592E+18
2.97652E+19,-2.869359E+19,1.071608E+18
2.976051E+19,-2.8683E+19,1.077506E+18
2.975675E+19,-2.867323E+19,1.083512E+18
2.975338E+19,-2.866443E+19,1.088945E+18
2.975016E+19,-2.865388E+19,1.096279E+18
2.974855E+19,-2.864389E+19,1.104657E+18
2.974524E+19,-2.863475E+19,1.110494E+18
2.974246E+19,-2.862446E+19,1.117994E+18
2.973976E+19,-2.86148E+19,1.124959E+18
2.973722E+19,-2.860532E+19,1.131905E+18
2.973459E+19,-2.859602E+19,1.138568E+18
2.973233E+19,-2.858851E+19,1.14382E+18
2.972996E+19,-2.857751E+19,1.152442E+18
2.972722E+19,-2.856938E+19,1.157843E+18
2.972338E+19,-2.855779E+19,1.165586E+18
2.971976E+19,-2.854765E+19,1.172104E+18
2.971686E+19,-2.853981E+19,1.177049E+18
2.971366E+19,-2.853088E+19,1.182782E+18
2.971078E+19,-2.85212E+19,1.189579E+18
2.97076E+19,-2.850914E+19,1.198461E+18
2.970538E+19,-2.849973E+19,1.205647E+18
2.970101E+19,-2.848529E+19,1.215717E+18
2.97003E+19,-2.846743E+19,1.232876E+18
2.970085E+19,-2.84613E+19,1.239548E+18
2.969773E+19,-2.84483E+19,1.249421E+18
2.96946E+19,-2.843808E+19,1.256517E+18
2.969143E+19,-2.842782E+19,1.263605E+18
2.968737E+19,-2.84137E+19,1.273672E+18
2.968456E+19,-2.840652E+19,1.278042E+18
2.96822E+19,-2.839728E+19,1.284913E+18
2.967925E+19,-2.838985E+19,1.289397E+18
2.967654E+19,-2.837995E+19,1.296597E+18
2.967345E+19,-2.836976E+19,1.303689E+18
2.967053E+19,-2.836004E+19,1.310482E+18
2.966746E+19,-2.835091E+19,1.316546E+18
2.96649E+19,-2.834149E+19,1.32341E+18
2.966282E+19,-2.833247E+19,1.330354E+18
2.966068E+19,-2.832462E+19,1.336058E+18
2.96576E+19,-2.831448E+19,1.343122E+18
2.965407E+19,-2.83021E+19,1.351968E+18
2.965103E+19,-2.829137E+19,1.359663E+18
2.964777E+19,-2.828092E+19,1.366851E+18
2.96461E+19,-2.82716E+19,1.374502E+18
2.964503E+19,-2.826242E+19,1.382612E+18
2.964228E+19,-2.825164E+19,1.390638E+18
2.963963E+19,-2.82414E+19,1.398223E+18
2.963775E+19,-2.823332E+19,1.404435E+18
2.963548E+19,-2.822478E+19,1.4107E+18
2.963118E+19,-2.821603E+19,1.415148E+18
2.962823E+19,-2.820794E+19,1.420294E+18
2.962524E+19,-2.819716E+19,1.428079E+18
2.962309E+19,-2.818889E+19,1.434196E+18
2.962095E+19,-2.818043E+19,1.440521E+18
2.961869E+19,-2.817059E+19,1.448096E+18
2.96165E+19,-2.816046E+19,1.456039E+18
2.961429E+19,-2.815147E+19,1.462821E+18
2.961208E+19,-2.814338E+19,1.468692E+18
2.96098E+19,-2.813612E+19,1.473671E+18
2.96074E+19,-2.812587E+19,1.481535E+18
2.960519E+19,-2.811653E+19,1.488662E+18
2.960305E+19,-2.81093E+19,1.493748E+18
2.960094E+19,-2.809963E+19,1.501308E+18
2.960052E+19,-2.809168E+19,1.508836E+18
2.960098E+19,-2.808182E+19,1.519162E+18
2.959812E+19,-2.807353E+19,1.524589E+18
2.959565E+19,-2.806664E+19,1.529009E+18
2.959293E+19,-2.805517E+19,1.537753E+18
2.958913E+19,-2.804216E+19,1.546964E+18
2.958654E+19,-2.803319E+19,1.553353E+18
2.958431E+19,-2.802479E+19,1.559521E+18
2.958234E+19,-2.801607E+19,1.566268E+18
2.958004E+19,-2.800776E+19,1.572273E+18
2.95771E+19,-2.799984E+19,1.577258E+18
2.957457E+19,-2.799026E+19,1.584308E+18
2.957223E+19,-2.798198E+19,1.590246E+18
2.956973E+19,-2.797326E+19,1.596469E+18
2.956705E+19,-2.796599E+19,1.601067E+18
2.956473E+19,-2.795875E+19,1.60598E+18
2.956093E+19,-2.794402E+19,1.616907E+18
2.955814E+19,-2.793799E+19,1.62015E+18
2.955686E+19,-2.792594E+19,1.630917E+18
2.955788E+19,-2.791701E+19,1.640869E+18
2.955498E+19,-2.790791E+19,1.647077E+18
2.955278E+19,-2.789895E+19,1.653837E+18
2.955055E+19,-2.78917E+19,1.658849E+18
2.9548E+19,-2.78832E+19,1.664793E+18
2.954358E+19,-2.786893E+19,1.674649E+18
2.95411E+19,-2.786049E+19,1.680604E+18
2.953611E+19,-2.784186E+19,1.694248E+18
2.953324E+19,-2.783435E+19,1.698891E+18
2.953014E+19,-2.782525E+19,1.704898E+18
2.952829E+19,-2.781726E+19,1.711034E+18
2.952718E+19,-2.780919E+19,1.717989E+18
2.952589E+19,-2.780103E+19,1.724857E+18
2.952451E+19,-2.779426E+19,1.730251E+18
2.952215E+19,-2.778703E+19,1.735124E+18
2.951981E+19,-2.777969E+19,1.74012E+18
2.951859E+19,-2.777342E+19,1.745171E+18
2.951671E+19,-2.776521E+19,1.751493E+18
2.951398E+19,-2.775621E+19,1.757767E+18
2.951109E+19,-2.774588E+19,1.765202E+18
2.950864E+19,-2.773755E+19,1.771089E+18
2.950634E+19,-2.773036E+19,1.775984E+18
2.950402E+19,-2.772157E+19,1.782451E+18
2.950174E+19,-2.771301E+19,1.788725E+18
2.950114E+19,-2.770587E+19,1.795265E+18
2.950083E+19,-2.769753E+19,1.803302E+18
2.949873E+19,-2.768813E+19,1.810592E+18
2.949644E+19,-2.767955E+19,1.816886E+18
2.949436E+19,-2.767134E+19,1.823014E+18
2.949233E+19,-2.766373E+19,1.8286E+18
