0,3.458694E+19,-8.932021E+19,-5.473327E+19
0.02,3.458694E+19,-8.932021E+19,-5.473327E+19
0.3533334,3.458684E+19,-8.931935E+19,-5.47325E+19
0.4429914,3.46296E+19,-8.924556E+19,-5.461597E+19
0.5088075,3.471651E+19,-8.923134E+19,-5.451482E+19
0.5331925,3.764039E+19,-8.916718E+19,-5.152679E+19
0.554249,4.012119E+19,-8.913432E+19,-4.901313E+19
0.5757295,4.016374E+19,-8.910847E+19,-4.894473E+19
0.5990192,4.020593E+19,-8.906912E+19,-4.886319E+19
0.619755,4.039265E+19,-8.904047E+19,-4.864782E+19
0.6400312,4.080135E+19,-8.901388E+19,-4.821254E+19
0.6648358,4.094877E+19,-8.89965E+19,-4.804773E+19
0.6828927,4.109782E+19,-8.894862E+19,-4.78508E+19
0.7023606,4.118511E+19,-8.891873E+19,-4.773362E+19
0.7211131,4.12065E+19,-8.887842E+19,-4.767192E+19
0.7396502,4.124353E+19,-8.884957E+19,-4.760604E+19
0.7594658,4.125898E+19,-8.882607E+19,-4.756709E+19
0.7866988,4.127166E+19,-8.879335E+19,-4.752169E+19
0.8020313,4.132108E+19,-8.874888E+19,-4.742781E+19
0.8194798,4.136793E+19,-8.871564E+19,-4.734772E+19
0.8368784,4.137997E+19,-8.868515E+19,-4.730518E+19
0.8538467,4.139736E+19,-8.865612E+19,-4.725876E+19
0.870681,4.139751E+19,-8.862354E+19,-4.722603E+19
0.8877136,4.139195E+19,-8.858631E+19,-4.719436E+19
0.9040228,4.139161E+19,-8.85546E+19,-4.716299E+19
0.9214365,4.138936E+19,-8.853156E+19,-4.71422E+19
0.9374421,4.138612E+19,-8.850546E+19,-4.711934E+19
0.9541562,4.138816E+19,-8.848739E+19,-4.709923E+19
0.9710882,4.147757E+19,-8.844121E+19,-4.696363E+19
0.9890816,4.170467E+19,-8.841661E+19,-4.671194E+19
1.006173,4.172921E+19,-8.83729E+19,-4.664368E+19
1.022363,4.180173E+19,-8.832545E+19,-4.652372E+19
1.039413,4.185868E+19,-8.829296E+19,-4.643427E+19
1.055674,4.186975E+19,-8.825878E+19,-4.638903E+19
1.072596,4.189304E+19,-8.821517E+19,-4.632213E+19
1.08947,4.19046E+19,-8.817452E+19,-4.626992E+19
1.10567,4.191399E+19,-8.813341E+19,-4.621942E+19
1.123285,4.192996E+19,-8.808539E+19,-4.615543E+19
1.140355,4.193904E+19,-8.804033E+19,-4.61013E+19
1.157802,4.193784E+19,-8.799512E+19,-4.605728E+19
1.173914,4.194051E+19,-8.794986E+19,-4.600935E+19
1.191117,4.194146E+19,-8.790318E+19,-4.596171E+19
1.207074,4.193671E+19,-8.785985E+19,-4.592314E+19
1.223405,4.194846E+19,-8.783198E+19,-4.588352E+19
1.239946,4.242821E+19,-8.776913E+19,-4.534092E+19
1.256346,4.379215E+19,-8.77195E+19,-4.392736E+19
1.272988,4.378437E+19,-8.767774E+19,-4.389337E+19
1.290931,4.378086E+19,-8.762922E+19,-4.384837E+19
1.308077,4.377883E+19,-8.757796E+19,-4.379912E+19
1.324991,4.378028E+19,-8.752509E+19,-4.374481E+19
1.340697,4.378733E+19,-8.747134E+19,-4.368401E+19
1.358163,4.3809E+19,-8.741513E+19,-4.360613E+19
1.375846,4.381683E+19,-8.735786E+19,-4.354103E+19
1.392429,4.380815E+19,-8.729937E+19,-4.349121E+19
1.408694,4.380222E+19,-8.724433E+19,-4.344211E+19
1.426065,4.379408E+19,-8.719036E+19,-4.339628E+19
1.442396,4.378421E+19,-8.713167E+19,-4.334746E+19
1.459072,4.377211E+19,-8.707882E+19,-4.330672E+19
1.475684,4.376019E+19,-8.702234E+19,-4.326215E+19
1.491417,4.375279E+19,-8.696687E+19,-4.321409E+19
1.508449,4.373897E+19,-8.691494E+19,-4.317597E+19
1.524953,4.372895E+19,-8.68572E+19,-4.312825E+19
1.542276,4.37214E+19,-8.680207E+19,-4.308067E+19
1.55899,4.371336E+19,-8.674189E+19,-4.302853E+19
1.575883,4.370255E+19,-8.668084E+19,-4.297829E+19
1.592127,4.368596E+19,-8.662281E+19,-4.293684E+19
1.609157,4.36744E+19,-8.657439E+19,-4.289999E+19
1.625425,4.368999E+19,-8.65084E+19,-4.281841E+19
1.641867,4.373235E+19,-8.644354E+19,-4.271119E+19
1.658605,4.372271E+19,-8.637885E+19,-4.265613E+19
1.675125,4.370918E+19,-8.631429E+19,-4.260511E+19
1.692159,4.369443E+19,-8.625282E+19,-4.255839E+19
1.70864,4.368242E+19,-8.618811E+19,-4.250569E+19
1.725833,4.367325E+19,-8.612348E+19,-4.245023E+19
1.743741,4.365644E+19,-8.606124E+19,-4.240479E+19
1.765281,4.364102E+19,-8.598871E+19,-4.234768E+19
1.784937,4.362512E+19,-8.590444E+19,-4.227932E+19
1.80282,4.360993E+19,-8.582783E+19,-4.221791E+19
1.818569,4.359923E+19,-8.5752E+19,-4.215277E+19
1.835474,4.359096E+19,-8.568864E+19,-4.209768E+19
1.852125,4.359119E+19,-8.56204E+19,-4.202922E+19
1.868888,4.358377E+19,-8.554744E+19,-4.196367E+19
1.885098,4.356514E+19,-8.547514E+19,-4.190999E+19
1.90127,4.355168E+19,-8.540472E+19,-4.185303E+19
1.91783,4.354827E+19,-8.533535E+19,-4.178708E+19
1.93473,4.353261E+19,-8.526641E+19,-4.173381E+19
1.951257,4.351628E+19,-8.519282E+19,-4.167654E+19
1.96743,4.350278E+19,-8.511957E+19,-4.161679E+19
1.98348,4.349021E+19,-8.504915E+19,-4.155894E+19
2.000999,4.347595E+19,-8.497503E+19,-4.149908E+19
2.01816,4.346516E+19,-8.489603E+19,-4.143087E+19
2.036015,4.346562E+19,-8.481457E+19,-4.134895E+19
2.052372,4.346462E+19,-8.472755E+19,-4.126293E+19
2.068862,4.34494E+19,-8.465E+19,-4.12006E+19
2.087889,4.343217E+19,-8.45694E+19,-4.113723E+19
2.104159,4.340986E+19,-8.447919E+19,-4.106933E+19
2.120461,4.339038E+19,-8.439825E+19,-4.100787E+19
2.141129,4.336929E+19,-8.431447E+19,-4.094518E+19
2.156801,4.334451E+19,-8.421145E+19,-4.086694E+19
2.173841,4.332655E+19,-8.413481E+19,-4.080826E+19
2.190274,4.331013E+19,-8.404785E+19,-4.073772E+19
2.209897,4.329527E+19,-8.395968E+19,-4.066441E+19
2.226484,4.327328E+19,-8.385599E+19,-4.058271E+19
2.267873,4.325372E+19,-8.377021E+19,-4.051648E+19
2.2834,4.320868E+19,-8.354956E+19,-4.034088E+19
2.299686,4.319362E+19,-8.346253E+19,-4.026891E+19
2.316814,4.31793E+19,-8.33697E+19,-4.01904E+19
2.336746,4.316229E+19,-8.327325E+19,-4.011096E+19
2.350479,4.313893E+19,-8.316131E+19,-4.002238E+19
2.368852,4.312212E+19,-8.308191E+19,-3.995979E+19
2.391095,4.310196E+19,-8.297036E+19,-3.986841E+19
2.407844,4.308439E+19,-8.283501E+19,-3.975061E+19
2.425299,4.306328E+19,-8.273263E+19,-3.966935E+19
2.442989,4.304091E+19,-8.262784E+19,-3.958693E+19
2.459623,4.302093E+19,-8.251571E+19,-3.949477E+19
2.47826,4.300151E+19,-8.241146E+19,-3.940994E+19
2.497993,4.298049E+19,-8.228653E+19,-3.930604E+19
2.519091,4.295767E+19,-8.215686E+19,-3.919919E+19
2.535142,4.293103E+19,-8.201629E+19,-3.908527E+19
2.554856,4.291079E+19,-8.190775E+19,-3.899696E+19
2.574496,4.288821E+19,-8.177549E+19,-3.888728E+19
2.591957,4.286538E+19,-8.163672E+19,-3.877133E+19
2.60797,4.284728E+19,-8.151759E+19,-3.867031E+19
2.624561,4.282707E+19,-8.140874E+19,-3.858167E+19
2.641619,4.280901E+19,-8.129292E+19,-3.848391E+19
2.65773,4.278712E+19,-8.11737E+19,-3.838658E+19
2.674635,4.276713E+19,-8.106452E+19,-3.829739E+19
2.691133,4.27506E+19,-8.094162E+19,-3.819102E+19
2.707487,4.273965E+19,-8.082455E+19,-3.808491E+19
2.724063,4.272048E+19,-8.07105E+19,-3.799003E+19
2.7408,4.270057E+19,-8.058899E+19,-3.788841E+19
2.757492,4.267998E+19,-8.046636E+19,-3.778638E+19
2.773996,4.265794E+19,-8.034568E+19,-3.768774E+19
2.790842,4.26363E+19,-8.022468E+19,-3.758838E+19
2.807781,4.26147E+19,-8.010008E+19,-3.748538E+19
2.824435,4.259359E+19,-7.997602E+19,-3.738243E+19
2.841128,4.257239E+19,-7.985352E+19,-3.728113E+19
2.858374,4.255094E+19,-7.973019E+19,-3.717925E+19
2.876473,4.252802E+19,-7.960307E+19,-3.707505E+19
2.893591,4.250401E+19,-7.946938E+19,-3.696537E+19
2.911641,4.248106E+19,-7.934353E+19,-3.686247E+19
2.930973,4.245624E+19,-7.921128E+19,-3.675504E+19
2.950768,4.243149E+19,-7.906858E+19,-3.663709E+19
2.968611,4.240881E+19,-7.891981E+19,-3.651101E+19
2.987525,4.238519E+19,-7.878852E+19,-3.640333E+19
3.006283,4.236078E+19,-7.864959E+19,-3.628881E+19
3.025142,4.233767E+19,-7.851136E+19,-3.617369E+19
3.049289,4.23132E+19,-7.837453E+19,-3.606133E+19
3.064084,4.228166E+19,-7.820114E+19,-3.591948E+19
3.086054,4.226323E+19,-7.8089E+19,-3.582577E+19
3.103734,4.223473E+19,-7.792756E+19,-3.569283E+19
3.122208,4.221032E+19,-7.779769E+19,-3.558737E+19
3.138888,4.218602E+19,-7.766256E+19,-3.547654E+19
3.156703,4.216375E+19,-7.754036E+19,-3.537661E+19
3.17386,4.21395E+19,-7.741173E+19,-3.527223E+19
3.191661,4.211463E+19,-7.728994E+19,-3.517531E+19
3.208915,4.208932E+19,-7.715983E+19,-3.507051E+19
3.225344,4.20665E+19,-7.703816E+19,-3.497166E+19
3.242022,4.205406E+19,-7.691401E+19,-3.485995E+19
3.258659,4.204745E+19,-7.679162E+19,-3.474417E+19
3.275538,4.202808E+19,-7.667103E+19,-3.464295E+19
3.293379,4.200872E+19,-7.654913E+19,-3.45404E+19
3.318003,4.198697E+19,-7.641886E+19,-3.443189E+19
3.336693,4.196044E+19,-7.624142E+19,-3.428098E+19
3.354147,4.19363E+19,-7.610777E+19,-3.417147E+19
3.37254,4.191242E+19,-7.598372E+19,-3.40713E+19
3.402114,4.188693E+19,-7.585269E+19,-3.396576E+19
3.419636,4.184982E+19,-7.563974E+19,-3.378992E+19
3.438484,4.18275E+19,-7.551508E+19,-3.368758E+19
3.45707,4.180219E+19,-7.538084E+19,-3.357865E+19
3.476393,4.177788E+19,-7.524751E+19,-3.346963E+19
3.49583,4.175262E+19,-7.510697E+19,-3.335435E+19
3.519342,4.172743E+19,-7.496919E+19,-3.324175E+19
3.538081,4.169607E+19,-7.480405E+19,-3.310798E+19
3.557673,4.167063E+19,-7.467408E+19,-3.300345E+19
3.574136,4.164339E+19,-7.453785E+19,-3.289445E+19
3.5979,4.162087E+19,-7.442314E+19,-3.280226E+19
3.615294,4.158828E+19,-7.425714E+19,-3.266886E+19
3.632461,4.156631E+19,-7.413555E+19,-3.256924E+19
3.650484,4.154379E+19,-7.401701E+19,-3.247322E+19
3.667939,4.15197E+19,-7.389156E+19,-3.237187E+19
3.685642,4.14964E+19,-7.3771E+19,-3.22746E+19
3.701799,4.147325E+19,-7.364842E+19,-3.217516E+19
3.718705,4.145166E+19,-7.353771E+19,-3.208605E+19
3.735924,4.142778E+19,-7.342338E+19,-3.19956E+19
3.753804,4.140346E+19,-7.33065E+19,-3.190304E+19
3.773275,4.137857E+19,-7.318516E+19,-3.180658E+19
3.791492,4.135047E+19,-7.30526E+19,-3.170213E+19
3.81038,4.132421E+19,-7.292908E+19,-3.160487E+19
3.832332,4.129728E+19,-7.280232E+19,-3.150504E+19
3.849934,4.126654E+19,-7.265486E+19,-3.138831E+19
3.867808,4.124225E+19,-7.253721E+19,-3.129496E+19
3.885498,4.121759E+19,-7.241611E+19,-3.119852E+19
3.901778,4.119335E+19,-7.22973E+19,-3.110394E+19
3.918569,4.117047E+19,-7.21881E+19,-3.101763E+19
3.935031,4.114668E+19,-7.207659E+19,-3.092992E+19
3.95225,4.112369E+19,-7.196686E+19,-3.084317E+19
3.968443,4.109974E+19,-7.185434E+19,-3.07546E+19
3.984856,4.107979E+19,-7.174681E+19,-3.066702E+19
4.001485,4.106294E+19,-7.163608E+19,-3.057314E+19
4.01968,4.104023E+19,-7.152586E+19,-3.048562E+19
4.037624,4.101546E+19,-7.140611E+19,-3.039065E+19
4.054804,4.099158E+19,-7.128852E+19,-3.029694E+19
4.071912,4.096862E+19,-7.117687E+19,-3.020826E+19
4.088346,4.094548E+19,-7.106618E+19,-3.012069E+19
4.109069,4.092308E+19,-7.095805E+19,-3.003497E+19
4.124488,4.089498E+19,-7.082392E+19,-2.992893E+19
4.141051,4.087397E+19,-7.07249E+19,-2.985094E+19
4.157512,4.085108E+19,-7.061896E+19,-2.976787E+19
4.174799,4.082978E+19,-7.05129E+19,-2.968312E+19
4.191202,4.080799E+19,-7.040211E+19,-2.959413E+19
4.207891,4.078567E+19,-7.029933E+19,-2.951365E+19
4.224023,4.076478E+19,-7.019386E+19,-2.942909E+19
4.240333,4.074412E+19,-7.008988E+19,-2.934576E+19
4.256595,4.072205E+19,-6.998494E+19,-2.926289E+19
4.27289,4.070037E+19,-6.988155E+19,-2.918118E+19
4.289077,4.067857E+19,-6.97785E+19,-2.909993E+19
4.305574,4.065711E+19,-6.967718E+19,-2.902007E+19
4.322252,4.063561E+19,-6.957419E+19,-2.893858E+19
4.338531,4.061427E+19,-6.947005E+19,-2.885579E+19
4.354982,4.059381E+19,-6.936981E+19,-2.8776E+19
4.371477,4.057279E+19,-6.926865E+19,-2.869586E+19
4.387908,4.055174E+19,-6.916793E+19,-2.861619E+19
4.404359,4.0532E+19,-6.906563E+19,-2.853363E+19
4.420829,4.05107E+19,-6.896305E+19,-2.845235E+19
4.437459,4.048895E+19,-6.886169E+19,-2.837274E+19
4.455437,4.046658E+19,-6.875747E+19,-2.829089E+19
4.47375,4.044278E+19,-6.864681E+19,-2.820403E+19
4.490526,4.041738E+19,-6.85357E+19,-2.811832E+19
4.507348,4.039483E+19,-6.84332E+19,-2.803837E+19
4.525247,4.037191E+19,-6.833045E+19,-2.795854E+19
4.550485,4.034755E+19,-6.822132E+19,-2.787377E+19
4.567732,4.031483E+19,-6.806783E+19,-2.7753E+19
4.5852,4.029331E+19,-6.796406E+19,-2.767075E+19
4.602619,4.027143E+19,-6.785895E+19,-2.758752E+19
4.619406,4.024967E+19,-6.775543E+19,-2.750576E+19
4.636132,4.022872E+19,-6.765559E+19,-2.742687E+19
4.652846,4.020752E+19,-6.755704E+19,-2.734952E+19
4.669547,4.018579E+19,-6.745837E+19,-2.727258E+19
4.68628,4.016346E+19,-6.735932E+19,-2.719587E+19
4.703378,4.014169E+19,-6.726168E+19,-2.712E+19
4.720249,4.011988E+19,-6.716228E+19,-2.70424E+19
4.736989,4.009824E+19,-6.706433E+19,-2.696609E+19
4.753531,4.007674E+19,-6.696917E+19,-2.689243E+19
4.769736,4.005564E+19,-6.687131E+19,-2.681566E+19
4.787337,4.003551E+19,-6.677554E+19,-2.674003E+19
4.803187,4.001395E+19,-6.667408E+19,-2.666013E+19
4.819435,3.999441E+19,-6.658258E+19,-2.658817E+19
4.836161,3.997492E+19,-6.648858E+19,-2.651366E+19
4.853758,3.995465E+19,-6.639258E+19,-2.643793E+19
4.870191,3.993222E+19,-6.629334E+19,-2.636112E+19
4.885783,3.991122E+19,-6.620006E+19,-2.628884E+19
4.902647,3.989122E+19,-6.611119E+19,-2.621997E+19
4.918997,3.986946E+19,-6.601609E+19,-2.614664E+19
4.935511,3.984869E+19,-6.592443E+19,-2.607575E+19
4.9526,3.983136E+19,-6.583257E+19,-2.600122E+19
4.970407,3.981757E+19,-6.573638E+19,-2.591881E+19
4.988952,3.979562E+19,-6.563677E+19,-2.584115E+19
5.008052,3.97729E+19,-6.553252E+19,-2.575963E+19
5.02593,3.974909E+19,-6.542631E+19,-2.567722E+19
5.048072,3.97269E+19,-6.532654E+19,-2.559964E+19
5.067095,3.969992E+19,-6.520349E+19,-2.550357E+19
5.085469,3.967631E+19,-6.50988E+19,-2.542249E+19
5.103007,3.965336E+19,-6.49985E+19,-2.534514E+19
5.119865,3.963127E+19,-6.490145E+19,-2.527018E+19
5.136222,3.961045E+19,-6.480914E+19,-2.51987E+19
5.152935,3.959068E+19,-6.472241E+19,-2.513173E+19
5.170605,3.957385E+19,-6.463156E+19,-2.505771E+19
5.188937,3.955725E+19,-6.453538E+19,-2.497813E+19
5.20847,3.95352E+19,-6.443583E+19,-2.490063E+19
5.22625,3.951141E+19,-6.433118E+19,-2.481977E+19
5.24805,3.949008E+19,-6.423506E+19,-2.474498E+19
5.267941,3.946417E+19,-6.411921E+19,-2.465504E+19
5.285639,3.944056E+19,-6.401507E+19,-2.457452E+19
5.303015,3.941928E+19,-6.392047E+19,-2.450119E+19
5.31895,3.939855E+19,-6.382871E+19,-2.443016E+19
5.340031,3.937958E+19,-6.374502E+19,-2.436544E+19
5.355818,3.935498E+19,-6.36358E+19,-2.428081E+19
5.372647,3.933786E+19,-6.35542E+19,-2.421634E+19
5.391715,3.931749E+19,-6.346461E+19,-2.414711E+19
5.414719,3.929609E+19,-6.336716E+19,-2.407106E+19
5.431773,3.926878E+19,-6.324927E+19,-2.398049E+19
5.449763,3.924963E+19,-6.316024E+19,-2.391062E+19
5.466387,3.923042E+19,-6.306807E+19,-2.383765E+19
5.48362,3.921195E+19,-6.29835E+19,-2.377155E+19
5.501886,3.919202E+19,-6.289682E+19,-2.370481E+19
5.52048,3.917021E+19,-6.280524E+19,-2.363503E+19
5.537272,3.914838E+19,-6.271259E+19,-2.356422E+19
5.555207,3.912909E+19,-6.262875E+19,-2.349966E+19
5.573414,3.910836E+19,-6.253963E+19,-2.343127E+19
5.590716,3.908717E+19,-6.24504E+19,-2.336323E+19
5.607787,3.906735E+19,-6.236544E+19,-2.329809E+19
5.625155,3.904926E+19,-6.228127E+19,-2.323202E+19
5.641367,3.903217E+19,-6.219596E+19,-2.316379E+19
5.657446,3.90151E+19,-6.211847E+19,-2.310336E+19
5.673671,3.899677E+19,-6.203783E+19,-2.304106E+19
5.697651,3.898036E+19,-6.195934E+19,-2.297897E+19
5.716636,3.897019E+19,-6.184458E+19,-2.287439E+19
5.732594,3.894921E+19,-6.175148E+19,-2.280227E+19
5.750114,3.89316E+19,-6.167596E+19,-2.274437E+19
5.767532,3.891187E+19,-6.159091E+19,-2.267904E+19
5.786856,3.889395E+19,-6.150719E+19,-2.261324E+19
5.803094,3.88752E+19,-6.141495E+19,-2.253975E+19
5.81964,3.885694E+19,-6.133694E+19,-2.248E+19
5.836166,3.883837E+19,-6.125826E+19,-2.241989E+19
5.853461,3.881985E+19,-6.118018E+19,-2.236032E+19
5.870014,3.88006E+19,-6.10991E+19,-2.229849E+19
5.88721,3.878227E+19,-6.102228E+19,-2.224002E+19
5.903717,3.876313E+19,-6.094218E+19,-2.217905E+19
5.919915,3.87443E+19,-6.086591E+19,-2.212161E+19
5.936707,3.872626E+19,-6.079103E+19,-2.206476E+19
5.953005,3.870852E+19,-6.071384E+19,-2.200532E+19
5.969875,3.869117E+19,-6.063763E+19,-2.194646E+19
5.988215,3.867315E+19,-6.055941E+19,-2.188626E+19
6.006953,3.865451E+19,-6.047754E+19,-2.182304E+19
6.024305,3.863642E+19,-6.03896E+19,-2.175318E+19
6.041753,3.861917E+19,-6.030983E+19,-2.169066E+19
6.061387,3.860022E+19,-6.023057E+19,-2.163035E+19
6.082998,3.857927E+19,-6.014272E+19,-2.156345E+19
6.10361,3.855725E+19,-6.004424E+19,-2.148699E+19
6.130796,3.85369E+19,-5.995099E+19,-2.14141E+19
6.154932,3.850863E+19,-5.982761E+19,-2.131898E+19
6.171316,3.848432E+19,-5.972079E+19,-2.123647E+19
6.191385,3.84672E+19,-5.964849E+19,-2.11813E+19
6.213234,3.844623E+19,-5.956042E+19,-2.111419E+19
6.237246,3.84246E+19,-5.946582E+19,-2.104123E+19
6.257108,3.840065E+19,-5.936254E+19,-2.09619E+19
6.275996,3.83801E+19,-5.927903E+19,-2.089893E+19
6.296904,3.836066E+19,-5.919501E+19,-2.083436E+19
6.318205,3.833948E+19,-5.910553E+19,-2.076605E+19
6.339598,3.831696E+19,-5.901449E+19,-2.069753E+19
6.357756,3.829462E+19,-5.892428E+19,-2.062966E+19
6.374106,3.827621E+19,-5.884667E+19,-2.057046E+19
6.391831,3.825962E+19,-5.877727E+19,-2.051764E+19
6.413539,3.824109E+19,-5.870282E+19,-2.046174E+19
6.4429,3.821906E+19,-5.861417E+19,-2.039511E+19
6.454973,3.81902E+19,-5.849117E+19,-2.030097E+19
6.471703,3.81786E+19,-5.844152E+19,-2.026292E+19
6.488938,3.816271E+19,-5.837159E+19,-2.020888E+19
6.505538,3.814669E+19,-5.830029E+19,-2.01536E+19
6.522813,3.812953E+19,-5.823284E+19,-2.010331E+19
6.540506,3.811194E+19,-5.816055E+19,-2.004861E+19
6.557497,3.809377E+19,-5.808828E+19,-1.99945E+19
6.574289,3.807679E+19,-5.801944E+19,-1.994265E+19
6.591656,3.806013E+19,-5.795185E+19,-1.989172E+19
6.613375,3.804364E+19,-5.788165E+19,-1.983801E+19
6.631089,3.80228E+19,-5.779448E+19,-1.977168E+19
6.647587,3.800567E+19,-5.772294E+19,-1.971728E+19
6.665479,3.798974E+19,-5.765703E+19,-1.966729E+19
6.68403,3.797284E+19,-5.75848E+19,-1.961196E+19
6.701923,3.795562E+19,-5.751087E+19,-1.955525E+19
6.718421,3.793971E+19,-5.74403E+19,-1.950059E+19
6.735829,3.792534E+19,-5.73763E+19,-1.945096E+19
6.753012,3.790901E+19,-5.730798E+19,-1.939897E+19
6.769146,3.789391E+19,-5.724237E+19,-1.934847E+19
6.786041,3.787909E+19,-5.717999E+19,-1.930089E+19
6.802741,3.786419E+19,-5.711238E+19,-1.924819E+19
6.820426,3.784984E+19,-5.704648E+19,-1.919663E+19
6.838819,3.783394E+19,-5.697892E+19,-1.914499E+19
6.857218,3.781699E+19,-5.690709E+19,-1.909009E+19
6.875182,3.780051E+19,-5.683632E+19,-1.903581E+19
6.898262,3.778426E+19,-5.676743E+19,-1.898317E+19
6.914929,3.776365E+19,-5.667979E+19,-1.891614E+19
6.932049,3.774877E+19,-5.661684E+19,-1.886807E+19
6.948955,3.773262E+19,-5.655119E+19,-1.881857E+19
6.965019,3.771695E+19,-5.648727E+19,-1.877032E+19
6.981404,3.770256E+19,-5.642455E+19,-1.872199E+19
6.998562,3.768786E+19,-5.636177E+19,-1.867391E+19
7.016471,3.767288E+19,-5.62972E+19,-1.862432E+19
7.033547,3.765452E+19,-5.623073E+19,-1.857621E+19
7.050737,3.763787E+19,-5.616583E+19,-1.852796E+19
7.067657,3.762316E+19,-5.610077E+19,-1.847761E+19
7.085147,3.760832E+19,-5.603696E+19,-1.842864E+19
7.102214,3.759295E+19,-5.597212E+19,-1.837917E+19
7.119922,3.757802E+19,-5.590987E+19,-1.833185E+19
7.136626,3.756272E+19,-5.584456E+19,-1.828184E+19
7.153584,3.754783E+19,-5.578253E+19,-1.82347E+19
7.176133,3.753274E+19,-5.571951E+19,-1.818676E+19
7.196595,3.751257E+19,-5.563652E+19,-1.812395E+19
7.214674,3.749438E+19,-5.556189E+19,-1.806751E+19
7.232348,3.747901E+19,-5.549531E+19,-1.80163E+19
7.250639,3.746433E+19,-5.54313E+19,-1.796697E+19
7.267506,3.744894E+19,-5.536542E+19,-1.791648E+19
7.283851,3.743455E+19,-5.530456E+19,-1.787E+19
7.3009,3.742066E+19,-5.52461E+19,-1.782544E+19
7.317916,3.740659E+19,-5.51855E+19,-1.777891E+19
7.334123,3.739256E+19,-5.512672E+19,-1.773416E+19
7.352489,3.73794E+19,-5.507061E+19,-1.769121E+19
7.368478,3.736483E+19,-5.50053E+19,-1.764048E+19
7.384798,3.735119E+19,-5.494822E+19,-1.759703E+19
7.400918,3.733664E+19,-5.488982E+19,-1.755318E+19
7.417482,3.732312E+19,-5.483291E+19,-1.750979E+19
7.433866,3.730934E+19,-5.477556E+19,-1.746622E+19
7.450116,3.729567E+19,-5.471835E+19,-1.742268E+19
7.466753,3.728221E+19,-5.466166E+19,-1.737946E+19
7.48331,3.805655E+19,-5.460272E+19,-1.654617E+19
7.502025,4.034369E+19,-5.454378E+19,-1.420009E+19
7.518675,4.032969E+19,-5.447757E+19,-1.414788E+19
7.537027,4.031578E+19,-5.441951E+19,-1.410373E+19
7.554127,4.030053E+19,-5.435561E+19,-1.405508E+19
7.570095,4.028645E+19,-5.429622E+19,-1.400977E+19
7.587237,4.02734E+19,-5.424104E+19,-1.396763E+19
7.604576,4.025961E+19,-5.418142E+19,-1.392181E+19
7.621484,4.024557E+19,-5.412111E+19,-1.387554E+19
7.638683,4.023189E+19,-5.406217E+19,-1.383028E+19
7.657219,4.02182E+19,-5.400259E+19,-1.378439E+19
7.673166,4.02034E+19,-5.393909E+19,-1.373569E+19
7.689776,4.019058E+19,-5.388467E+19,-1.369408E+19
7.70585,4.017718E+19,-5.382914E+19,-1.365196E+19
7.722261,4.016454E+19,-5.377323E+19,-1.36087E+19
7.739315,4.015213E+19,-5.37198E+19,-1.356767E+19
7.757332,4.013907E+19,-5.365946E+19,-1.352039E+19
7.773878,4.012643E+19,-5.359754E+19,-1.347112E+19
7.790779,4.011481E+19,-5.35418E+19,-1.342699E+19
7.812655,4.010357E+19,-5.348517E+19,-1.33816E+19
7.831007,4.00891E+19,-5.341205E+19,-1.332295E+19
7.846982,4.007527E+19,-5.33507E+19,-1.327543E+19
7.864817,4.006282E+19,-5.329785E+19,-1.323504E+19
7.881159,4.004905E+19,-5.323918E+19,-1.319014E+19
7.897584,4.003672E+19,-5.318567E+19,-1.314895E+19
7.9158,4.002394E+19,-5.313303E+19,-1.310909E+19
7.931855,4.001097E+19,-5.307295E+19,-1.306197E+19
7.948592,3.999941E+19,-5.302023E+19,-1.302081E+19
7.966267,3.998635E+19,-5.296748E+19,-1.298112E+19
7.982336,3.997376E+19,-5.290792E+19,-1.293417E+19
7.999026,3.996402E+19,-5.285475E+19,-1.289073E+19
8.016029,3.995159E+19,-5.280062E+19,-1.284902E+19
8.032266,3.993914E+19,-5.274795E+19,-1.280881E+19
8.048846,3.992663E+19,-5.269364E+19,-1.276701E+19
8.065277,3.991452E+19,-5.263998E+19,-1.272546E+19
8.082164,3.990253E+19,-5.258708E+19,-1.268455E+19
8.099481,3.989012E+19,-5.253423E+19,-1.264411E+19
8.117337,3.987797E+19,-5.247863E+19,-1.260066E+19
8.136477,3.986567E+19,-5.242156E+19,-1.255589E+19
8.153015,3.985245E+19,-5.235941E+19,-1.250696E+19
8.169518,3.984072E+19,-5.230671E+19,-1.246599E+19
8.186434,3.982784E+19,-5.225516E+19,-1.242732E+19
8.203333,3.981526E+19,-5.220339E+19,-1.238813E+19
8.21979,3.980353E+19,-5.215115E+19,-1.234761E+19
8.23697,3.979206E+19,-5.210031E+19,-1.230825E+19
8.253296,3.977989E+19,-5.204791E+19,-1.226802E+19
8.269774,3.976833E+19,-5.200113E+19,-1.22328E+19
8.285997,3.97599E+19,-5.194609E+19,-1.21862E+19
8.303206,3.975566E+19,-5.189589E+19,-1.214023E+19
8.32033,3.974355E+19,-5.184375E+19,-1.21002E+19
8.336769,3.973182E+19,-5.179238E+19,-1.206056E+19
8.353564,3.97205E+19,-5.174225E+19,-1.202176E+19
8.369825,3.970904E+19,-5.169142E+19,-1.198238E+19
8.386224,3.969821E+19,-5.164336E+19,-1.194516E+19
8.402832,3.968768E+19,-5.159574E+19,-1.190805E+19
8.419127,3.967754E+19,-5.154458E+19,-1.186704E+19
8.436314,3.966731E+19,-5.149419E+19,-1.182688E+19
8.452823,3.965543E+19,-5.144319E+19,-1.178776E+19
8.469816,3.964407E+19,-5.139328E+19,-1.174922E+19
8.486757,3.963231E+19,-5.134182E+19,-1.170951E+19
8.505666,3.962017E+19,-5.129164E+19,-1.167147E+19
8.522691,3.960741E+19,-5.123568E+19,-1.162826E+19
8.539473,3.95964E+19,-5.118673E+19,-1.159033E+19
8.556097,3.958873E+19,-5.113464E+19,-1.15459E+19
8.572927,3.958704E+19,-5.108579E+19,-1.149875E+19
8.590865,3.957624E+19,-5.103551E+19,-1.145926E+19
8.607203,3.956469E+19,-5.0982E+19,-1.141731E+19
8.622904,3.955425E+19,-5.09341E+19,-1.137984E+19
8.639836,3.954459E+19,-5.088898E+19,-1.134439E+19
8.656712,3.95349E+19,-5.084165E+19,-1.130675E+19
8.673083,3.952555E+19,-5.079303E+19,-1.126748E+19
8.689993,3.951566E+19,-5.074517E+19,-1.122951E+19
8.706371,3.950531E+19,-5.069744E+19,-1.119213E+19
8.723317,3.949458E+19,-5.065162E+19,-1.115704E+19
8.739929,3.948376E+19,-5.060468E+19,-1.112092E+19
8.756185,3.947374E+19,-5.055565E+19,-1.108192E+19
8.773181,3.946685E+19,-5.050958E+19,-1.104273E+19
8.78956,3.945838E+19,-5.046188E+19,-1.10035E+19
8.806918,3.944742E+19,-5.041535E+19,-1.096793E+19
8.824183,3.943495E+19,-5.036719E+19,-1.093224E+19
8.840657,3.942371E+19,-5.03192E+19,-1.089549E+19
8.857532,3.941277E+19,-5.027248E+19,-1.085971E+19
8.873903,3.940238E+19,-5.022608E+19,-1.08237E+19
8.890493,3.93919E+19,-5.018063E+19,-1.078874E+19
8.907069,3.938135E+19,-5.013397E+19,-1.075262E+19
8.923701,3.937221E+19,-5.008746E+19,-1.071526E+19
8.940106,3.93627E+19,-5.004161E+19,-1.067891E+19
8.956129,3.935272E+19,-4.999686E+19,-1.064414E+19
8.972299,3.934312E+19,-4.995363E+19,-1.061051E+19
8.988768,3.933335E+19,-4.991051E+19,-1.057717E+19
9.005009,3.932353E+19,-4.986682E+19,-1.05433E+19
9.021826,3.931405E+19,-4.982349E+19,-1.050943E+19
9.03882,3.930386E+19,-4.977759E+19,-1.047373E+19
9.055677,3.929361E+19,-4.973239E+19,-1.043879E+19
9.0724,3.92841E+19,-4.968856E+19,-1.040446E+19
9.089053,3.927461E+19,-4.964434E+19,-1.036973E+19
9.113253,3.926511E+19,-4.960003E+19,-1.033491E+19
9.131601,3.925104E+19,-4.953567E+19,-1.028463E+19
9.148307,3.924042E+19,-4.948825E+19,-1.024783E+19
9.165685,3.923109E+19,-4.94464E+19,-1.021532E+19
9.182218,3.92213E+19,-4.940272E+19,-1.018142E+19
9.199692,3.921207E+19,-4.936162E+19,-1.014956E+19
9.215998,3.92027E+19,-4.931652E+19,-1.011382E+19
9.23257,3.919487E+19,-4.927334E+19,-1.007847E+19
9.248619,3.918605E+19,-4.923095E+19,-1.00449E+19
9.265025,3.917697E+19,-4.919104E+19,-1.001407E+19
9.281758,3.91677E+19,-4.9149E+19,-9.981292E+18
9.298436,3.915963E+19,-4.910726E+19,-9.947629E+18
9.314925,3.915348E+19,-4.906429E+19,-9.910813E+18
9.332502,3.914626E+19,-4.902299E+19,-9.876728E+18
9.352445,3.913747E+19,-4.897992E+19,-9.842445E+18
9.368436,3.912695E+19,-4.893158E+19,-9.804627E+18
9.385147,3.911837E+19,-4.889336E+19,-9.774988E+18
9.401191,3.91098E+19,-4.885347E+19,-9.743679E+18
9.418152,3.910148E+19,-4.88155E+19,-9.714018E+18
9.434678,3.909209E+19,-4.877211E+19,-9.680021E+18
9.451617,3.908341E+19,-4.873251E+19,-9.649099E+18
9.468556,3.90745E+19,-4.869129E+19,-9.61679E+18
9.484638,3.906614E+19,-4.86486E+19,-9.582464E+18
9.501143,3.905779E+19,-4.860866E+19,-9.550868E+18
9.519557,3.90488E+19,-4.856898E+19,-9.520174E+18
9.53582,3.903891E+19,-4.852421E+19,-9.485302E+18
9.552383,3.903018E+19,-4.848502E+19,-9.454841E+18
9.568482,3.902151E+19,-4.84457E+19,-9.424182E+18
9.585872,3.901329E+19,-4.840837E+19,-9.395081E+18
9.602835,3.900451E+19,-4.836859E+19,-9.364088E+18
9.620148,3.899623E+19,-4.833E+19,-9.333772E+18
9.636477,3.898742E+19,-4.829076E+19,-9.303337E+18
9.653684,3.897964E+19,-4.82525E+19,-9.272859E+18
9.680837,3.897179E+19,-4.821241E+19,-9.240626E+18
9.691665,3.895782E+19,-4.814796E+19,-9.19014E+18
9.70803,3.895204E+19,-4.8123E+19,-9.170965E+18
9.723825,3.894378E+19,-4.808563E+19,-9.141845E+18
9.741808,3.893586E+19,-4.805025E+19,-9.114384E+18
9.763399,3.892696E+19,-4.801183E+19,-9.084864E+18
9.78131,3.891677E+19,-4.796177E+19,-9.044996E+18
9.797306,3.890837E+19,-4.792145E+19,-9.013084E+18
9.819366,3.890065E+19,-4.788582E+19,-8.985169E+18
9.833531,3.888973E+19,-4.78374E+19,-8.947672E+18
9.850245,3.88821E+19,-4.780465E+19,-8.92255E+18
9.866801,3.88734E+19,-4.776814E+19,-8.894746E+18
9.883412,3.88657E+19,-4.773166E+19,-8.865969E+18
9.899846,3.885873E+19,-4.76967E+19,-8.837967E+18
9.916652,3.884953E+19,-4.766031E+19,-8.810774E+18
9.932721,3.884076E+19,-4.762514E+19,-8.784381E+18
9.949142,3.883363E+19,-4.759135E+19,-8.75772E+18
9.966004,3.882625E+19,-4.755675E+19,-8.730492E+18
9.983717,3.881863E+19,-4.752131E+19,-8.702674E+18
10.00028,3.881079E+19,-4.748185E+19,-8.671057E+18
10.01785,3.880304E+19,-4.744771E+19,-8.644668E+18
10.03529,3.879639E+19,-4.741001E+19,-8.613622E+18
10.05182,3.879047E+19,-4.737311E+19,-8.582643E+18
10.06846,3.878317E+19,-4.733855E+19,-8.555388E+18
10.08556,3.877576E+19,-4.730491E+19,-8.529145E+18
10.10196,3.876838E+19,-4.726986E+19,-8.501481E+18
10.12068,3.876083E+19,-4.723679E+19,-8.475964E+18
10.13656,3.875187E+19,-4.71995E+19,-8.447631E+18
10.16161,3.874409E+19,-4.716725E+19,-8.423152E+18
10.17103,3.873169E+19,-4.711556E+19,-8.383864E+18
10.18717,3.872687E+19,-4.709712E+19,-8.370257E+18
10.20451,3.871952E+19,-4.706444E+19,-8.344919E+18
10.23022,3.871146E+19,-4.702912E+19,-8.317652E+18
10.24908,3.869894E+19,-4.697924E+19,-8.280303E+18
10.26526,3.869004E+19,-4.69436E+19,-8.253559E+18
10.28164,3.8683E+19,-4.691264E+19,-8.229638E+18
10.29776,3.86766E+19,-4.688034E+19,-8.203742E+18
10.31489,3.866956E+19,-4.684749E+19,-8.17793E+18
10.33212,3.866167E+19,-4.681449E+19,-8.152822E+18
10.34842,3.865509E+19,-4.678161E+19,-8.126517E+18
10.36521,3.864889E+19,-4.675093E+19,-8.102037E+18
10.38241,3.864147E+19,-4.671913E+19,-8.077668E+18
10.39866,3.863415E+19,-4.668644E+19,-8.052291E+18
10.41542,3.862743E+19,-4.665638E+19,-8.028955E+18
10.4321,3.862042E+19,-4.662539E+19,-8.004972E+18
10.44892,3.861346E+19,-4.659466E+19,-7.981201E+18
10.4658,3.860739E+19,-4.656571E+19,-7.958322E+18
10.48256,3.860137E+19,-4.653249E+19,-7.93112E+18
10.49901,3.859457E+19,-4.649958E+19,-7.905005E+18
10.51639,3.858728E+19,-4.646789E+19,-7.880618E+18
10.53317,3.858006E+19,-4.643555E+19,-7.855496E+18
10.55014,3.857342E+19,-4.640361E+19,-7.830194E+18
10.5663,3.856607E+19,-4.637265E+19,-7.806581E+18
10.58315,3.855947E+19,-4.634273E+19,-7.783258E+18
10.59981,3.855313E+19,-4.631301E+19,-7.759878E+18
10.61708,3.854678E+19,-4.6283E+19,-7.736225E+18
10.63428,3.853985E+19,-4.625107E+19,-7.711222E+18
10.65219,3.853276E+19,-4.622058E+19,-7.68782E+18
10.66924,3.852495E+19,-4.618738E+19,-7.662426E+18
10.68522,3.851821E+19,-4.615796E+19,-7.639759E+18
10.70146,3.851144E+19,-4.61297E+19,-7.618261E+18
10.71787,3.850473E+19,-4.61018E+19,-7.597071E+18
10.73447,3.849845E+19,-4.607273E+19,-7.574281E+18
10.75105,3.849226E+19,-4.604358E+19,-7.551323E+18
10.76826,3.848594E+19,-4.601224E+19,-7.526298E+18
10.7854,3.84793E+19,-4.598022E+19,-7.500921E+18
10.80342,3.847323E+19,-4.595027E+19,-7.47704E+18
10.81829,3.846699E+19,-4.59166E+19,-7.449609E+18
10.83536,3.846159E+19,-4.588964E+19,-7.42805E+18
10.85204,3.845488E+19,-4.585963E+19,-7.404749E+18
10.86847,3.844855E+19,-4.583008E+19,-7.381532E+18
10.88473,3.844223E+19,-4.580127E+19,-7.359031E+18
10.90057,3.843527E+19,-4.576997E+19,-7.334701E+18
10.91672,3.842899E+19,-4.574077E+19,-7.311779E+18
10.93311,3.84229E+19,-4.57108E+19,-7.287906E+18
10.94957,3.841618E+19,-4.568026E+19,-7.264078E+18
10.96698,3.840959E+19,-4.56496E+19,-7.240011E+18
10.98547,3.840269E+19,-4.561916E+19,-7.216473E+18
11.00208,3.839544E+19,-4.558657E+19,-7.191127E+18
11.01868,3.83888E+19,-4.555646E+19,-7.167659E+18
11.03507,3.838152E+19,-4.552523E+19,-7.143712E+18
11.05214,3.837466E+19,-4.549571E+19,-7.121044E+18
11.06837,3.836799E+19,-4.546552E+19,-7.097532E+18
11.08494,3.836185E+19,-4.543811E+19,-7.076259E+18
11.10128,3.835623E+19,-4.541144E+19,-7.055201E+18
11.11779,3.835113E+19,-4.537973E+19,-7.028606E+18
11.13392,3.834862E+19,-4.535112E+19,-7.002495E+18
11.15056,3.834265E+19,-4.532319E+19,-6.98054E+18
11.16712,3.833728E+19,-4.529303E+19,-6.955744E+18
11.18385,3.833313E+19,-4.526183E+19,-6.9287E+18
11.20076,3.832878E+19,-4.523214E+19,-6.903367E+18
11.21747,3.83228E+19,-4.520285E+19,-6.880053E+18
11.23381,3.831701E+19,-4.517467E+19,-6.857658E+18
11.25031,3.831147E+19,-4.514717E+19,-6.835708E+18
11.26709,3.830624E+19,-4.511957E+19,-6.813331E+18
11.28359,3.830076E+19,-4.509018E+19,-6.789418E+18
11.30024,3.829522E+19,-4.50602E+19,-6.764974E+18
11.31651,3.82899E+19,-4.503159E+19,-6.741686E+18
11.33331,3.82845E+19,-4.500281E+19,-6.718311E+18
11.34995,3.827885E+19,-4.497434E+19,-6.695489E+18
11.37042,3.827293E+19,-4.494676E+19,-6.673833E+18
11.38664,3.826655E+19,-4.491221E+19,-6.645668E+18
11.40375,3.826271E+19,-4.488484E+19,-6.62213E+18
11.4211,3.825871E+19,-4.485821E+19,-6.599506E+18
11.43765,3.825712E+19,-4.482291E+19,-6.565795E+18
11.4545,3.827013E+19,-4.479354E+19,-6.523411E+18
11.47263,3.826473E+19,-4.476452E+19,-6.499789E+18
11.48912,3.825903E+19,-4.473188E+19,-6.472843E+18
11.5059,3.825358E+19,-4.470343E+19,-6.449858E+18
11.52399,3.824801E+19,-4.467509E+19,-6.427076E+18
11.54128,3.824242E+19,-4.464488E+19,-6.402456E+18
11.56276,3.823685E+19,-4.461524E+19,-6.37839E+18
11.57435,3.823007E+19,-4.457786E+19,-6.347784E+18
11.59305,3.822642E+19,-4.455813E+19,-6.331705E+18
11.61443,3.822064E+19,-4.452603E+19,-6.305396E+18
11.63125,3.821386E+19,-4.448797E+19,-6.274112E+18
11.65122,3.820827E+19,-4.446035E+19,-6.252083E+18
11.66858,3.820232E+19,-4.442746E+19,-6.22514E+18
11.68463,3.819756E+19,-4.440099E+19,-6.203431E+18
11.701,3.81937E+19,-4.437376E+19,-6.180069E+18
11.7179,3.819022E+19,-4.434639E+19,-6.156166E+18
11.73419,3.818578E+19,-4.432028E+19,-6.134505E+18
11.75525,3.818096E+19,-4.429202E+19,-6.111059E+18
11.77356,3.817571E+19,-4.425689E+19,-6.081175E+18
11.79609,3.817086E+19,-4.422727E+19,-6.056405E+18
11.81611,3.816477E+19,-4.418987E+19,-6.025095E+18
11.83415,3.815975E+19,-4.415563E+19,-5.995883E+18
11.85164,3.815549E+19,-4.412575E+19,-5.970251E+18
11.86878,3.815062E+19,-4.409782E+19,-5.947206E+18
11.8856,3.814516E+19,-4.40703E+19,-5.925141E+18
11.90244,3.814018E+19,-4.404308E+19,-5.9029E+18
11.91972,3.813485E+19,-4.401487E+19,-5.880021E+18
11.9361,3.812922E+19,-4.398567E+19,-5.856443E+18
11.95279,3.812382E+19,-4.395752E+19,-5.833705E+18
11.97029,3.811911E+19,-4.392933E+19,-5.810224E+18
11.98814,3.811442E+19,-4.39014E+19,-5.78698E+18
12.00557,3.810919E+19,-4.387382E+19,-5.76463E+18
12.02283,3.81039E+19,-4.384584E+19,-5.741944E+18
12.03982,3.809841E+19,-4.381764E+19,-5.719228E+18
12.0576,3.809353E+19,-4.378968E+19,-5.696152E+18
12.07931,3.808941E+19,-4.376134E+19,-5.671927E+18
12.09131,3.808507E+19,-4.372716E+19,-5.642087E+18
12.10766,3.808269E+19,-4.370339E+19,-5.620695E+18
12.12445,3.808055E+19,-4.367373E+19,-5.59318E+18
12.14052,3.807639E+19,-4.364456E+19,-5.568173E+18
12.1582,3.807163E+19,-4.36174E+19,-5.54577E+18
12.18486,3.806632E+19,-4.358837E+19,-5.52206E+18
12.19749,3.805882E+19,-4.354377E+19,-5.484953E+18
12.21308,3.805542E+19,-4.352079E+19,-5.465364E+18
12.23023,3.80511E+19,-4.349537E+19,-5.444276E+18
12.24949,3.804594E+19,-4.346622E+19,-5.42028E+18
12.26346,3.804027E+19,-4.343305E+19,-5.392788E+18
12.28062,3.803574E+19,-4.340928E+19,-5.373546E+18
12.29822,3.803045E+19,-4.338217E+19,-5.351719E+18
12.31435,3.802608E+19,-4.335318E+19,-5.327103E+18
12.33079,3.802225E+19,-4.33258E+19,-5.303552E+18
12.34817,3.801757E+19,-4.329913E+19,-5.281557E+18
12.36469,3.801179E+19,-4.327155E+19,-5.259756E+18
12.38168,3.800707E+19,-4.324387E+19,-5.236798E+18
12.39921,3.800222E+19,-4.321478E+19,-5.21256E+18
12.41588,3.799698E+19,-4.318638E+19,-5.1894E+18
12.43217,3.799219E+19,-4.316069E+19,-5.168492E+18
12.44923,3.798612E+19,-4.313122E+19,-5.145103E+18
12.46622,3.797972E+19,-4.31015E+19,-5.121776E+18
12.48265,3.797481E+19,-4.307326E+19,-5.098457E+18
12.50519,3.797024E+19,-4.304486E+19,-5.07462E+18
12.5216,3.796399E+19,-4.300705E+19,-5.043064E+18
12.53873,3.795941E+19,-4.297902E+19,-5.019614E+18
12.55579,3.795418E+19,-4.295106E+19,-4.99688E+18
12.57219,3.794922E+19,-4.292207E+19,-4.972849E+18
12.58916,3.794447E+19,-4.289597E+19,-4.951497E+18
12.60661,3.793988E+19,-4.28703E+19,-4.930421E+18
12.62263,3.793578E+19,-4.283689E+19,-4.901113E+18
12.64106,3.793526E+19,-4.280906E+19,-4.873801E+18
12.65782,3.792862E+19,-4.277871E+19,-4.850091E+18
12.67358,3.792322E+19,-4.275018E+19,-4.826962E+18
12.68954,3.791836E+19,-4.272484E+19,-4.806484E+18
12.70572,3.791387E+19,-4.269826E+19,-4.784384E+18
12.72272,3.790947E+19,-4.267167E+19,-4.762205E+18
12.73867,3.790463E+19,-4.264545E+19,-4.740821E+18
12.75547,3.790107E+19,-4.261638E+19,-4.715317E+18
12.77207,3.789682E+19,-4.25885E+19,-4.691673E+18
12.78871,3.789133E+19,-4.256159E+19,-4.670259E+18
12.80614,3.788609E+19,-4.253432E+19,-4.648225E+18
12.82188,3.788045E+19,-4.250552E+19,-4.625065E+18
12.83924,3.787555E+19,-4.248003E+19,-4.604478E+18
12.85535,3.787113E+19,-4.245152E+19,-4.58039E+18
12.8721,3.786692E+19,-4.242479E+19,-4.557867E+18
12.88859,3.786214E+19,-4.24006E+19,-4.538463E+18
12.90479,3.785728E+19,-4.237259E+19,-4.515307E+18
12.92159,3.785275E+19,-4.234269E+19,-4.489935E+18
12.93942,3.784751E+19,-4.231265E+19,-4.465143E+18
12.9555,3.784145E+19,-4.228264E+19,-4.441191E+18
12.97258,3.783632E+19,-4.225634E+19,-4.420015E+18
12.98941,3.783112E+19,-4.22289E+19,-4.397787E+18
13.0056,3.782638E+19,-4.220091E+19,-4.374535E+18
13.02304,3.782222E+19,-4.217452E+19,-4.352298E+18
13.04026,3.781782E+19,-4.214461E+19,-4.326789E+18
13.05626,3.781331E+19,-4.211605E+19,-4.302736E+18
13.0729,3.78087E+19,-4.209073E+19,-4.28203E+18
13.08907,3.780441E+19,-4.206338E+19,-4.258976E+18
13.10593,3.780025E+19,-4.203666E+19,-4.236414E+18
13.1235,3.779527E+19,-4.200857E+19,-4.213307E+18
13.14024,3.778959E+19,-4.197917E+19,-4.189584E+18
13.15658,3.778471E+19,-4.195286E+19,-4.168147E+18
13.17254,3.778028E+19,-4.192548E+19,-4.145203E+18
13.1905,3.777625E+19,-4.18996E+19,-4.123349E+18
13.20581,3.777188E+19,-4.187251E+19,-4.100633E+18
13.22781,3.776719E+19,-4.184784E+19,-4.080648E+18
13.23897,3.776074E+19,-4.181217E+19,-4.051423E+18
13.25559,3.775778E+19,-4.179366E+19,-4.035876E+18
13.27213,3.775314E+19,-4.176651E+19,-4.013371E+18
13.28891,3.774826E+19,-4.174064E+19,-3.992379E+18
13.30438,3.774384E+19,-4.171394E+19,-3.970099E+18
13.32105,3.774012E+19,-4.168746E+19,-3.947339E+18
13.33757,3.773493E+19,-4.165968E+19,-3.924751E+18
13.35471,3.772967E+19,-4.163395E+19,-3.904282E+18
13.3718,3.772515E+19,-4.160708E+19,-3.881931E+18
13.38798,3.772047E+19,-4.157993E+19,-3.859457E+18
13.40481,3.771789E+19,-4.155186E+19,-3.833971E+18
13.42205,3.771945E+19,-4.152436E+19,-3.804913E+18
13.43867,3.771432E+19,-4.149579E+19,-3.781476E+18
13.45526,3.770868E+19,-4.146969E+19,-3.761007E+18
13.47134,3.77036E+19,-4.144228E+19,-3.738678E+18
13.48805,3.769863E+19,-4.141765E+19,-3.719028E+18
13.50529,3.769573E+19,-4.138827E+19,-3.692538E+18
13.52227,3.769394E+19,-4.135751E+19,-3.663564E+18
13.54702,3.76883E+19,-4.132914E+19,-3.640839E+18
13.56389,3.768114E+19,-4.128434E+19,-3.603192E+18
13.58056,3.767565E+19,-4.12553E+19,-3.579654E+18
13.59762,3.766948E+19,-4.122656E+19,-3.557083E+18
13.61445,3.766368E+19,-4.11959E+19,-3.532221E+18
13.63268,3.765763E+19,-4.11662E+19,-3.508572E+18
13.65032,3.765081E+19,-4.11339E+19,-3.48309E+18
13.66737,3.7645E+19,-4.110241E+19,-3.45741E+18
13.6838,3.764069E+19,-4.107214E+19,-3.431444E+18
13.70018,3.763654E+19,-4.104347E+19,-3.406929E+18
13.71661,3.763079E+19,-4.101421E+19,-3.383422E+18
13.73331,3.762516E+19,-4.098573E+19,-3.360565E+18
13.74991,3.761997E+19,-4.095779E+19,-3.337823E+18
13.76649,3.761497E+19,-4.092874E+19,-3.313774E+18
13.78404,3.760909E+19,-4.089854E+19,-3.289453E+18
13.80056,3.760249E+19,-4.086787E+19,-3.265382E+18
13.8175,3.75967E+19,-4.083979E+19,-3.243093E+18
13.83431,3.75907E+19,-4.081112E+19,-3.220417E+18
13.85159,3.758476E+19,-4.07825E+19,-3.197745E+18
13.8682,3.757874E+19,-4.075204E+19,-3.173296E+18
13.88466,3.757344E+19,-4.072211E+19,-3.148667E+18
13.90107,3.756782E+19,-4.069185E+19,-3.124029E+18
13.91772,3.756093E+19,-4.066429E+19,-3.103363E+18
13.93412,3.755477E+19,-4.063294E+19,-3.078175E+18
13.95078,3.755068E+19,-4.060538E+19,-3.054694E+18
13.96694,3.754454E+19,-4.057321E+19,-3.02868E+18
13.98318,3.754022E+19,-4.054389E+19,-3.003672E+18
13.99954,3.753537E+19,-4.051487E+19,-2.979492E+18
14.01603,3.752856E+19,-4.048519E+19,-2.956631E+18
14.03381,3.752216E+19,-4.045697E+19,-2.934812E+18
14.04981,3.751648E+19,-4.042393E+19,-2.907452E+18
14.06606,3.751205E+19,-4.039683E+19,-2.88478E+18
14.08416,3.75063E+19,-4.036464E+19,-2.858339E+18
14.10238,3.749964E+19,-4.033176E+19,-2.832113E+18
14.11803,3.749268E+19,-4.029942E+19,-2.806741E+18
14.13445,3.748705E+19,-4.027448E+19,-2.787434E+18
14.15086,3.748605E+19,-4.024336E+19,-2.757311E+18
14.16732,3.748883E+19,-4.021425E+19,-2.725421E+18
14.18921,3.74831E+19,-4.018462E+19,-2.701518E+18
14.20276,3.747595E+19,-4.014429E+19,-2.668339E+18
14.21941,3.747148E+19,-4.012035E+19,-2.648869E+18
14.23564,3.746634E+19,-4.009008E+19,-2.623734E+18
14.25245,3.74615E+19,-4.006134E+19,-2.59983E+18
14.27073,3.745507E+19,-4.003109E+19,-2.576024E+18
14.29539,3.744827E+19,-3.999876E+19,-2.550493E+18
14.30614,3.743865E+19,-3.995454E+19,-2.515889E+18
14.3233,3.743435E+19,-3.993589E+19,-2.501547E+18
14.33981,3.742786E+19,-3.990677E+19,-2.478906E+18
14.35643,3.742156E+19,-3.987501E+19,-2.453446E+18
14.37405,3.741533E+19,-3.984493E+19,-2.429604E+18
14.39491,3.740893E+19,-3.981231E+19,-2.403378E+18
14.41269,3.740076E+19,-3.977306E+19,-2.372302E+18
14.42875,3.739385E+19,-3.974233E+19,-2.348473E+18
14.44684,3.738731E+19,-3.971003E+19,-2.322718E+18
14.46262,3.737962E+19,-3.967533E+19,-2.29571E+18
14.47998,3.737342E+19,-3.964552E+19,-2.272101E+18
14.49655,3.736668E+19,-3.961315E+19,-2.246465E+18
14.51306,3.736047E+19,-3.958082E+19,-2.220349E+18
14.52981,3.735388E+19,-3.955024E+19,-2.196358E+18
14.54677,3.734735E+19,-3.952186E+19,-2.174513E+18
14.56395,3.734074E+19,-3.949033E+19,-2.149589E+18
14.58082,3.733515E+19,-3.945591E+19,-2.12076E+18
14.6007,3.73291E+19,-3.942431E+19,-2.095207E+18
14.61721,3.732166E+19,-3.93871E+19,-2.065437E+18
14.63509,3.731523E+19,-3.935786E+19,-2.042633E+18
14.65441,3.730874E+19,-3.932548E+19,-2.016737E+18
14.67144,3.730215E+19,-3.928898E+19,-1.986826E+18
14.68901,3.729512E+19,-3.925697E+19,-1.961845E+18
14.70474,3.72875E+19,-3.922459E+19,-1.937084E+18
14.72125,3.7281E+19,-3.91975E+19,-1.916502E+18
14.73787,3.72746E+19,-3.916853E+19,-1.893931E+18
14.75464,3.726846E+19,-3.913711E+19,-1.868651E+18
14.77096,3.726193E+19,-3.910691E+19,-1.844976E+18
14.78876,3.725559E+19,-3.907424E+19,-1.818654E+18
14.80578,3.724915E+19,-3.904153E+19,-1.79238E+18
14.82336,3.72424E+19,-3.90105E+19,-1.768098E+18
14.83984,3.72359E+19,-3.897884E+19,-1.742946E+18
14.85668,3.722971E+19,-3.894882E+19,-1.719113E+18
14.87373,3.722345E+19,-3.891885E+19,-1.695403E+18
14.89225,3.721675E+19,-3.888859E+19,-1.671843E+18
14.9111,3.720958E+19,-3.885687E+19,-1.647293E+18
14.92569,3.720176E+19,-3.882248E+19,-1.620715E+18
14.94227,3.719588E+19,-3.879646E+19,-1.600581E+18
14.95684,3.719015E+19,-3.876881E+19,-1.578652E+18
14.97351,3.718475E+19,-3.874185E+19,-1.557102E+18
14.98966,3.71781E+19,-3.871156E+19,-1.533458E+18
15.00609,3.717164E+19,-3.86825E+19,-1.510861E+18
15.02242,3.716523E+19,-3.865407E+19,-1.48884E+18
15.03887,3.715868E+19,-3.86241E+19,-1.46542E+18
15.05559,3.715243E+19,-3.859597E+19,-1.44354E+18
15.07183,3.714537E+19,-3.8565E+19,-1.419628E+18
15.0893,3.713833E+19,-3.85394E+19,-1.401064E+18
15.10572,3.713279E+19,-3.850469E+19,-1.371891E+18
15.12251,3.713338E+19,-3.847681E+19,-1.343436E+18
15.13911,3.712629E+19,-3.844902E+19,-1.32273E+18
15.15557,3.712005E+19,-3.841935E+19,-1.299302E+18
15.17192,3.711488E+19,-3.839002E+19,-1.275148E+18
15.18811,3.710925E+19,-3.836099E+19,-1.251741E+18
15.20506,3.710365E+19,-3.833154E+19,-1.227882E+18
15.22127,3.709724E+19,-3.830118E+19,-1.203943E+18
15.23824,3.709083E+19,-3.827255E+19,-1.18172E+18
15.25445,3.708436E+19,-3.824375E+19,-1.159387E+18
15.27143,3.707807E+19,-3.821624E+19,-1.138175E+18
15.28767,3.707124E+19,-3.818694E+19,-1.115705E+18
15.30401,3.706549E+19,-3.815908E+19,-1.093592E+18
15.32094,3.70604E+19,-3.813098E+19,-1.070581E+18
15.33842,3.705492E+19,-3.810109E+19,-1.046172E+18
15.35603,3.704843E+19,-3.80705E+19,-1.022071E+18
15.37227,3.70416E+19,-3.803967E+19,-9.980707E+17
15.39737,3.703537E+19,-3.801247E+19,-9.77092E+17
15.41107,3.702581E+19,-3.796983E+19,-9.440187E+17
15.42385,3.70205E+19,-3.794602E+19,-9.255205E+17
15.44048,3.701532E+19,-3.792347E+19,-9.081482E+17
15.45861,3.700877E+19,-3.789484E+19,-8.8607E+17
15.47363,3.700197E+19,-3.786477E+19,-8.628E+17
15.49,3.699628E+19,-3.783982E+19,-8.435453E+17
15.50654,3.698989E+19,-3.781427E+19,-8.243786E+17
15.52254,3.698338E+19,-3.778373E+19,-8.003433E+17
15.53891,3.697856E+19,-3.775613E+19,-7.775702E+17
15.55656,3.697256E+19,-3.772887E+19,-7.563057E+17
15.5732,3.696478E+19,-3.769683E+19,-7.320548E+17
15.58991,3.695821E+19,-3.766901E+19,-7.108079E+17
15.60688,3.695178E+19,-3.764076E+19,-6.889892E+17
15.62804,3.694524E+19,-3.761324E+19,-6.680061E+17
15.64656,3.693721E+19,-3.757774E+19,-6.405315E+17
15.66365,3.693018E+19,-3.754578E+19,-6.15599E+17
15.68214,3.692332E+19,-3.751688E+19,-5.935604E+17
15.69837,3.691572E+19,-3.748645E+19,-5.707301E+17
15.71467,3.690944E+19,-3.745887E+19,-5.49426E+17
15.73123,3.690321E+19,-3.743133E+19,-5.28113E+17
15.74953,3.689634E+19,-3.740404E+19,-5.077061E+17
15.76607,3.688906E+19,-3.737269E+19,-4.836312E+17
15.78297,3.688286E+19,-3.734431E+19,-4.614408E+17
15.79989,3.687586E+19,-3.73164E+19,-4.405413E+17
15.81644,3.686907E+19,-3.728814E+19,-4.190635E+17
15.83341,3.686253E+19,-3.72603E+19,-3.977637E+17
15.85029,3.685596E+19,-3.723263E+19,-3.766707E+17
15.86752,3.684977E+19,-3.720551E+19,-3.557404E+17
15.88356,3.684399E+19,-3.71781E+19,-3.341064E+17
15.90002,3.683843E+19,-3.715281E+19,-3.143812E+17
15.91606,3.683256E+19,-3.712675E+19,-2.941853E+17
15.93256,3.682688E+19,-3.710205E+19,-2.75177E+17
15.94895,3.682144E+19,-3.707496E+19,-2.535166E+17
15.96513,3.681677E+19,-3.704597E+19,-2.292042E+17
15.98142,3.68117E+19,-3.701845E+19,-2.0675E+17
15.9981,3.680533E+19,-3.699177E+19,-1.864442E+17
16.01442,3.679921E+19,-3.696511E+19,-1.658965E+17
16.03069,3.679346E+19,-3.694057E+19,-1.471125E+17
16.04788,3.678855E+19,-3.691338E+19,-1.248342E+17
16.06368,3.678319E+19,-3.688586E+19,-1.026768E+17
16.07985,3.677765E+19,-3.686167E+19,-8.402688E+16
16.09708,3.677139E+19,-3.683515E+19,-6.376508E+16
16.11436,3.676444E+19,-3.68079E+19,-4.34615E+16
16.13238,3.675812E+19,-3.678059E+19,-2.247402E+16
16.15026,3.675114E+19,-3.675169E+19,-5.475568E+14
16.18901,3.674341E+19,-3.672344E+19,1.997373E+16
16.20391,3.672714E+19,-3.66632E+19,6.39366E+16
16.21784,3.672123E+19,-3.664103E+19,8.019838E+16
16.23749,3.671633E+19,-3.661925E+19,9.707588E+16
16.25641,3.670946E+19,-3.658817E+19,1.212893E+17
16.29229,3.670198E+19,-3.655851E+19,1.434665E+17
16.32079,3.668791E+19,-3.650336E+19,1.845552E+17
16.33632,3.667728E+19,-3.646074E+19,2.165466E+17
16.35329,3.667128E+19,-3.643772E+19,2.335561E+17
16.36964,3.666486E+19,-3.64114E+19,2.534638E+17
16.38655,3.665875E+19,-3.638673E+19,2.720192E+17
16.40379,3.66528E+19,-3.636015E+19,2.926438E+17
16.42053,3.664641E+19,-3.633268E+19,3.137259E+17
16.43786,3.663971E+19,-3.630732E+19,3.32389E+17
16.45522,3.663344E+19,-3.62806E+19,3.528465E+17
16.47253,3.662753E+19,-3.62531E+19,3.744233E+17
16.48946,3.662085E+19,-3.622579E+19,3.950523E+17
16.50697,3.661451E+19,-3.619999E+19,4.145203E+17
16.5326,3.660772E+19,-3.61734E+19,4.343203E+17
16.54657,3.65979E+19,-3.613412E+19,4.63785E+17
16.56679,3.659267E+19,-3.611505E+19,4.776191E+17
16.58734,3.658798E+19,-3.608317E+19,5.0481E+17
16.60601,3.658727E+19,-3.605165E+19,5.356227E+17
16.62392,3.658037E+19,-3.602421E+19,5.56155E+17
16.64453,3.657424E+19,-3.599784E+19,5.763992E+17
16.66603,3.656729E+19,-3.596731E+19,5.999749E+17
16.6833,3.655951E+19,-3.593283E+19,6.266732E+17
16.70226,3.655296E+19,-3.590637E+19,6.465832E+17
16.71978,3.654592E+19,-3.587752E+19,6.684019E+17
16.73641,3.653935E+19,-3.585149E+19,6.878611E+17
16.75341,3.65335E+19,-3.582651E+19,7.069926E+17
16.77017,3.65272E+19,-3.580092E+19,7.262846E+17
16.7882,3.652097E+19,-3.577629E+19,7.446794E+17
16.80557,3.651415E+19,-3.574987E+19,7.642815E+17
16.82248,3.650756E+19,-3.57229E+19,7.846599E+17
16.84417,3.650105E+19,-3.56968E+19,8.042488E+17
16.86657,3.649299E+19,-3.566622E+19,8.267668E+17
16.88866,3.648361E+19,-3.56322E+19,8.514134E+17
16.91179,3.647544E+19,-3.559945E+19,8.759919E+17
16.93078,3.646695E+19,-3.556582E+19,9.011311E+17
16.95578,3.646009E+19,-3.553803E+19,9.220614E+17
16.97231,3.645125E+19,-3.550106E+19,9.501892E+17
16.98947,3.644515E+19,-3.547717E+19,9.679858E+17
17.00591,3.643908E+19,-3.545231E+19,9.867743E+17
17.02231,3.643325E+19,-3.542815E+19,1.005103E+18
17.03825,3.64273E+19,-3.540435E+19,1.02295E+18
17.05499,3.642162E+19,-3.538159E+19,1.040024E+18
17.07181,3.641568E+19,-3.535844E+19,1.057244E+18
17.08791,3.640988E+19,-3.533671E+19,1.07317E+18
17.10413,3.640423E+19,-3.531234E+19,1.09189E+18
17.12059,3.639831E+19,-3.528864E+19,1.109671E+18
17.13737,3.639199E+19,-3.526528E+19,1.126705E+18
17.15554,3.638512E+19,-3.524178E+19,1.143334E+18
17.17257,3.637797E+19,-3.521601E+19,1.161962E+18
17.18936,3.637182E+19,-3.519196E+19,1.179855E+18
17.20691,3.636574E+19,-3.516879E+19,1.196946E+18
17.22339,3.635947E+19,-3.514453E+19,1.214943E+18
17.24041,3.635376E+19,-3.512169E+19,1.232064E+18
17.26801,3.634797E+19,-3.509833E+19,1.249639E+18
17.27874,3.633823E+19,-3.506317E+19,1.27506E+18
17.29575,3.633422E+19,-3.504703E+19,1.287196E+18
17.31343,3.632768E+19,-3.502316E+19,1.304529E+18
17.33031,3.632167E+19,-3.499902E+19,1.322642E+18
17.34892,3.631615E+19,-3.497617E+19,1.339988E+18
17.3646,3.631006E+19,-3.495071E+19,1.359344E+18
17.38012,3.630464E+19,-3.492969E+19,1.374959E+18
17.39581,3.629898E+19,-3.490861E+19,1.390365E+18
17.41237,3.629366E+19,-3.488767E+19,1.405994E+18
17.42879,3.628822E+19,-3.486499E+19,1.423223E+18
17.44574,3.628289E+19,-3.484314E+19,1.439745E+18
17.46265,3.627729E+19,-3.481945E+19,1.457838E+18
17.47894,3.627184E+19,-3.479648E+19,1.475362E+18
17.49559,3.626647E+19,-3.477447E+19,1.492E+18
17.51234,3.626085E+19,-3.475203E+19,1.508816E+18
17.52961,3.625537E+19,-3.473018E+19,1.525192E+18
17.54592,3.62461E+19,-3.470571E+19,1.540394E+18
17.58703,3.623821E+19,-3.468369E+19,1.554525E+18
17.6047,3.622698E+19,-3.462932E+19,1.597665E+18
17.62009,3.622206E+19,-3.460494E+19,1.617122E+18
17.63741,3.621693E+19,-3.458435E+19,1.632586E+18
17.65401,3.621108E+19,-3.456036E+19,1.650721E+18
17.67054,3.620564E+19,-3.45383E+19,1.667339E+18
17.68758,3.620026E+19,-3.451691E+19,1.683348E+18
17.75207,3.619533E+19,-3.449211E+19,1.703225E+18
17.77322,3.617815E+19,-3.440315E+19,1.775001E+18
17.79902,3.617141E+19,-3.4375E+19,1.796411E+18
17.82128,3.61634E+19,-3.434059E+19,1.822808E+18
17.84682,3.615662E+19,-3.431045E+19,1.846164E+18
17.86366,3.614882E+19,-3.427701E+19,1.871815E+18
17.8843,3.614414E+19,-3.425536E+19,1.888772E+18
17.90555,3.613814E+19,-3.422738E+19,1.910764E+18
17.92236,3.61321E+19,-3.419923E+19,1.932871E+18
17.95249,3.612762E+19,-3.417747E+19,1.950151E+18
17.96885,3.611938E+19,-3.413735E+19,1.982028E+18
17.98845,3.611451E+19,-3.411599E+19,1.998514E+18
18.00534,3.610868E+19,-3.409047E+19,2.018211E+18
18.02346,3.610346E+19,-3.406811E+19,2.035348E+18
18.04702,3.609793E+19,-3.404521E+19,2.052716E+18
18.06692,3.609126E+19,-3.401363E+19,2.077635E+18
18.08616,3.608544E+19,-3.398806E+19,2.097384E+18
18.10637,3.607923E+19,-3.396366E+19,2.115573E+18
18.12472,3.607287E+19,-3.393812E+19,2.134757E+18
18.14072,3.606742E+19,-3.391632E+19,2.151096E+18
18.16895,3.606262E+19,-3.389996E+19,2.162665E+18
18.18727,3.610298E+19,-3.386216E+19,2.240824E+18
18.23299,3.617329E+19,-3.383939E+19,2.333892E+18
18.25101,3.616448E+19,-3.378091E+19,2.383574E+18
18.28153,3.615974E+19,-3.375763E+19,2.402103E+18
18.30009,3.615099E+19,-3.372009E+19,2.430901E+18
18.3183,3.614613E+19,-3.369602E+19,2.450106E+18
18.33591,3.614157E+19,-3.367451E+19,2.467062E+18
18.35332,3.61373E+19,-3.365072E+19,2.486581E+18
18.37257,3.613306E+19,-3.362927E+19,2.503788E+18
18.39518,3.612792E+19,-3.360479E+19,2.523124E+18
18.41142,3.612149E+19,-3.357603E+19,2.54546E+18
18.42875,3.61164E+19,-3.355686E+19,2.559547E+18
18.44482,3.611106E+19,-3.353509E+19,2.575969E+18
18.46426,3.610645E+19,-3.351493E+19,2.59152E+18
18.50029,3.610053E+19,-3.349135E+19,2.609187E+18
18.5197,3.608908E+19,-3.344853E+19,2.64055E+18
18.53927,3.608327E+19,-3.342591E+19,2.657361E+18
18.56442,3.607762E+19,-3.34025E+19,2.675127E+18
18.59198,3.607071E+19,-3.337122E+19,2.699497E+18
18.61152,3.606274E+19,-3.333692E+19,2.725819E+18
18.63793,3.605679E+19,-3.331305E+19,2.743748E+18
18.66584,3.604905E+19,-3.327987E+19,2.769179E+18
18.68245,3.604088E+19,-3.324506E+19,2.795823E+18
18.7019,3.603564E+19,-3.322479E+19,2.810844E+18
18.72161,3.603004E+19,-3.320148E+19,2.828564E+18
18.74547,3.60243E+19,-3.317742E+19,2.846873E+18
18.7613,3.601695E+19,-3.314797E+19,2.86898E+18
18.77893,3.601222E+19,-3.312947E+19,2.882748E+18
18.80023,3.600714E+19,-3.310937E+19,2.897765E+18
18.82035,3.600151E+19,-3.308379E+19,2.917726E+18
18.838,3.599576E+19,-3.306005E+19,2.935711E+18
18.86111,3.599065E+19,-3.30397E+19,2.950953E+18
18.88165,3.598385E+19,-3.30124E+19,2.97145E+18
18.89919,3.597767E+19,-3.298863E+19,2.989033E+18
18.92366,3.597253E+19,-3.296832E+19,3.004213E+18
18.94753,3.596503E+19,-3.293933E+19,3.025698E+18
18.98701,3.595784E+19,-3.291239E+19,3.045451E+18
19.00755,3.594761E+19,-3.286664E+19,3.080977E+18
19.03767,3.594264E+19,-3.284443E+19,3.09821E+18
19.06054,3.593308E+19,-3.281007E+19,3.123011E+18
19.07997,3.592731E+19,-3.278522E+19,3.142085E+18
19.10525,3.592247E+19,-3.276346E+19,3.159018E+18
19.13158,3.591591E+19,-3.273525E+19,3.180663E+18
19.15355,3.59096E+19,-3.270554E+19,3.204063E+18
19.17227,3.59039E+19,-3.268119E+19,3.22271E+18
19.19059,3.589883E+19,-3.266189E+19,3.236945E+18
19.21319,3.589405E+19,-3.264085E+19,3.253204E+18
19.2343,3.588827E+19,-3.261579E+19,3.272479E+18
19.25524,3.588266E+19,-3.259263E+19,3.290022E+18
19.27434,3.587674E+19,-3.256977E+19,3.306973E+18
19.29192,3.587079E+19,-3.254817E+19,3.322621E+18
19.31748,3.586551E+19,-3.252917E+19,3.336338E+18
19.33633,3.58583E+19,-3.250243E+19,3.355872E+18
19.3562,3.585313E+19,-3.248117E+19,3.371951E+18
19.38145,3.584779E+19,-3.245955E+19,3.388235E+18
19.39972,3.584079E+19,-3.243222E+19,3.408565E+18
19.42233,3.583571E+19,-3.241211E+19,3.4236E+18
19.43772,3.582916E+19,-3.238756E+19,3.441595E+18
19.45662,3.582495E+19,-3.237162E+19,3.453331E+18
19.47244,3.581961E+19,-3.2352E+19,3.467602E+18
19.48876,3.581532E+19,-3.233583E+19,3.479497E+18
19.50524,3.581078E+19,-3.232004E+19,3.490734E+18
19.52182,3.580629E+19,-3.230277E+19,3.503512E+18
19.53899,3.580183E+19,-3.228414E+19,3.517685E+18
19.56185,3.579701E+19,-3.22659E+19,3.531108E+18
19.57467,3.579072E+19,-3.224244E+19,3.548285E+18
19.6065,3.578754E+19,-3.222944E+19,3.558101E+18
19.62605,3.577871E+19,-3.219656E+19,3.582154E+18
19.64849,3.577302E+19,-3.21751E+19,3.597925E+18
19.66569,3.576716E+19,-3.215096E+19,3.616197E+18
19.68352,3.576239E+19,-3.213231E+19,3.630084E+18
19.70638,3.575743E+19,-3.211404E+19,3.643384E+18
19.73338,3.575137E+19,-3.20913E+19,3.66007E+18
19.75094,3.574402E+19,-3.20642E+19,3.679815E+18
19.77023,3.573977E+19,-3.204629E+19,3.693484E+18
19.79603,3.573476E+19,-3.202599E+19,3.708771E+18
19.81867,3.572863E+19,-3.199858E+19,3.730051E+18
19.83972,3.572265E+19,-3.197604E+19,3.746612E+18
19.86203,3.571745E+19,-3.195563E+19,3.761823E+18
19.88153,3.571225E+19,-3.193396E+19,3.778289E+18
19.91115,3.570754E+19,-3.191457E+19,3.792968E+18
19.93002,3.569998E+19,-3.18855E+19,3.814481E+18
19.94845,3.569515E+19,-3.186693E+19,3.828218E+18
19.96931,3.569042E+19,-3.18502E+19,3.840225E+18
19.98856,3.56854E+19,-3.183058E+19,3.854826E+18
20.00604,3.568071E+19,-3.181206E+19,3.868645E+18
20.0267,3.56764E+19,-3.179576E+19,3.880641E+18
20.04578,3.567159E+19,-3.177593E+19,3.895664E+18
20.06316,3.566715E+19,-3.175735E+19,3.909802E+18
20.08015,3.566302E+19,-3.174062E+19,3.922407E+18
20.09784,3.565877E+19,-3.172477E+19,3.934E+18
20.11563,3.565455E+19,-3.1708E+19,3.946545E+18
20.13381,3.565013E+19,-3.16899E+19,3.96023E+18
20.15186,3.564508E+19,-3.167258E+19,3.9725E+18
20.17057,3.564015E+19,-3.165522E+19,3.984938E+18
20.18727,3.56358E+19,-3.163693E+19,3.998873E+18
20.20595,3.563185E+19,-3.162117E+19,4.01068E+18
20.22725,3.562724E+19,-3.160315E+19,4.024089E+18
20.24651,3.562218E+19,-3.158341E+19,4.038766E+18
20.26567,3.561742E+19,-3.156642E+19,4.050999E+18
20.28223,3.56133E+19,-3.154798E+19,4.065328E+18
20.30221,3.560943E+19,-3.153119E+19,4.07824E+18
20.31938,3.560411E+19,-3.151238E+19,4.091727E+18
20.33554,3.559965E+19,-3.149719E+19,4.102463E+18
20.3534,3.559591E+19,-3.148211E+19,4.113803E+18
20.37017,3.559148E+19,-3.146437E+19,4.127118E+18
20.39651,3.558716E+19,-3.144859E+19,4.138577E+18
20.41739,3.558056E+19,-3.142435E+19,4.156209E+18
20.4348,3.557545E+19,-3.140448E+19,4.170964E+18
20.45205,3.557133E+19,-3.138874E+19,4.182586E+18
20.46845,3.556751E+19,-3.137224E+19,4.195272E+18
20.48487,3.556403E+19,-3.135732E+19,4.206716E+18
20.50111,3.556011E+19,-3.134232E+19,4.217782E+18
20.51758,3.555615E+19,-3.133027E+19,4.225876E+18
20.53364,3.555581E+19,-3.131251E+19,4.243299E+18
20.55053,3.555735E+19,-3.129784E+19,4.259504E+18
20.56821,3.555259E+19,-3.128218E+19,4.270409E+18
20.58488,3.554799E+19,-3.126536E+19,4.282626E+18
20.60139,3.554371E+19,-3.125025E+19,4.293459E+18
20.61749,3.553962E+19,-3.123552E+19,4.304104E+18
20.63475,3.55356E+19,-3.122079E+19,4.314816E+18
20.65064,3.553151E+19,-3.120655E+19,4.324962E+18
20.66649,3.552794E+19,-3.119127E+19,4.336667E+18
20.68305,3.552406E+19,-3.117653E+19,4.347537E+18
20.69995,3.551968E+19,-3.116145E+19,4.358227E+18
20.71632,3.551582E+19,-3.1146E+19,4.369822E+18
20.73326,3.551228E+19,-3.11309E+19,4.381378E+18
20.75849,3.550809E+19,-3.11159E+19,4.392184E+18
20.77847,3.550184E+19,-3.109422E+19,4.407623E+18
20.79662,3.549705E+19,-3.107544E+19,4.421616E+18
20.81516,3.549266E+19,-3.105972E+19,4.432941E+18
20.83797,3.548796E+19,-3.104374E+19,4.444226E+18
20.85512,3.548249E+19,-3.102359E+19,4.4589E+18
20.87182,3.547832E+19,-3.100906E+19,4.469262E+18
20.8887,3.547444E+19,-3.099461E+19,4.479826E+18
20.90579,3.547074E+19,-3.09787E+19,4.492044E+18
20.92166,3.546705E+19,-3.096327E+19,4.503787E+18
20.93714,3.546331E+19,-3.094956E+19,4.51375E+18
20.95343,3.545966E+19,-3.093636E+19,4.523296E+18
20.97188,3.545607E+19,-3.092164E+19,4.534428E+18
20.98927,3.54519E+19,-3.090553E+19,4.546368E+18
21.00591,3.54477E+19,-3.089036E+19,4.557339E+18
21.02573,3.54434E+19,-3.087653E+19,4.566868E+18
21.04081,3.543856E+19,-3.085924E+19,4.579316E+18
21.05891,3.543499E+19,-3.08465E+19,4.588491E+18
21.07751,3.543093E+19,-3.083099E+19,4.599941E+18
21.09665,3.54272E+19,-3.081547E+19,4.611732E+18
21.11499,3.542316E+19,-3.079784E+19,4.625322E+18
21.13279,3.541877E+19,-3.078192E+19,4.636845E+18
21.15004,3.541483E+19,-3.077129E+19,4.643534E+18
21.16663,3.542157E+19,-3.075051E+19,4.671066E+18
21.18357,3.544302E+19,-3.073555E+19,4.707475E+18
21.20094,3.54385E+19,-3.072182E+19,4.716683E+18
21.21745,3.543452E+19,-3.070768E+19,4.72684E+18
21.23585,3.54306E+19,-3.06936E+19,4.737002E+18
21.2742,3.542592E+19,-3.067703E+19,4.748885E+18
21.28599,3.541661E+19,-3.064317E+19,4.773442E+18
21.30337,3.541377E+19,-3.063336E+19,4.780402E+18
21.32002,3.540979E+19,-3.061884E+19,4.790955E+18
21.33626,3.540644E+19,-3.060529E+19,4.801147E+18
21.35295,3.54026E+19,-3.059116E+19,4.811439E+18
21.36998,3.539858E+19,-3.057629E+19,4.822297E+18
21.38659,3.539491E+19,-3.056176E+19,4.833154E+18
21.40348,3.539057E+19,-3.054749E+19,4.843078E+18
21.42395,3.538661E+19,-3.053302E+19,4.853594E+18
21.43882,3.538192E+19,-3.051524E+19,4.86668E+18
21.457,3.537853E+19,-3.05021E+19,4.876429E+18
21.47233,3.537448E+19,-3.048645E+19,4.888022E+18
21.48844,3.537101E+19,-3.047387E+19,4.897146E+18
21.50495,3.536747E+19,-3.046076E+19,4.906709E+18
21.5217,3.5364E+19,-3.044742E+19,4.916581E+18
21.53844,3.536047E+19,-3.043317E+19,4.927301E+18
21.55463,3.535707E+19,-3.041923E+19,4.937843E+18
21.57067,3.53537E+19,-3.040583E+19,4.947873E+18
21.58747,3.535023E+19,-3.039202E+19,4.958213E+18
21.60431,3.534653E+19,-3.037758E+19,4.968948E+18
21.62192,3.534285E+19,-3.036337E+19,4.979481E+18
21.63886,3.533882E+19,-3.034857E+19,4.990254E+18
21.66104,3.533525E+19,-3.03346E+19,5.000651E+18
21.67828,3.533069E+19,-3.031616E+19,5.014527E+18
21.69569,3.532707E+19,-3.030175E+19,5.025322E+18
21.71266,3.532297E+19,-3.028752E+19,5.035447E+18
21.73262,3.531929E+19,-3.02735E+19,5.045782E+18
21.75293,3.53146E+19,-3.025634E+19,5.058255E+18
21.76839,3.53098E+19,-3.024011E+19,5.069685E+18
21.78697,3.530608E+19,-3.022762E+19,5.078457E+18
21.80407,3.530175E+19,-3.021232E+19,5.089428E+18
21.82176,3.52978E+19,-3.019842E+19,5.099377E+18
21.83751,3.529365E+19,-3.018415E+19,5.10951E+18
21.85452,3.529019E+19,-3.017158E+19,5.118616E+18
21.87244,3.528638E+19,-3.015879E+19,5.127586E+18
21.88905,3.528157E+19,-3.014414E+19,5.137426E+18
21.90561,3.527684E+19,-3.01301E+19,5.146737E+18
21.92502,3.527338E+19,-3.011636E+19,5.157022E+18
21.94072,3.526929E+19,-3.010081E+19,5.168474E+18
21.95995,3.526596E+19,-3.008863E+19,5.17733E+18
21.97843,3.526194E+19,-3.007284E+19,5.189095E+18
21.99502,3.525819E+19,-3.005838E+19,5.199806E+18
22.01146,3.525483E+19,-3.004572E+19,5.20911E+18
22.03009,3.525161E+19,-3.003367E+19,5.217939E+18
22.048,3.524914E+19,-3.00183E+19,5.230841E+18
22.0647,3.524699E+19,-3.000462E+19,5.242366E+18
22.08211,3.524297E+19,-2.999208E+19,5.250894E+18
22.09955,3.523909E+19,-2.997821E+19,5.260882E+18
22.11572,3.523517E+19,-2.996525E+19,5.26992E+18
22.13296,3.5232E+19,-2.995353E+19,5.278467E+18
22.14982,3.522877E+19,-2.994006E+19,5.288713E+18
22.16683,3.522562E+19,-2.992784E+19,5.297779E+18
22.18407,3.522221E+19,-2.991485E+19,5.307365E+18
22.20089,3.521834E+19,-2.990138E+19,5.316955E+18
22.21745,3.521459E+19,-2.988712E+19,5.327472E+18
22.23497,3.521173E+19,-2.987386E+19,5.337867E+18
22.2633,3.520884E+19,-2.985969E+19,5.34915E+18
22.278,3.520412E+19,-2.983668E+19,5.367446E+18
22.29449,3.5201E+19,-2.982515E+19,5.375851E+18
22.31367,3.519733E+19,-2.981223E+19,5.3851E+18
22.33029,3.519325E+19,-2.979725E+19,5.395992E+18
22.34631,3.518973E+19,-2.978452E+19,5.40521E+18
22.36194,3.518636E+19,-2.977222E+19,5.414138E+18
22.37837,3.518325E+19,-2.976009E+19,5.42317E+18
22.39462,3.517982E+19,-2.974784E+19,5.431972E+18
22.41143,3.517667E+19,-2.973611E+19,5.440568E+18
22.42837,3.517377E+19,-2.97239E+19,5.449875E+18
22.44514,3.517102E+19,-2.971114E+19,5.459876E+18
22.46152,3.516818E+19,-2.969845E+19,5.469732E+18
22.47827,3.51653E+19,-2.968662E+19,5.478673E+18
22.49487,3.516232E+19,-2.967479E+19,5.487531E+18
22.5119,3.515922E+19,-2.966302E+19,5.496197E+18
22.5305,3.515601E+19,-2.964967E+19,5.506339E+18
22.54617,3.515345E+19,-2.963726E+19,5.516182E+18
22.56214,3.515012E+19,-2.962457E+19,5.52555E+18
22.58029,3.5147E+19,-2.96128E+19,5.534198E+18
22.59635,3.514348E+19,-2.960033E+19,5.54315E+18
22.61287,3.514035E+19,-2.958853E+19,5.551821E+18
22.63119,3.513703E+19,-2.957616E+19,5.560866E+18
22.64778,3.513383E+19,-2.95624E+19,5.571428E+18
22.66407,3.513089E+19,-2.955012E+19,5.580778E+18
22.68027,3.512792E+19,-2.953819E+19,5.589728E+18
22.69768,3.512504E+19,-2.952595E+19,5.599087E+18
22.71415,3.512155E+19,-2.951327E+19,5.608286E+18
22.73142,3.511843E+19,-2.950252E+19,5.615918E+18
22.7487,3.511545E+19,-2.948921E+19,5.626243E+18
22.76559,3.511388E+19,-2.947479E+19,5.639096E+18
22.78343,3.511221E+19,-2.946143E+19,5.650786E+18
22.80027,3.510847E+19,-2.944745E+19,5.661014E+18
22.81635,3.510465E+19,-2.94345E+19,5.670148E+18
22.83288,3.510122E+19,-2.94237E+19,5.67752E+18
22.84967,3.509942E+19,-2.940927E+19,5.690146E+18
22.8662,3.509835E+19,-2.939592E+19,5.70243E+18
22.88465,3.509448E+19,-2.938337E+19,5.711107E+18
22.90193,3.509074E+19,-2.936966E+19,5.72108E+18
22.91937,3.508746E+19,-2.93569E+19,5.730556E+18
22.93715,3.508435E+19,-2.934412E+19,5.740223E+18
22.95428,3.508096E+19,-2.933159E+19,5.749373E+18
22.97108,3.507758E+19,-2.931712E+19,5.760462E+18
22.98841,3.507459E+19,-2.930436E+19,5.77023E+18
23.00492,3.507109E+19,-2.929146E+19,5.779629E+18
23.02198,3.506798E+19,-2.927951E+19,5.788469E+18
23.04,3.506475E+19,-2.926674E+19,5.798011E+18
23.06027,3.506107E+19,-2.925398E+19,5.80709E+18
23.07768,3.505726E+19,-2.923915E+19,5.818119E+18
23.09459,3.505368E+19,-2.92265E+19,5.827183E+18
23.11152,3.50502E+19,-2.92153E+19,5.834906E+18
23.1282,3.504686E+19,-2.920181E+19,5.845054E+18
23.14567,3.504359E+19,-2.919012E+19,5.853472E+18
23.16183,3.504035E+19,-2.917787E+19,5.862482E+18
23.17826,3.503734E+19,-2.916613E+19,5.871214E+18
23.19618,3.503408E+19,-2.91542E+19,5.879883E+18
23.21212,3.503059E+19,-2.914147E+19,5.889123E+18
23.22956,3.502768E+19,-2.913072E+19,5.89696E+18
23.24587,3.502445E+19,-2.911881E+19,5.905644E+18
23.26407,3.502185E+19,-2.910744E+19,5.914409E+18
23.28009,3.50186E+19,-2.909492E+19,5.92368E+18
23.29727,3.501572E+19,-2.908367E+19,5.932052E+18
23.31374,3.501254E+19,-2.907234E+19,5.940193E+18
23.33032,3.500979E+19,-2.906219E+19,5.947608E+18
23.34676,3.500761E+19,-2.90512E+19,5.956411E+18
23.36392,3.500528E+19,-2.903996E+19,5.965328E+18
23.38056,3.500209E+19,-2.902868E+19,5.973405E+18
23.3967,3.499895E+19,-2.901651E+19,5.982438E+18
23.41398,3.499582E+19,-2.900488E+19,5.990938E+18
23.4377,3.499241E+19,-2.899282E+19,5.999591E+18
23.44877,3.498765E+19,-2.897642E+19,6.011226E+18
23.46511,3.498555E+19,-2.896856E+19,6.016983E+18
23.48166,3.498249E+19,-2.895812E+19,6.024374E+18
23.49853,3.49793E+19,-2.894541E+19,6.033885E+18
23.51443,3.497652E+19,-2.89338E+19,6.042722E+18
23.5304,3.497386E+19,-2.892215E+19,6.051719E+18
23.54697,3.497118E+19,-2.891139E+19,6.059798E+18
23.56354,3.496823E+19,-2.889975E+19,6.068477E+18
23.57947,3.496531E+19,-2.888818E+19,6.077131E+18
23.59617,3.496246E+19,-2.887725E+19,6.085214E+18
23.61261,3.495949E+19,-2.886595E+19,6.093537E+18
23.62932,3.495653E+19,-2.885529E+19,6.101241E+18
23.64646,3.495381E+19,-2.884673E+19,6.107075E+18
23.66334,3.495664E+19,-2.883295E+19,6.123697E+18
23.68066,3.496473E+19,-2.882194E+19,6.142787E+18
23.6985,3.496162E+19,-2.881141E+19,6.150213E+18
23.71599,3.495859E+19,-2.87992E+19,6.159392E+18
23.7341,3.495612E+19,-2.878748E+19,6.168643E+18
23.75032,3.495319E+19,-2.877392E+19,6.179264E+18
23.76694,3.495014E+19,-2.876238E+19,6.187763E+18
23.7849,3.494685E+19,-2.875125E+19,6.195594E+18
23.80254,3.494297E+19,-2.873874E+19,6.204236E+18
23.81837,3.493902E+19,-2.872536E+19,6.213661E+18
23.83566,3.493607E+19,-2.871398E+19,6.222084E+18
23.85268,3.493287E+19,-2.870189E+19,6.230985E+18
23.86906,3.493E+19,-2.869023E+19,6.239772E+18
23.88585,3.492736E+19,-2.867892E+19,6.248443E+18
23.90303,3.492444E+19,-2.866749E+19,6.256958E+18
23.91953,3.492142E+19,-2.865667E+19,6.264749E+18
23.94413,3.491807E+19,-2.864723E+19,6.270845E+18
23.9542,3.491347E+19,-2.86278E+19,6.285677E+18
23.97145,3.491166E+19,-2.862107E+19,6.290598E+18
23.99239,3.490844E+19,-2.860931E+19,6.299131E+18
24.00456,3.490461E+19,-2.859587E+19,6.308743E+18
24.02114,3.490247E+19,-2.858725E+19,6.315214E+18
24.03823,3.489945E+19,-2.857617E+19,6.323278E+18
24.05425,3.489673E+19,-2.85665E+19,6.330225E+18
24.07154,3.489441E+19,-2.855542E+19,6.338992E+18
24.08765,3.48919E+19,-2.854339E+19,6.348505E+18
24.10371,3.488929E+19,-2.853354E+19,6.355751E+18
24.11969,3.488661E+19,-2.852382E+19,6.36279E+18
24.13605,3.488403E+19,-2.851393E+19,6.370095E+18
24.15223,3.488121E+19,-2.850186E+19,6.379347E+18
24.16882,3.487865E+19,-2.84913E+19,6.387351E+18
24.18755,3.487622E+19,-2.848164E+19,6.394584E+18
24.20488,3.487597E+19,-2.846736E+19,6.408611E+18
24.22094,3.487672E+19,-2.845486E+19,6.421856E+18
24.23717,3.487344E+19,-2.844438E+19,6.429062E+18
24.25799,3.487073E+19,-2.843343E+19,6.437295E+18
24.27575,3.486733E+19,-2.841995E+19,6.447384E+18
24.29471,3.486454E+19,-2.840911E+19,6.455437E+18
24.31315,3.486141E+19,-2.839741E+19,6.464E+18
24.32945,3.48583E+19,-2.838647E+19,6.471835E+18
24.34602,3.485586E+19,-2.837606E+19,6.479805E+18
24.36335,3.485336E+19,-2.836722E+19,6.48614E+18
24.37996,3.485145E+19,-2.835698E+19,6.49447E+18
24.39644,3.484965E+19,-2.834644E+19,6.503215E+18
24.41299,3.484735E+19,-2.833654E+19,6.510817E+18
24.42965,3.484523E+19,-2.832602E+19,6.519209E+18
24.44654,3.484342E+19,-2.831735E+19,6.526063E+18
24.46292,3.485102E+19,-2.830331E+19,6.54771E+18
24.47979,3.490157E+19,-2.829208E+19,6.60949E+18
24.49704,3.489899E+19,-2.828116E+19,6.617829E+18
24.51322,3.489624E+19,-2.827079E+19,6.625448E+18
24.53006,3.489394E+19,-2.826059E+19,6.633351E+18
24.54878,3.489141E+19,-2.824955E+19,6.641859E+18
24.5756,3.488849E+19,-2.823718E+19,6.651304E+18
24.58818,3.488405E+19,-2.821953E+19,6.664518E+18
24.60555,3.488176E+19,-2.821075E+19,6.671003E+18
24.62614,3.487844E+19,-2.820001E+19,6.678431E+18
24.64434,3.487507E+19,-2.818734E+19,6.687727E+18
24.66059,3.487215E+19,-2.817546E+19,6.69669E+18
24.67829,3.486934E+19,-2.816563E+19,6.703707E+18
24.69576,3.486638E+19,-2.815435E+19,6.71203E+18
24.71216,3.486357E+19,-2.814396E+19,6.719613E+18
24.72974,3.486096E+19,-2.813451E+19,6.726456E+18
24.74751,3.485834E+19,-2.812442E+19,6.733924E+18
24.76449,3.485573E+19,-2.811332E+19,6.74241E+18
24.78452,3.485347E+19,-2.810251E+19,6.75096E+18
24.80137,3.485045E+19,-2.808942E+19,6.761027E+18
24.81864,3.484741E+19,-2.807896E+19,6.768451E+18
24.83501,3.484422E+19,-2.806828E+19,6.775941E+18
24.85278,3.48416E+19,-2.805881E+19,6.782795E+18
24.86897,3.483851E+19,-2.804745E+19,6.791059E+18
24.88549,3.483551E+19,-2.803706E+19,6.798448E+18
24.90209,3.48329E+19,-2.802656E+19,6.80634E+18
24.91856,3.483039E+19,-2.801688E+19,6.813511E+18
24.93488,3.482778E+19,-2.800548E+19,6.822296E+18
24.95387,3.482534E+19,-2.799505E+19,6.830289E+18
24.9761,3.482177E+19,-2.798298E+19,6.838795E+18
24.99751,3.481812E+19,-2.796868E+19,6.849445E+18
25.01551,3.48154E+19,-2.79553E+19,6.860102E+18
25.03164,3.481253E+19,-2.794536E+19,6.867174E+18
25.04833,3.481093E+19,-2.793507E+19,6.87586E+18
25.06486,3.481004E+19,-2.792596E+19,6.884082E+18
25.08166,3.480841E+19,-2.791401E+19,6.894408E+18
25.09846,3.480632E+19,-2.79028E+19,6.903526E+18
25.11449,3.480323E+19,-2.789194E+19,6.91129E+18
25.13085,3.480065E+19,-2.788194E+19,6.918712E+18
25.14681,3.479816E+19,-2.787155E+19,6.926613E+18
25.16323,3.479556E+19,-2.78604E+19,6.935154E+18
25.17932,3.479291E+19,-2.784995E+19,6.942965E+18
25.19628,3.47903E+19,-2.783961E+19,6.950686E+18
25.21431,3.478761E+19,-2.782854E+19,6.959075E+18
25.23065,3.478456E+19,-2.781776E+19,6.966794E+18
25.24786,3.478193E+19,-2.780792E+19,6.974011E+18
25.26411,3.477917E+19,-2.77979E+19,6.981268E+18
25.2809,3.477658E+19,-2.778806E+19,6.988518E+18
25.29733,3.477393E+19,-2.777769E+19,6.996236E+18
25.314,3.477135E+19,-2.776755E+19,7.003795E+18
25.33017,3.476864E+19,-2.775751E+19,7.011128E+18
25.34641,3.476613E+19,-2.774752E+19,7.018607E+18
25.36364,3.476353E+19,-2.773765E+19,7.025882E+18
25.38046,3.476088E+19,-2.772698E+19,7.033904E+18
25.39704,3.475814E+19,-2.771755E+19,7.040589E+18
25.41361,3.475554E+19,-2.770668E+19,7.048861E+18
25.42966,3.475367E+19,-2.769577E+19,7.057899E+18
25.44889,3.475153E+19,-2.768482E+19,7.066711E+18
25.46608,3.474806E+19,-2.767319E+19,7.074874E+18
25.48299,3.474554E+19,-2.766271E+19,7.082827E+18
25.50121,3.474327E+19,-2.765243E+19,7.090845E+18
25.51759,3.474002E+19,-2.764028E+19,7.09974E+18
25.53631,3.473725E+19,-2.763021E+19,7.107034E+18
25.55183,3.473453E+19,-2.761989E+19,7.114645E+18
25.56987,3.473229E+19,-2.761116E+19,7.12113E+18
25.58534,3.472944E+19,-2.759932E+19,7.130117E+18
25.60201,3.472688E+19,-2.75896E+19,7.137275E+18
25.61795,3.472417E+19,-2.757929E+19,7.144884E+18
25.635,3.472154E+19,-2.756859E+19,7.152956E+18
25.65091,3.471907E+19,-2.755768E+19,7.161381E+18
25.66873,3.47167E+19,-2.754756E+19,7.169135E+18
25.68421,3.471404E+19,-2.753664E+19,7.177401E+18
25.70324,3.471175E+19,-2.752711E+19,7.184642E+18
25.71828,3.470911E+19,-2.751613E+19,7.192983E+18
25.73699,3.470782E+19,-2.750755E+19,7.200266E+18
25.75419,3.47042E+19,-2.749433E+19,7.209876E+18
25.77026,3.47004E+19,-2.748312E+19,7.217276E+18
25.78615,3.469789E+19,-2.747333E+19,7.224563E+18
25.80417,3.469544E+19,-2.746341E+19,7.232025E+18
25.81955,3.469288E+19,-2.745305E+19,7.239833E+18
25.8379,3.469072E+19,-2.744451E+19,7.246213E+18
25.85292,3.46882E+19,-2.74348E+19,7.253399E+18
25.87107,3.468618E+19,-2.74256E+19,7.260577E+18
25.88607,3.468462E+19,-2.741343E+19,7.271187E+18
25.90334,3.468396E+19,-2.740391E+19,7.280047E+18
25.91926,3.468122E+19,-2.739324E+19,7.287976E+18
25.93661,3.467873E+19,-2.738431E+19,7.29442E+18
25.95863,3.467691E+19,-2.73735E+19,7.303409E+18
25.97733,3.467442E+19,-2.736035E+19,7.314072E+18
25.99463,3.467102E+19,-2.735029E+19,7.320735E+18
26.00917,3.466849E+19,-2.734045E+19,7.328045E+18
26.02656,3.466663E+19,-2.733189E+19,7.334745E+18
26.04476,3.466425E+19,-2.732081E+19,7.343442E+18
26.06094,3.466155E+19,-2.730892E+19,7.352637E+18
26.07733,3.465911E+19,-2.729931E+19,7.359803E+18
26.09579,3.465683E+19,-2.728981E+19,7.367018E+18
26.11329,3.465445E+19,-2.72786E+19,7.375852E+18
26.12994,3.465195E+19,-2.726909E+19,7.382858E+18
26.1472,3.464953E+19,-2.725895E+19,7.390574E+18
26.16373,3.464692E+19,-2.724883E+19,7.398086E+18
26.17941,3.464432E+19,-2.723894E+19,7.405374E+18
26.19721,3.464195E+19,-2.722963E+19,7.412318E+18
26.2151,3.463942E+19,-2.721923E+19,7.420186E+18
26.23362,3.463696E+19,-2.720869E+19,7.428272E+18
26.24874,3.463428E+19,-2.719766E+19,7.436617E+18
26.28265,3.46322E+19,-2.718889E+19,7.443309E+18
26.29391,3.462713E+19,-2.716858E+19,7.458553E+18
26.31027,3.462552E+19,-2.716152E+19,7.464006E+18
26.3278,3.462327E+19,-2.715237E+19,7.470902E+18
26.34461,3.462182E+19,-2.714079E+19,7.481027E+18
26.3619,3.462053E+19,-2.713017E+19,7.490361E+18
26.37769,3.461791E+19,-2.711961E+19,7.498304E+18
26.39569,3.461567E+19,-2.710999E+19,7.50568E+18
26.41292,3.461335E+19,-2.709981E+19,7.513539E+18
26.43191,3.46118E+19,-2.708926E+19,7.522546E+18
26.44826,3.461082E+19,-2.707744E+19,7.533376E+18
26.46626,3.460873E+19,-2.70672E+19,7.541528E+18
26.4834,3.460555E+19,-2.705581E+19,7.549733E+18
26.50069,3.460283E+19,-2.704533E+19,7.557506E+18
26.51804,3.460022E+19,-2.703431E+19,7.565904E+18
26.53491,3.459757E+19,-2.702355E+19,7.574023E+18
26.552,3.459495E+19,-2.701368E+19,7.581271E+18
26.56952,3.459226E+19,-2.700332E+19,7.588939E+18
26.58763,3.458926E+19,-2.69922E+19,7.597056E+18
26.60395,3.45861E+19,-2.698126E+19,7.604845E+18
26.62021,3.458343E+19,-2.697115E+19,7.612282E+18
26.63608,3.458087E+19,-2.69613E+19,7.619567E+18
26.65263,3.457825E+19,-2.695179E+19,7.626459E+18
26.66901,3.457577E+19,-2.694166E+19,7.634103E+18
26.68612,3.457315E+19,-2.693205E+19,7.641096E+18
26.70279,3.457032E+19,-2.692129E+19,7.649028E+18
26.72007,3.456773E+19,-2.69127E+19,7.655031E+18
26.73665,3.456676E+19,-2.690146E+19,7.6653E+18
26.75395,3.456912E+19,-2.689173E+19,7.677391E+18
26.771,3.456683E+19,-2.688217E+19,7.684665E+18
26.79213,3.456447E+19,-2.68729E+19,7.691565E+18
26.81079,3.456149E+19,-2.686071E+19,7.700779E+18
26.82087,3.455942E+19,-2.685083E+19,7.70859E+18
26.84326,3.455841E+19,-2.684436E+19,7.714046E+18
26.85933,3.455605E+19,-2.683158E+19,7.724472E+18
26.87721,3.455412E+19,-2.682127E+19,7.73285E+18
26.89434,3.455136E+19,-2.680952E+19,7.741846E+18
26.91581,3.454834E+19,-2.67993E+19,7.749037E+18
26.93165,3.45452E+19,-2.678565E+19,7.759555E+18
26.9482,3.454275E+19,-2.677594E+19,7.766814E+18
26.96582,3.454036E+19,-2.67657E+19,7.774653E+18
26.98356,3.453776E+19,-2.675441E+19,7.783348E+18
26.99982,3.453515E+19,-2.67437E+19,7.791454E+18
27.01843,3.453271E+19,-2.673361E+19,7.799106E+18
27.03517,3.452991E+19,-2.672288E+19,7.807032E+18
27.05185,3.452772E+19,-2.671319E+19,7.814528E+18
27.06815,3.45255E+19,-2.670272E+19,7.822781E+18
27.08468,3.452257E+19,-2.669269E+19,7.829877E+18
27.1014,3.451935E+19,-2.66828E+19,7.836547E+18
27.11798,3.451637E+19,-2.667216E+19,7.844208E+18
27.13499,3.451354E+19,-2.666316E+19,7.850385E+18
27.15149,3.451062E+19,-2.665173E+19,7.858887E+18
27.16808,3.450873E+19,-2.664191E+19,7.866823E+18
27.18439,3.450815E+19,-2.663111E+19,7.877038E+18
27.20215,3.450807E+19,-2.662034E+19,7.887738E+18
27.21833,3.450646E+19,-2.660971E+19,7.896747E+18
27.23483,3.450515E+19,-2.660023E+19,7.904915E+18
27.25173,3.450372E+19,-2.659058E+19,7.913137E+18
27.26823,3.450176E+19,-2.658091E+19,7.920849E+18
27.28609,3.449965E+19,-2.657176E+19,7.927894E+18
27.30297,3.449758E+19,-2.656048E+19,7.9371E+18
27.31941,3.449569E+19,-2.655031E+19,7.945374E+18
27.336,3.449345E+19,-2.654035E+19,7.953106E+18
27.3524,3.449117E+19,-2.653085E+19,7.960319E+18
27.36896,3.448883E+19,-2.652258E+19,7.96625E+18
27.38542,3.448735E+19,-2.651254E+19,7.974806E+18
27.40251,3.448563E+19,-2.650276E+19,7.982863E+18
27.41971,3.448262E+19,-2.649168E+19,7.990932E+18
27.43681,3.447971E+19,-2.648241E+19,7.997298E+18
27.46498,3.447724E+19,-2.64713E+19,8.005942E+18
27.47822,3.447279E+19,-2.645364E+19,8.019158E+18
27.49574,3.447049E+19,-2.644513E+19,8.02536E+18
27.51234,3.446754E+19,-2.643421E+19,8.033333E+18
27.52797,3.446483E+19,-2.642386E+19,8.04097E+18
27.54546,3.446251E+19,-2.641399E+19,8.048511E+18
27.56132,3.445993E+19,-2.64038E+19,8.056128E+18
27.57858,3.445769E+19,-2.639448E+19,8.063216E+18
27.59524,3.4455E+19,-2.638402E+19,8.070983E+18
27.61271,3.445241E+19,-2.637411E+19,8.078294E+18
27.6327,3.445001E+19,-2.636415E+19,8.085852E+18
27.65005,3.444708E+19,-2.635284E+19,8.09424E+18
27.66708,3.444461E+19,-2.634463E+19,8.099981E+18
27.6843,3.444259E+19,-2.633355E+19,8.109046E+18
27.70123,3.444344E+19,-2.632463E+19,8.118803E+18
27.7196,3.444131E+19,-2.631676E+19,8.124551E+18
27.73674,3.443926E+19,-2.630315E+19,8.136111E+18
27.75396,3.443738E+19,-2.629273E+19,8.14465E+18
27.7688,3.44344E+19,-2.628222E+19,8.152184E+18
27.79064,3.443196E+19,-2.627396E+19,8.158007E+18
27.80329,3.442856E+19,-2.626007E+19,8.168492E+18
27.82686,3.442648E+19,-2.62522E+19,8.174282E+18
27.84167,3.442254E+19,-2.623732E+19,8.185215E+18
27.86005,3.44201E+19,-2.622876E+19,8.191337E+18
27.87889,3.441785E+19,-2.621729E+19,8.200556E+18
27.89565,3.441581E+19,-2.62056E+19,8.210212E+18
27.91246,3.441323E+19,-2.619531E+19,8.217913E+18
27.92917,3.441047E+19,-2.618527E+19,8.225191E+18
27.94573,3.440782E+19,-2.617527E+19,8.232549E+18
27.96185,3.440538E+19,-2.616545E+19,8.239931E+18
27.97851,3.440291E+19,-2.615516E+19,8.247742E+18
27.99535,3.440042E+19,-2.614475E+19,8.25567E+18
28.01208,3.439827E+19,-2.613519E+19,8.263078E+18
28.02829,3.439579E+19,-2.612426E+19,8.271527E+18
28.04475,3.439312E+19,-2.611418E+19,8.278944E+18
28.06234,3.439057E+19,-2.610427E+19,8.286298E+18
28.07973,3.438775E+19,-2.60942E+19,8.293548E+18
28.09621,3.438527E+19,-2.608393E+19,8.301339E+18
28.1148,3.438313E+19,-2.607439E+19,8.308737E+18
28.13255,3.438032E+19,-2.606388E+19,8.316438E+18
28.14954,3.437774E+19,-2.605358E+19,8.324163E+18
28.16651,3.437546E+19,-2.604388E+19,8.33158E+18
28.18352,3.437331E+19,-2.603278E+19,8.340532E+18
28.20134,3.437108E+19,-2.602164E+19,8.349438E+18
28.2187,3.436888E+19,-2.601017E+19,8.358707E+18
28.23489,3.436636E+19,-2.599896E+19,8.367391E+18
28.25218,3.436377E+19,-2.598911E+19,8.374659E+18
28.26815,3.436104E+19,-2.597871E+19,8.382334E+18
28.28839,3.43585E+19,-2.596889E+19,8.389612E+18
28.30778,3.435522E+19,-2.595768E+19,8.397549E+18
28.32552,3.43522E+19,-2.594628E+19,8.405916E+18
28.34539,3.434939E+19,-2.593674E+19,8.412654E+18
28.36173,3.43463E+19,-2.592423E+19,8.422074E+18
28.37798,3.434372E+19,-2.591489E+19,8.428832E+18
28.39401,3.434138E+19,-2.590635E+19,8.435035E+18
28.41017,3.43391E+19,-2.589622E+19,8.442888E+18
28.42841,3.433675E+19,-2.588768E+19,8.449074E+18
28.44561,3.43343E+19,-2.587606E+19,8.458239E+18
28.46271,3.433209E+19,-2.586711E+19,8.464982E+18
28.48058,3.433038E+19,-2.585656E+19,8.473815E+18
28.49868,3.432826E+19,-2.584612E+19,8.482145E+18
28.51481,3.432539E+19,-2.583623E+19,8.489162E+18
28.53189,3.432303E+19,-2.582737E+19,8.495662E+18
28.54869,3.432058E+19,-2.581774E+19,8.50284E+18
28.56537,3.431822E+19,-2.580676E+19,8.511458E+18
28.58589,3.431551E+19,-2.579705E+19,8.51846E+18
28.60187,3.431212E+19,-2.578498E+19,8.527139E+18
28.62044,3.430977E+19,-2.57757E+19,8.534071E+18
28.64402,3.430691E+19,-2.576504E+19,8.541875E+18
28.66018,3.430325E+19,-2.575183E+19,8.551414E+18
28.67782,3.430075E+19,-2.574276E+19,8.557985E+18
28.69657,3.42982E+19,-2.573274E+19,8.565464E+18
28.7145,3.429564E+19,-2.572161E+19,8.574029E+18
28.73416,3.429298E+19,-2.571125E+19,8.581732E+18
28.75199,3.429007E+19,-2.570048E+19,8.589592E+18
28.77087,3.428782E+19,-2.569066E+19,8.597156E+18
28.7875,3.428517E+19,-2.567938E+19,8.60579E+18
28.80874,3.42826E+19,-2.567017E+19,8.612424E+18
28.82562,3.427947E+19,-2.565894E+19,8.620534E+18
28.84407,3.427699E+19,-2.565109E+19,8.625902E+18
28.864,3.427403E+19,-2.563952E+19,8.634518E+18
28.88526,3.427082E+19,-2.562897E+19,8.641843E+18
28.90108,3.426758E+19,-2.561809E+19,8.649491E+18
28.91784,3.426497E+19,-2.560935E+19,8.655617E+18
28.93463,3.426239E+19,-2.55998E+19,8.662597E+18
28.9508,3.426007E+19,-2.558949E+19,8.670571E+18
28.96733,3.425764E+19,-2.558042E+19,8.677218E+18
28.98355,3.425514E+19,-2.557174E+19,8.683406E+18
28.99984,3.425285E+19,-2.556268E+19,8.690166E+18
29.01661,3.425057E+19,-2.555419E+19,8.696381E+18
29.03318,3.424816E+19,-2.55461E+19,8.702067E+18
29.05014,3.424589E+19,-2.553803E+19,8.707864E+18
29.06678,3.424359E+19,-2.552812E+19,8.715477E+18
29.08301,3.424091E+19,-2.55188E+19,8.722111E+18
29.10116,3.423834E+19,-2.550981E+19,8.728524E+18
29.11923,3.423579E+19,-2.549997E+19,8.735822E+18
29.13536,3.423318E+19,-2.549063E+19,8.742542E+18
29.15181,3.423056E+19,-2.548206E+19,8.7485E+18
29.16747,3.422795E+19,-2.54727E+19,8.755251E+18
29.18471,3.422555E+19,-2.546398E+19,8.761568E+18
29.20149,3.42229E+19,-2.545456E+19,8.768346E+18
29.22572,3.422048E+19,-2.544508E+19,8.775402E+18
