0,3.480753E+19,-8.945381E+19,-5.464628E+19
0.02,3.480753E+19,-8.945381E+19,-5.464628E+19
0.3533334,3.480954E+19,-8.945297E+19,-5.464343E+19
0.4486921,3.855025E+19,-8.935841E+19,-5.080816E+19
0.587149,4.046234E+19,-8.932927E+19,-4.886693E+19
0.6158139,4.552852E+19,-8.917929E+19,-4.365077E+19
0.6477758,4.611179E+19,-8.913409E+19,-4.30223E+19
0.6667439,4.634089E+19,-8.909039E+19,-4.27495E+19
0.695837,4.641653E+19,-8.906604E+19,-4.264951E+19
0.718793,4.688107E+19,-8.90092E+19,-4.212812E+19
0.7468979,4.770259E+19,-8.897429E+19,-4.12717E+19
0.7677997,4.771223E+19,-8.89227E+19,-4.121047E+19
0.7869335,4.772033E+19,-8.88896E+19,-4.116928E+19
0.8077449,4.772511E+19,-8.885E+19,-4.11249E+19
0.8300362,4.772716E+19,-8.881374E+19,-4.108658E+19
0.8492324,4.773084E+19,-8.877167E+19,-4.104083E+19
0.8677871,4.773723E+19,-8.873439E+19,-4.099716E+19
0.8880472,4.777213E+19,-8.870719E+19,-4.093506E+19
0.9138256,4.787875E+19,-8.866495E+19,-4.07862E+19
0.9326115,4.791929E+19,-8.861488E+19,-4.06956E+19
0.9527491,4.793033E+19,-8.858798E+19,-4.065765E+19
0.9730154,4.796106E+19,-8.853283E+19,-4.057177E+19
0.997725,4.799365E+19,-8.849236E+19,-4.049871E+19
1.017689,4.800576E+19,-8.84434E+19,-4.043764E+19
1.03697,4.820805E+19,-8.839551E+19,-4.018746E+19
1.055812,4.881062E+19,-8.835291E+19,-3.954229E+19
1.080356,4.897808E+19,-8.830248E+19,-3.93244E+19
1.098855,4.948011E+19,-8.82241E+19,-3.874399E+19
1.129795,4.950596E+19,-8.817104E+19,-3.866508E+19
1.153133,4.95394E+19,-8.809757E+19,-3.855817E+19
1.178523,4.954494E+19,-8.80332E+19,-3.848826E+19
1.198367,4.955456E+19,-8.794679E+19,-3.839224E+19
1.218941,4.955096E+19,-8.788948E+19,-3.833851E+19
1.245827,4.95455E+19,-8.782609E+19,-3.828059E+19
1.293415,4.953511E+19,-8.774697E+19,-3.821186E+19
1.319352,4.952126E+19,-8.760644E+19,-3.808517E+19
1.336134,4.951928E+19,-8.752869E+19,-3.800941E+19
1.352838,4.951359E+19,-8.747327E+19,-3.795968E+19
1.369872,4.950345E+19,-8.742748E+19,-3.792403E+19
1.387692,4.94901E+19,-8.73779E+19,-3.78878E+19
1.410416,4.948448E+19,-8.732103E+19,-3.783655E+19
1.430003,4.948039E+19,-8.724447E+19,-3.776408E+19
1.447382,4.947781E+19,-8.717987E+19,-3.770206E+19
1.463968,4.947131E+19,-8.711755E+19,-3.764624E+19
1.483283,4.946099E+19,-8.706178E+19,-3.760078E+19
1.502508,4.944921E+19,-8.700466E+19,-3.755545E+19
1.530763,4.944875E+19,-8.692774E+19,-3.747899E+19
1.547706,4.947648E+19,-8.682383E+19,-3.734736E+19
1.566076,4.947732E+19,-8.676528E+19,-3.728795E+19
1.583577,4.949572E+19,-8.671521E+19,-3.721949E+19
1.601071,4.999003E+19,-8.664065E+19,-3.665061E+19
1.618067,5.125406E+19,-8.657356E+19,-3.531949E+19
1.636041,5.124866E+19,-8.651074E+19,-3.526208E+19
1.656598,5.123415E+19,-8.644297E+19,-3.520883E+19
1.672856,5.121637E+19,-8.636048E+19,-3.514411E+19
1.688971,5.120226E+19,-8.629837E+19,-3.509611E+19
1.706275,5.118882E+19,-8.624076E+19,-3.505193E+19
1.723359,5.117639E+19,-8.617564E+19,-3.499925E+19
1.746576,5.116522E+19,-8.610834E+19,-3.494312E+19
1.763826,5.114894E+19,-8.601697E+19,-3.486803E+19
1.78283,5.113156E+19,-8.594858E+19,-3.481702E+19
1.80033,5.111109E+19,-8.58695E+19,-3.475841E+19
1.81731,5.110384E+19,-8.57945E+19,-3.469066E+19
1.834136,5.109489E+19,-8.572677E+19,-3.463188E+19
1.851444,5.107684E+19,-8.565894E+19,-3.45821E+19
1.86879,5.10632E+19,-8.558482E+19,-3.452163E+19
1.885655,5.105257E+19,-8.551241E+19,-3.445984E+19
1.902464,5.103971E+19,-8.54365E+19,-3.439679E+19
1.920453,5.103317E+19,-8.537235E+19,-3.433917E+19
1.937841,5.105269E+19,-8.528665E+19,-3.423395E+19
1.955193,5.113191E+19,-8.5211E+19,-3.407909E+19
1.972327,5.111183E+19,-8.513832E+19,-3.402649E+19
1.98928,5.109625E+19,-8.505944E+19,-3.396319E+19
2.013056,5.108689E+19,-8.498489E+19,-3.3898E+19
2.030865,5.107146E+19,-8.487669E+19,-3.380523E+19
2.047833,5.106871E+19,-8.479373E+19,-3.372502E+19
2.065198,5.106569E+19,-8.471369E+19,-3.364799E+19
2.082902,5.104766E+19,-8.462966E+19,-3.358199E+19
2.100846,5.103273E+19,-8.454309E+19,-3.351035E+19
2.118298,5.101525E+19,-8.445607E+19,-3.344082E+19
2.134816,5.099836E+19,-8.437084E+19,-3.337248E+19
2.152331,5.098037E+19,-8.428936E+19,-3.330899E+19
2.169584,5.096075E+19,-8.420003E+19,-3.323928E+19
2.187188,5.094106E+19,-8.41107E+19,-3.316964E+19
2.204363,5.092576E+19,-8.401815E+19,-3.309239E+19
2.222189,5.090835E+19,-8.393133E+19,-3.302298E+19
2.239954,5.089052E+19,-8.383468E+19,-3.294416E+19
2.261884,5.087499E+19,-8.373611E+19,-3.286112E+19
2.280614,5.085721E+19,-8.36157E+19,-3.275849E+19
2.297217,5.083764E+19,-8.350784E+19,-3.267019E+19
2.315053,5.082184E+19,-8.341402E+19,-3.259218E+19
2.332939,5.080319E+19,-8.331028E+19,-3.250709E+19
2.352121,5.078422E+19,-8.320119E+19,-3.241697E+19
2.368312,5.07604E+19,-8.308803E+19,-3.232763E+19
2.38511,5.074207E+19,-8.299217E+19,-3.225009E+19
2.401986,5.072399E+19,-8.289164E+19,-3.216765E+19
2.418596,5.070771E+19,-8.278971E+19,-3.2082E+19
2.43546,5.069348E+19,-8.26891E+19,-3.199562E+19
2.452393,5.07137E+19,-8.257772E+19,-3.186402E+19
2.469732,5.078919E+19,-8.247097E+19,-3.168178E+19
2.491033,5.076794E+19,-8.235843E+19,-3.15905E+19
2.505061,5.074398E+19,-8.221632E+19,-3.147234E+19
2.522356,5.072761E+19,-8.212553E+19,-3.139792E+19
2.538362,5.070586E+19,-8.200918E+19,-3.130332E+19
2.554697,5.068776E+19,-8.190135E+19,-3.121359E+19
2.57175,5.066649E+19,-8.178611E+19,-3.111962E+19
2.588143,5.065071E+19,-8.167095E+19,-3.102024E+19
2.613478,5.063264E+19,-8.155617E+19,-3.092353E+19
2.630728,5.060459E+19,-8.137907E+19,-3.077448E+19
2.64984,5.057991E+19,-8.125599E+19,-3.067608E+19
2.668867,5.055526E+19,-8.111745E+19,-3.056219E+19
2.685732,5.053329E+19,-8.098324E+19,-3.044995E+19
2.702697,5.051158E+19,-8.086506E+19,-3.035348E+19
2.719873,5.048923E+19,-8.074671E+19,-3.025748E+19
2.736631,5.047059E+19,-8.062307E+19,-3.015248E+19
2.755849,5.045554E+19,-8.049457E+19,-3.003903E+19
2.772239,5.043872E+19,-8.035226E+19,-2.991353E+19
2.789103,5.041885E+19,-8.023244E+19,-2.981359E+19
2.804891,5.039899E+19,-8.010961E+19,-2.971062E+19
2.822209,5.038197E+19,-7.999358E+19,-2.961161E+19
2.838747,5.036362E+19,-7.986482E+19,-2.95012E+19
2.855287,5.034385E+19,-7.9741E+19,-2.939715E+19
2.871323,5.032361E+19,-7.961823E+19,-2.929462E+19
2.88768,5.030417E+19,-7.950005E+19,-2.919588E+19
2.904458,5.028098E+19,-7.937919E+19,-2.909821E+19
2.922136,5.025509E+19,-7.925388E+19,-2.899879E+19
2.939437,5.023066E+19,-7.9122E+19,-2.889134E+19
2.955447,5.020931E+19,-7.89974E+19,-2.878809E+19
2.971425,5.019088E+19,-7.887211E+19,-2.868124E+19
2.995484,5.017645E+19,-7.875359E+19,-2.857715E+19
3.012748,5.014476E+19,-7.857459E+19,-2.842983E+19
3.032934,5.012218E+19,-7.844645E+19,-2.832427E+19
3.050155,5.009526E+19,-7.829812E+19,-2.820286E+19
3.068029,5.007317E+19,-7.817255E+19,-2.809938E+19
3.087997,5.004952E+19,-7.804332E+19,-2.79938E+19
3.114835,5.004739E+19,-7.789307E+19,-2.784568E+19
3.136048,5.011785E+19,-7.769812E+19,-2.758026E+19
3.163114,5.009265E+19,-7.75411E+19,-2.744845E+19
3.181444,5.00628E+19,-7.734398E+19,-2.728118E+19
3.217059,5.003546E+19,-7.721162E+19,-2.717616E+19
3.249042,4.998882E+19,-7.695149E+19,-2.696268E+19
3.264893,4.995496E+19,-7.671613E+19,-2.676117E+19
3.280362,4.993795E+19,-7.660056E+19,-2.666261E+19
3.297806,4.991753E+19,-7.648549E+19,-2.656795E+19
3.315827,4.989604E+19,-7.635789E+19,-2.646185E+19
3.332577,4.986813E+19,-7.622613E+19,-2.6358E+19
3.349565,4.984412E+19,-7.610301E+19,-2.625888E+19
3.367528,4.982062E+19,-7.597923E+19,-2.615861E+19
3.386293,4.979549E+19,-7.584831E+19,-2.605283E+19
3.403906,4.976921E+19,-7.571212E+19,-2.594291E+19
3.427891,4.97449E+19,-7.558585E+19,-2.584095E+19
3.444385,4.971189E+19,-7.541388E+19,-2.570199E+19
3.465573,4.968863E+19,-7.529517E+19,-2.560654E+19
3.478833,4.965921E+19,-7.514369E+19,-2.548448E+19
3.496254,4.964081E+19,-7.504893E+19,-2.540813E+19
3.516119,4.961588E+19,-7.492582E+19,-2.530994E+19
3.533922,4.958787E+19,-7.478607E+19,-2.51982E+19
3.55009,4.956269E+19,-7.46607E+19,-2.509802E+19
3.566352,4.954008E+19,-7.454705E+19,-2.500696E+19
3.584187,4.951765E+19,-7.443421E+19,-2.491657E+19
3.600286,4.94931E+19,-7.431223E+19,-2.481912E+19
3.616762,4.947151E+19,-7.420018E+19,-2.472868E+19
3.633504,4.944927E+19,-7.408405E+19,-2.463477E+19
3.649614,4.94247E+19,-7.396671E+19,-2.454201E+19
3.666369,4.940154E+19,-7.385578E+19,-2.445424E+19
3.682997,4.937795E+19,-7.37404E+19,-2.436246E+19
3.701664,4.93545E+19,-7.362613E+19,-2.427163E+19
3.717606,4.932812E+19,-7.349703E+19,-2.416891E+19
3.736689,4.930671E+19,-7.33877E+19,-2.408099E+19
3.752949,4.928304E+19,-7.325885E+19,-2.397581E+19
3.769277,4.926321E+19,-7.314793E+19,-2.388472E+19
3.785859,4.924178E+19,-7.303396E+19,-2.379218E+19
3.80284,4.921854E+19,-7.292072E+19,-2.370217E+19
3.819996,4.919519E+19,-7.280629E+19,-2.36111E+19
3.836462,4.917086E+19,-7.269017E+19,-2.351931E+19
3.852891,4.914736E+19,-7.258133E+19,-2.343397E+19
3.86938,4.912433E+19,-7.247125E+19,-2.334692E+19
3.886549,4.910128E+19,-7.23625E+19,-2.326122E+19
3.917595,4.907752E+19,-7.224693E+19,-2.316941E+19
3.929862,4.903839E+19,-7.203904E+19,-2.300064E+19
3.946237,4.902212E+19,-7.195913E+19,-2.293702E+19
3.962393,4.900566E+19,-7.184869E+19,-2.284304E+19
3.979854,4.899112E+19,-7.174291E+19,-2.275179E+19
4.001552,4.896694E+19,-7.162963E+19,-2.266269E+19
4.014069,4.893691E+19,-7.148712E+19,-2.255021E+19
4.031183,4.892886E+19,-7.140597E+19,-2.247711E+19
4.048263,4.892434E+19,-7.129445E+19,-2.237011E+19
4.064834,4.890467E+19,-7.118295E+19,-2.227828E+19
4.081345,4.888935E+19,-7.107399E+19,-2.218464E+19
4.097641,4.886862E+19,-7.096491E+19,-2.209629E+19
4.114112,4.884858E+19,-7.08607E+19,-2.201212E+19
4.130352,4.882894E+19,-7.075603E+19,-2.192709E+19
4.146955,4.880914E+19,-7.065803E+19,-2.18489E+19
4.163157,4.878987E+19,-7.054292E+19,-2.175305E+19
4.179827,4.879953E+19,-7.043871E+19,-2.163918E+19
4.196197,4.877689E+19,-7.033241E+19,-2.155552E+19
4.212884,4.875397E+19,-7.022746E+19,-2.147348E+19
4.230319,4.873102E+19,-7.012111E+19,-2.139009E+19
4.247657,4.87069E+19,-7.000887E+19,-2.130198E+19
4.264296,4.868308E+19,-6.989959E+19,-2.121652E+19
4.281929,4.866022E+19,-6.979607E+19,-2.113586E+19
4.299246,4.86356E+19,-6.968605E+19,-2.105045E+19
4.315221,4.86136E+19,-6.958007E+19,-2.096648E+19
4.332099,4.859942E+19,-6.947843E+19,-2.087902E+19
4.35103,4.857932E+19,-6.937428E+19,-2.079496E+19
4.367061,4.855448E+19,-6.925636E+19,-2.070187E+19
4.385047,4.853331E+19,-6.915565E+19,-2.062234E+19
4.401588,4.851044E+19,-6.904541E+19,-2.053496E+19
4.418494,4.848983E+19,-6.894464E+19,-2.045482E+19
4.435481,4.846843E+19,-6.884129E+19,-2.037287E+19
4.452564,4.844562E+19,-6.873855E+19,-2.029293E+19
4.468901,4.842246E+19,-6.863436E+19,-2.02119E+19
4.485226,4.840136E+19,-6.853596E+19,-2.01346E+19
4.504342,4.838005E+19,-6.843754E+19,-2.00575E+19
4.519691,4.835457E+19,-6.832332E+19,-1.996875E+19
4.537154,4.833411E+19,-6.823038E+19,-1.989627E+19
4.553689,4.831116E+19,-6.812516E+19,-1.9814E+19
4.57035,4.828973E+19,-6.80262E+19,-1.973647E+19
4.586617,4.826853E+19,-6.792704E+19,-1.965851E+19
4.603135,4.824756E+19,-6.783151E+19,-1.958395E+19
4.620368,4.822644E+19,-6.773214E+19,-1.95057E+19
4.639765,4.820529E+19,-6.763031E+19,-1.942502E+19
4.654321,4.818078E+19,-6.751458E+19,-1.93338E+19
4.67089,4.816242E+19,-6.742916E+19,-1.926674E+19
4.688803,4.814154E+19,-6.733179E+19,-1.919025E+19
4.704818,4.811877E+19,-6.722583E+19,-1.910706E+19
4.721765,4.809779E+19,-6.71314E+19,-1.903361E+19
4.738155,4.80758E+19,-6.703323E+19,-1.895743E+19
4.754592,4.805519E+19,-6.6938E+19,-1.888281E+19
4.770977,4.803537E+19,-6.684273E+19,-1.880737E+19
4.787463,4.802353E+19,-6.674753E+19,-1.8724E+19
4.804371,4.801515E+19,-6.665296E+19,-1.86378E+19
4.82037,4.80007E+19,-6.655505E+19,-1.855436E+19
4.836849,4.798636E+19,-6.646376E+19,-1.847739E+19
4.853364,4.796746E+19,-6.637066E+19,-1.840319E+19
4.870248,4.794834E+19,-6.627496E+19,-1.832662E+19
4.887932,4.792729E+19,-6.617809E+19,-1.825081E+19
4.90455,4.790471E+19,-6.607714E+19,-1.817243E+19
4.920939,4.788352E+19,-6.598394E+19,-1.810042E+19
4.937783,4.786299E+19,-6.589335E+19,-1.803036E+19
4.953869,4.784026E+19,-6.579813E+19,-1.795787E+19
4.970966,4.781929E+19,-6.57081E+19,-1.788881E+19
4.987054,4.77979E+19,-6.561281E+19,-1.78149E+19
5.004048,4.777806E+19,-6.552388E+19,-1.774582E+19
5.020419,4.775752E+19,-6.54292E+19,-1.767168E+19
5.036889,4.773745E+19,-6.533923E+19,-1.760177E+19
5.053747,4.771631E+19,-6.524926E+19,-1.753296E+19
5.070426,4.769455E+19,-6.515659E+19,-1.746203E+19
5.087298,4.76736E+19,-6.506613E+19,-1.739253E+19
5.110083,4.765286E+19,-6.497484E+19,-1.732198E+19
5.129302,4.762437E+19,-6.484962E+19,-1.722525E+19
5.146039,4.760021E+19,-6.474578E+19,-1.714557E+19
5.162752,4.757941E+19,-6.465608E+19,-1.707667E+19
5.179191,4.755844E+19,-6.456732E+19,-1.700887E+19
5.195827,4.753762E+19,-6.447955E+19,-1.694193E+19
5.212698,4.751603E+19,-6.439069E+19,-1.687465E+19
5.229905,4.749513E+19,-6.430247E+19,-1.680734E+19
5.246774,4.747442E+19,-6.42132E+19,-1.673878E+19
5.263082,4.745461E+19,-6.412441E+19,-1.66698E+19
5.279764,4.743542E+19,-6.403794E+19,-1.660252E+19
5.297713,4.741602E+19,-6.394996E+19,-1.653394E+19
5.31482,4.739581E+19,-6.385577E+19,-1.645995E+19
5.331783,4.737612E+19,-6.37667E+19,-1.639059E+19
5.348931,4.735526E+19,-6.36804E+19,-1.632514E+19
5.365545,4.733533E+19,-6.359184E+19,-1.62565E+19
5.382744,4.731627E+19,-6.350601E+19,-1.618973E+19
5.399312,4.729589E+19,-6.341756E+19,-1.612166E+19
5.416533,4.727619E+19,-6.333192E+19,-1.605573E+19
5.433079,4.725686E+19,-6.324363E+19,-1.598677E+19
5.453767,4.723824E+19,-6.315946E+19,-1.592122E+19
5.470309,4.721545E+19,-6.305342E+19,-1.583797E+19
5.48723,4.719799E+19,-6.297044E+19,-1.577245E+19
5.50489,4.717772E+19,-6.288524E+19,-1.570752E+19
5.521705,4.715684E+19,-6.279719E+19,-1.564035E+19
5.538186,4.713643E+19,-6.27128E+19,-1.557637E+19
5.560714,4.711625E+19,-6.263095E+19,-1.55147E+19
5.578862,4.708993E+19,-6.252042E+19,-1.543048E+19
5.595484,4.706938E+19,-6.243121E+19,-1.536183E+19
5.612528,4.705014E+19,-6.2349E+19,-1.529886E+19
5.629643,4.703005E+19,-6.226493E+19,-1.523488E+19
5.646158,4.700944E+19,-6.218085E+19,-1.517141E+19
5.662473,4.699015E+19,-6.210075E+19,-1.51106E+19
5.6792,4.697195E+19,-6.202225E+19,-1.50503E+19
5.695849,4.695381E+19,-6.194244E+19,-1.498863E+19
5.7127,4.693528E+19,-6.186069E+19,-1.492542E+19
5.729025,4.691615E+19,-6.177924E+19,-1.48631E+19
5.746283,4.689819E+19,-6.170179E+19,-1.48036E+19
5.762475,4.687901E+19,-6.161886E+19,-1.473985E+19
5.779262,4.686077E+19,-6.154049E+19,-1.467972E+19
5.798885,4.684158E+19,-6.146175E+19,-1.462017E+19
5.815245,4.682026E+19,-6.13682E+19,-1.454794E+19
5.83208,4.680231E+19,-6.129151E+19,-1.44892E+19
5.848269,4.678408E+19,-6.121122E+19,-1.442713E+19
5.865461,4.6767E+19,-6.113591E+19,-1.436891E+19
5.882077,4.674919E+19,-6.105467E+19,-1.430548E+19
5.898573,4.673152E+19,-6.097618E+19,-1.424466E+19
5.915677,4.671307E+19,-6.089949E+19,-1.418642E+19
5.931884,4.669343E+19,-6.081971E+19,-1.412628E+19
5.948195,4.667505E+19,-6.074518E+19,-1.407013E+19
5.964678,4.665683E+19,-6.067124E+19,-1.40144E+19
5.981613,4.663857E+19,-6.060094E+19,-1.396237E+19
5.99838,4.662065E+19,-6.052036E+19,-1.389971E+19
6.016953,4.660415E+19,-6.044387E+19,-1.383971E+19
6.033336,4.658447E+19,-6.036183E+19,-1.377736E+19
6.050502,4.65672E+19,-6.028518E+19,-1.371798E+19
6.067132,4.655002E+19,-6.020664E+19,-1.365662E+19
6.084079,4.653244E+19,-6.013214E+19,-1.359969E+19
6.100664,4.651373E+19,-6.005736E+19,-1.354363E+19
6.117745,4.649592E+19,-5.998511E+19,-1.348919E+19
6.13479,4.6478E+19,-5.990894E+19,-1.343094E+19
6.151153,4.645962E+19,-5.983334E+19,-1.337372E+19
6.1679,4.644212E+19,-5.97618E+19,-1.331967E+19
6.185073,4.642499E+19,-5.96898E+19,-1.326481E+19
6.201221,4.640756E+19,-5.961618E+19,-1.320861E+19
6.218045,4.639048E+19,-5.954588E+19,-1.31554E+19
6.23501,4.637311E+19,-5.947083E+19,-1.309773E+19
6.251843,4.635958E+19,-5.939588E+19,-1.303631E+19
6.26825,4.634237E+19,-5.932263E+19,-1.298027E+19
6.284489,4.632526E+19,-5.925094E+19,-1.292568E+19
6.301058,4.630831E+19,-5.918065E+19,-1.287234E+19
6.326847,4.629095E+19,-5.911034E+19,-1.281939E+19
6.345346,4.626434E+19,-5.899951E+19,-1.273517E+19
6.361983,4.624554E+19,-5.89203E+19,-1.267476E+19
6.379491,4.622818E+19,-5.885342E+19,-1.262523E+19
6.396876,4.621629E+19,-5.877629E+19,-1.256E+19
6.413647,4.623815E+19,-5.870301E+19,-1.246487E+19
6.431066,4.622237E+19,-5.863133E+19,-1.240896E+19
6.447838,4.620896E+19,-5.855788E+19,-1.234893E+19
6.465843,4.619218E+19,-5.848492E+19,-1.229275E+19
6.482289,4.617345E+19,-5.840903E+19,-1.223558E+19
6.498305,4.615676E+19,-5.833996E+19,-1.21832E+19
6.514476,4.614116E+19,-5.827165E+19,-1.213049E+19
6.530739,4.612523E+19,-5.820396E+19,-1.207873E+19
6.548161,4.610964E+19,-5.813629E+19,-1.202665E+19
6.565031,4.609307E+19,-5.806495E+19,-1.197188E+19
6.582209,4.607696E+19,-5.800023E+19,-1.192328E+19
6.598495,4.606409E+19,-5.792353E+19,-1.185945E+19
6.615384,4.606852E+19,-5.785619E+19,-1.178768E+19
6.632092,4.605274E+19,-5.778603E+19,-1.173329E+19
6.648149,4.603653E+19,-5.771734E+19,-1.16808E+19
6.665061,4.602102E+19,-5.765247E+19,-1.163145E+19
6.682579,4.600504E+19,-5.758167E+19,-1.157663E+19
6.699287,4.598765E+19,-5.751021E+19,-1.152256E+19
6.715689,4.597088E+19,-5.744317E+19,-1.147229E+19
6.731899,4.595492E+19,-5.737689E+19,-1.142196E+19
6.748406,4.593905E+19,-5.731114E+19,-1.137209E+19
6.766361,4.592277E+19,-5.724544E+19,-1.132267E+19
6.784,4.590539E+19,-5.717317E+19,-1.126777E+19
6.800936,4.588897E+19,-5.710225E+19,-1.121328E+19
6.817429,4.587542E+19,-5.703494E+19,-1.115953E+19
6.8343,4.586265E+19,-5.696934E+19,-1.110669E+19
6.850947,4.584765E+19,-5.69028E+19,-1.105515E+19
6.868594,4.583238E+19,-5.683841E+19,-1.100603E+19
6.885042,4.581616E+19,-5.67707E+19,-1.095454E+19
6.902848,4.580305E+19,-5.670639E+19,-1.090335E+19
6.919519,4.578622E+19,-5.663511E+19,-1.084889E+19
6.936184,4.576824E+19,-5.656751E+19,-1.079926E+19
6.954412,4.575253E+19,-5.65024E+19,-1.074987E+19
6.970898,4.57357E+19,-5.64317E+19,-1.069599E+19
6.987453,4.572036E+19,-5.636771E+19,-1.064735E+19
7.003546,4.570488E+19,-5.630577E+19,-1.060089E+19
7.023815,4.569043E+19,-5.624307E+19,-1.055263E+19
7.039703,4.567241E+19,-5.616581E+19,-1.04934E+19
7.060074,4.565781E+19,-5.61058E+19,-1.044799E+19
7.080239,4.563945E+19,-5.602866E+19,-1.038921E+19
7.096195,4.562085E+19,-5.595026E+19,-1.032941E+19
7.112184,4.560646E+19,-5.589005E+19,-1.028359E+19
7.128903,4.559195E+19,-5.582914E+19,-1.023719E+19
7.146597,4.557655E+19,-5.576583E+19,-1.018928E+19
7.168098,4.556089E+19,-5.570062E+19,-1.013974E+19
7.184531,4.554207E+19,-5.562201E+19,-1.007994E+19
7.202177,4.552929E+19,-5.556015E+19,-1.003086E+19
7.219133,4.551551E+19,-5.549506E+19,-9.979546E+18
7.235269,4.550063E+19,-5.543077E+19,-9.930143E+18
7.251553,4.548682E+19,-5.537135E+19,-9.884526E+18
7.267882,4.547319E+19,-5.531116E+19,-9.837964E+18
7.284542,4.545944E+19,-5.52511E+19,-9.791661E+18
7.302064,4.544544E+19,-5.518907E+19,-9.74363E+18
7.319058,4.543069E+19,-5.512586E+19,-9.695168E+18
7.335915,4.541611E+19,-5.506376E+19,-9.647647E+18
7.352968,4.540218E+19,-5.500354E+19,-9.601358E+18
7.368583,4.538807E+19,-5.494165E+19,-9.553577E+18
7.385351,4.537504E+19,-5.488465E+19,-9.50961E+18
7.402398,4.536008E+19,-5.482382E+19,-9.463743E+18
7.419103,4.534489E+19,-5.476331E+19,-9.418421E+18
7.436669,4.533132E+19,-5.470495E+19,-9.373636E+18
7.453389,4.531733E+19,-5.464672E+19,-9.329396E+18
7.46961,4.53307E+19,-5.458011E+19,-9.249408E+18
7.485917,4.536259E+19,-5.452036E+19,-9.157775E+18
7.502326,4.534798E+19,-5.446238E+19,-9.114397E+18
7.519016,4.533433E+19,-5.440431E+19,-9.069977E+18
7.542786,4.531997E+19,-5.434452E+19,-9.024554E+18
7.55509,4.529945E+19,-5.42595E+19,-8.960048E+18
7.570871,4.528914E+19,-5.421555E+19,-8.926412E+18
7.586876,4.527613E+19,-5.416035E+19,-8.884221E+18
7.603729,4.526315E+19,-5.410351E+19,-8.840368E+18
7.620292,4.524916E+19,-5.40443E+19,-8.795139E+18
7.636625,4.523525E+19,-5.398628E+19,-8.751026E+18
7.653077,4.522137E+19,-5.392923E+19,-8.707859E+18
7.669368,4.520747E+19,-5.387103E+19,-8.663553E+18
7.685901,4.519423E+19,-5.381483E+19,-8.620602E+18
7.703746,4.51809E+19,-5.375706E+19,-8.57616E+18
7.71955,4.516679E+19,-5.369582E+19,-8.529035E+18
7.735752,4.515459E+19,-5.364195E+19,-8.487359E+18
7.753333,4.514203E+19,-5.358642E+19,-8.444394E+18
7.771551,4.512859E+19,-5.352657E+19,-8.397982E+18
7.793175,4.51143E+19,-5.346511E+19,-8.350804E+18
7.811892,4.509658E+19,-5.339305E+19,-8.296462E+18
7.828145,4.508137E+19,-5.332981E+19,-8.248448E+18
7.844451,4.506768E+19,-5.327429E+19,-8.206605E+18
7.861887,4.505455E+19,-5.321834E+19,-8.16379E+18
7.879056,4.504223E+19,-5.31593E+19,-8.11707E+18
7.89771,4.502987E+19,-5.310181E+19,-8.071933E+18
7.914165,4.50154E+19,-5.303932E+19,-8.023924E+18
7.931367,4.500241E+19,-5.298386E+19,-7.981447E+18
7.947332,4.498836E+19,-5.29258E+19,-7.937436E+18
7.963993,4.497602E+19,-5.287182E+19,-7.895809E+18
7.980545,4.49631E+19,-5.281593E+19,-7.852831E+18
7.998379,4.495036E+19,-5.276146E+19,-7.811093E+18
8.015432,4.493665E+19,-5.270217E+19,-7.765512E+18
8.034701,4.492356E+19,-5.264683E+19,-7.723273E+18
8.051824,4.49091E+19,-5.258532E+19,-7.676223E+18
8.068042,4.489634E+19,-5.252982E+19,-7.633478E+18
8.084628,4.488613E+19,-5.247567E+19,-7.589537E+18
8.103168,4.487678E+19,-5.24219E+19,-7.545121E+18
8.119781,4.486235E+19,-5.236259E+19,-7.500239E+18
8.135945,4.484966E+19,-5.23092E+19,-7.459549E+18
8.15383,4.48376E+19,-5.225721E+19,-7.419614E+18
8.170194,4.482394E+19,-5.220047E+19,-7.376536E+18
8.186974,4.481214E+19,-5.214886E+19,-7.33672E+18
8.203854,4.480008E+19,-5.209717E+19,-7.297094E+18
8.220641,4.478882E+19,-5.204422E+19,-7.255405E+18
8.237523,4.477801E+19,-5.199162E+19,-7.213606E+18
8.260697,4.476559E+19,-5.193852E+19,-7.172932E+18
8.27658,4.474863E+19,-5.18656E+19,-7.116976E+18
8.294891,4.473718E+19,-5.181581E+19,-7.078634E+18
8.312266,4.472381E+19,-5.175874E+19,-7.034935E+18
8.331857,4.471175E+19,-5.170483E+19,-6.993087E+18
8.349706,4.46988E+19,-5.164417E+19,-6.945373E+18
8.367527,4.468641E+19,-5.158859E+19,-6.902184E+18
8.38489,4.467378E+19,-5.153319E+19,-6.859409E+18
8.403739,4.46614E+19,-5.14805E+19,-6.819096E+18
8.420311,4.464859E+19,-5.142375E+19,-6.775155E+18
8.437925,4.463748E+19,-5.137276E+19,-6.735287E+18
8.454967,4.462579E+19,-5.131997E+19,-6.694183E+18
8.47129,4.461426E+19,-5.126914E+19,-6.654873E+18
8.487281,4.460373E+19,-5.121939E+19,-6.61566E+18
8.504617,4.45936E+19,-5.117231E+19,-6.578717E+18
8.520886,4.458354E+19,-5.112041E+19,-6.536865E+18
8.542308,4.457454E+19,-5.107176E+19,-6.497221E+18
8.559604,4.456172E+19,-5.100912E+19,-6.447404E+18
8.577124,4.455036E+19,-5.095952E+19,-6.409168E+18
8.593274,4.45383E+19,-5.090843E+19,-6.370135E+18
8.61146,4.452732E+19,-5.086061E+19,-6.333284E+18
8.628416,4.451638E+19,-5.080723E+19,-6.290856E+18
8.645989,4.45063E+19,-5.075841E+19,-6.252113E+18
8.663795,4.449542E+19,-5.070873E+19,-6.213309E+18
8.680668,4.448395E+19,-5.065918E+19,-6.175227E+18
8.697819,4.447333E+19,-5.061222E+19,-6.13889E+18
8.715096,4.446292E+19,-5.056153E+19,-6.098608E+18
8.731332,4.445152E+19,-5.051306E+19,-6.061533E+18
8.750897,4.444075E+19,-5.046468E+19,-6.02393E+18
8.771416,4.442845E+19,-5.040946E+19,-5.981013E+18
8.788407,4.44149E+19,-5.035152E+19,-5.936624E+18
8.8053,4.440347E+19,-5.030253E+19,-5.899051E+18
8.825215,4.439209E+19,-5.025496E+19,-5.862873E+18
8.843827,4.437891E+19,-5.019948E+19,-5.820568E+18
8.861465,4.436662E+19,-5.014873E+19,-5.782103E+18
8.880479,4.435619E+19,-5.010505E+19,-5.748858E+18
8.898643,4.434298E+19,-5.004647E+19,-5.703488E+18
8.916513,4.433678E+19,-4.999565E+19,-5.65887E+18
8.933594,4.432505E+19,-4.994759E+19,-5.622542E+18
8.950756,4.431421E+19,-4.990034E+19,-5.58613E+18
8.967927,4.430386E+19,-4.985721E+19,-5.553356E+18
8.985147,4.429252E+19,-4.981031E+19,-5.517789E+18
9.002723,4.428237E+19,-4.976581E+19,-5.483436E+18
9.020388,4.427286E+19,-4.971645E+19,-5.44359E+18
9.037805,4.426273E+19,-4.967012E+19,-5.407389E+18
9.055457,4.425189E+19,-4.96256E+19,-5.373714E+18
9.072432,4.424164E+19,-4.957776E+19,-5.336119E+18
9.094025,4.423165E+19,-4.95322E+19,-5.300548E+18
9.109667,4.421932E+19,-4.947491E+19,-5.255595E+18
9.128529,4.421026E+19,-4.943406E+19,-5.223802E+18
9.147326,4.419873E+19,-4.938579E+19,-5.18706E+18
9.165612,4.418828E+19,-4.933725E+19,-5.148978E+18
9.183201,4.41847E+19,-4.928997E+19,-5.105274E+18
9.20149,4.419023E+19,-4.924341E+19,-5.053175E+18
9.218888,4.417896E+19,-4.919821E+19,-5.019249E+18
9.236178,4.416812E+19,-4.915516E+19,-4.987042E+18
9.25307,4.41587E+19,-4.911103E+19,-4.952328E+18
9.270739,4.415094E+19,-4.906792E+19,-4.916981E+18
9.29324,4.414017E+19,-4.902431E+19,-4.884141E+18
9.310618,4.412792E+19,-4.897012E+19,-4.842205E+18
9.327917,4.41229E+19,-4.892359E+19,-4.800692E+18
9.34934,4.411861E+19,-4.887953E+19,-4.760916E+18
9.367191,4.410672E+19,-4.882566E+19,-4.718932E+18
9.385362,4.409698E+19,-4.878185E+19,-4.68487E+18
9.404579,4.408705E+19,-4.873666E+19,-4.649615E+18
9.427411,4.407849E+19,-4.869026E+19,-4.611765E+18
9.445053,4.407735E+19,-4.863497E+19,-4.557625E+18
9.463127,4.406714E+19,-4.858954E+19,-4.522401E+18
9.486439,4.405679E+19,-4.854649E+19,-4.489697E+18
9.510368,4.404335E+19,-4.849272E+19,-4.449372E+18
9.528234,4.402991E+19,-4.843558E+19,-4.405673E+18
9.545071,4.401999E+19,-4.839238E+19,-4.372388E+18
9.562956,4.40105E+19,-4.835316E+19,-4.342653E+18
9.579908,4.400075E+19,-4.831112E+19,-4.310371E+18
9.59669,4.399145E+19,-4.827287E+19,-4.281424E+18
9.613496,4.398258E+19,-4.823629E+19,-4.253711E+18
9.631207,4.397397E+19,-4.819734E+19,-4.223365E+18
9.647272,4.396601E+19,-4.815619E+19,-4.190177E+18
9.663366,4.395937E+19,-4.811943E+19,-4.160055E+18
9.67944,4.395102E+19,-4.808344E+19,-4.132426E+18
9.696305,4.394282E+19,-4.804799E+19,-4.105172E+18
9.714194,4.393407E+19,-4.800874E+19,-4.074667E+18
9.732182,4.392459E+19,-4.796789E+19,-4.043296E+18
9.75042,4.391519E+19,-4.792654E+19,-4.011348E+18
9.768398,4.39055E+19,-4.78856E+19,-3.980109E+18
9.785185,4.389627E+19,-4.784554E+19,-3.94927E+18
9.801864,4.388784E+19,-4.780857E+19,-3.920731E+18
9.819492,4.38792E+19,-4.777206E+19,-3.892869E+18
9.836573,4.387021E+19,-4.773292E+19,-3.862703E+18
9.853067,4.386179E+19,-4.769576E+19,-3.833966E+18
9.869018,4.385352E+19,-4.765863E+19,-3.805115E+18
9.88552,4.38453E+19,-4.762327E+19,-3.77797E+18
9.90237,4.383701E+19,-4.758702E+19,-3.750012E+18
9.919201,4.382824E+19,-4.755113E+19,-3.722889E+18
9.935315,4.381971E+19,-4.751477E+19,-3.695067E+18
9.953174,4.381178E+19,-4.747887E+19,-3.667091E+18
9.971648,4.380289E+19,-4.743991E+19,-3.637022E+18
9.992989,4.379366E+19,-4.740035E+19,-3.606688E+18
10.01096,4.378322E+19,-4.735586E+19,-3.572648E+18
10.02783,4.377456E+19,-4.731688E+19,-3.542319E+18
10.04448,4.376649E+19,-4.728125E+19,-3.51476E+18
10.0607,4.375883E+19,-4.72468E+19,-3.487968E+18
10.07785,4.37509E+19,-4.721322E+19,-3.462314E+18
10.09449,4.374237E+19,-4.717736E+19,-3.434993E+18
10.11203,4.373406E+19,-4.714336E+19,-3.409291E+18
10.12907,4.372604E+19,-4.710802E+19,-3.381979E+18
10.14546,4.371922E+19,-4.707305E+19,-3.353832E+18
10.16227,4.371178E+19,-4.703905E+19,-3.327267E+18
10.17882,4.370364E+19,-4.700432E+19,-3.300672E+18
10.19533,4.369662E+19,-4.696853E+19,-3.271914E+18
10.21221,4.368915E+19,-4.693476E+19,-3.245609E+18
10.22855,4.368123E+19,-4.690139E+19,-3.220157E+18
10.24481,4.367331E+19,-4.686729E+19,-3.193971E+18
10.26195,4.366553E+19,-4.683514E+19,-3.169611E+18
10.27906,4.365756E+19,-4.680193E+19,-3.14437E+18
10.2957,4.364973E+19,-4.676959E+19,-3.11986E+18
10.31209,4.364244E+19,-4.673678E+19,-3.094338E+18
10.32974,4.363505E+19,-4.670352E+19,-3.068477E+18
10.34855,4.362644E+19,-4.666854E+19,-3.042098E+18
10.36531,4.361777E+19,-4.663055E+19,-3.012785E+18
10.38186,4.361085E+19,-4.65964E+19,-2.985548E+18
10.3985,4.36033E+19,-4.656556E+19,-2.962256E+18
10.41549,4.359614E+19,-4.653223E+19,-2.936096E+18
10.43255,4.358879E+19,-4.649993E+19,-2.911137E+18
10.4487,4.358129E+19,-4.646609E+19,-2.884797E+18
10.46537,4.357427E+19,-4.643582E+19,-2.861554E+18
10.48178,4.356708E+19,-4.640485E+19,-2.837774E+18
10.49848,4.355995E+19,-4.637276E+19,-2.812801E+18
10.5146,4.355255E+19,-4.634141E+19,-2.788854E+18
10.53072,4.354567E+19,-4.631161E+19,-2.76594E+18
10.54998,4.353912E+19,-4.628212E+19,-2.743E+18
10.56554,4.35309E+19,-4.624486E+19,-2.713964E+18
10.58241,4.352442E+19,-4.621656E+19,-2.692141E+18
10.59885,4.351793E+19,-4.61855E+19,-2.667565E+18
10.61613,4.351184E+19,-4.61581E+19,-2.646261E+18
10.63289,4.350948E+19,-4.61236E+19,-2.61412E+18
10.64971,4.351666E+19,-4.60918E+19,-2.575135E+18
10.66725,4.350979E+19,-4.606033E+19,-2.550542E+18
10.68439,4.350298E+19,-4.602727E+19,-2.524285E+18
10.70077,4.349609E+19,-4.599545E+19,-2.499366E+18
10.7175,4.348946E+19,-4.5966E+19,-2.476544E+18
10.73451,4.348282E+19,-4.593693E+19,-2.45411E+18
10.75156,4.347739E+19,-4.590539E+19,-2.427999E+18
10.76761,4.347159E+19,-4.587229E+19,-2.400704E+18
10.78487,4.346547E+19,-4.584238E+19,-2.376911E+18
10.80114,4.345905E+19,-4.58108E+19,-2.351754E+18
10.81784,4.345306E+19,-4.5782E+19,-2.328942E+18
10.83451,4.344698E+19,-4.575319E+19,-2.306212E+18
10.85367,4.344039E+19,-4.572451E+19,-2.284125E+18
10.87003,4.343271E+19,-4.569318E+19,-2.260464E+18
10.88747,4.342776E+19,-4.566403E+19,-2.236266E+18
10.90413,4.342659E+19,-4.563317E+19,-2.206583E+18
10.92074,4.34229E+19,-4.560249E+19,-2.179593E+18
10.93767,4.341735E+19,-4.557514E+19,-2.157792E+18
10.9546,4.341145E+19,-4.554724E+19,-2.135793E+18
10.97122,4.340618E+19,-4.55199E+19,-2.113719E+18
10.98756,4.340208E+19,-4.549481E+19,-2.092731E+18
11.0033,4.340025E+19,-4.546454E+19,-2.064289E+18
11.02015,4.339713E+19,-4.543705E+19,-2.039924E+18
11.03706,4.339083E+19,-4.540733E+19,-2.0165E+18
11.0578,4.338442E+19,-4.537895E+19,-1.994523E+18
11.07687,4.337697E+19,-4.534426E+19,-1.96729E+18
11.094,4.337044E+19,-4.531325E+19,-1.942806E+18
11.11116,4.336485E+19,-4.528804E+19,-1.923187E+18
11.12789,4.335971E+19,-4.526235E+19,-1.902639E+18
11.14549,4.335445E+19,-4.523393E+19,-1.879479E+18
11.16229,4.334946E+19,-4.52049E+19,-1.855435E+18
11.17956,4.334446E+19,-4.517808E+19,-1.833612E+18
11.19692,4.33393E+19,-4.514919E+19,-1.809893E+18
11.21325,4.333472E+19,-4.511961E+19,-1.78489E+18
11.22963,4.333008E+19,-4.509228E+19,-1.7622E+18
11.24916,4.332403E+19,-4.506764E+19,-1.743606E+18
11.26585,4.331599E+19,-4.5035E+19,-1.719012E+18
11.28245,4.331017E+19,-4.500904E+19,-1.698869E+18
11.29957,4.330406E+19,-4.498264E+19,-1.67858E+18
11.31758,4.329846E+19,-4.495657E+19,-1.658116E+18
11.33514,4.329262E+19,-4.492889E+19,-1.636267E+18
11.35181,4.328715E+19,-4.490014E+19,-1.612988E+18
11.36828,4.328274E+19,-4.487387E+19,-1.591134E+18
11.38488,4.327775E+19,-4.484799E+19,-1.570243E+18
11.40182,4.327257E+19,-4.482108E+19,-1.548504E+18
11.4184,4.32673E+19,-4.479453E+19,-1.527235E+18
11.43639,4.326161E+19,-4.476826E+19,-1.506648E+18
11.4536,4.325574E+19,-4.473948E+19,-1.483743E+18
11.47049,4.325001E+19,-4.471355E+19,-1.463542E+18
11.48663,4.324432E+19,-4.468847E+19,-1.444147E+18
11.5024,4.323887E+19,-4.466478E+19,-1.425917E+18
11.51826,4.323373E+19,-4.464195E+19,-1.408219E+18
11.53545,4.322852E+19,-4.461796E+19,-1.389444E+18
11.55192,4.322263E+19,-4.459301E+19,-1.370379E+18
11.56843,4.321754E+19,-4.457002E+19,-1.352474E+18
11.58507,4.321268E+19,-4.454712E+19,-1.334433E+18
11.60206,4.320749E+19,-4.452215E+19,-1.314664E+18
11.62491,4.320228E+19,-4.449603E+19,-1.293751E+18
11.64211,4.319497E+19,-4.446323E+19,-1.268256E+18
11.6597,4.31891E+19,-4.44374E+19,-1.248302E+18
11.67599,4.318277E+19,-4.441037E+19,-1.2276E+18
11.69568,4.3177E+19,-4.438716E+19,-1.210162E+18
11.71212,4.316994E+19,-4.435537E+19,-1.185432E+18
11.72898,4.316426E+19,-4.432993E+19,-1.165671E+18
11.74527,4.315834E+19,-4.43046E+19,-1.146254E+18
11.76328,4.315265E+19,-4.428127E+19,-1.128622E+18
11.7803,4.314682E+19,-4.42566E+19,-1.109781E+18
11.79639,4.314409E+19,-4.423099E+19,-1.086898E+18
11.81309,4.314329E+19,-4.420628E+19,-1.062986E+18
11.83042,4.313685E+19,-4.418093E+19,-1.044079E+18
11.84694,4.313056E+19,-4.415774E+19,-1.027173E+18
11.86315,4.312519E+19,-4.413549E+19,-1.010302E+18
11.88014,4.311965E+19,-4.41115E+19,-9.918431E+17
11.89665,4.311347E+19,-4.408559E+19,-9.721178E+17
11.91344,4.310744E+19,-4.406199E+19,-9.545432E+17
11.93001,4.310169E+19,-4.403712E+19,-9.354293E+17
11.94651,4.309618E+19,-4.401271E+19,-9.165265E+17
11.96394,4.309031E+19,-4.398887E+19,-8.985605E+17
11.9804,4.308421E+19,-4.396454E+19,-8.80335E+17
11.99664,4.307954E+19,-4.39416E+19,-8.620567E+17
12.01318,4.307431E+19,-4.391747E+19,-8.431583E+17
12.03018,4.306853E+19,-4.389488E+19,-8.263578E+17
12.04711,4.306321E+19,-4.387018E+19,-8.069712E+17
12.06596,4.30578E+19,-4.38454E+19,-7.875978E+17
12.08377,4.305197E+19,-4.381898E+19,-7.670105E+17
12.10014,4.304639E+19,-4.379295E+19,-7.465552E+17
12.117,4.304128E+19,-4.376883E+19,-7.275424E+17
12.13389,4.303542E+19,-4.374587E+19,-7.104516E+17
12.15046,4.302994E+19,-4.372247E+19,-6.925252E+17
12.16738,4.302413E+19,-4.369751E+19,-6.733805E+17
12.18408,4.301846E+19,-4.367205E+19,-6.535893E+17
12.20102,4.301223E+19,-4.364924E+19,-6.370087E+17
12.21772,4.300628E+19,-4.362685E+19,-6.205732E+17
12.23482,4.300075E+19,-4.359914E+19,-5.983894E+17
12.25139,4.299584E+19,-4.357403E+19,-5.781936E+17
12.2679,4.299136E+19,-4.354918E+19,-5.578218E+17
12.28467,4.298714E+19,-4.35243E+19,-5.371554E+17
12.30207,4.298209E+19,-4.349959E+19,-5.175005E+17
12.32029,4.297622E+19,-4.347342E+19,-4.972036E+17
12.33671,4.296964E+19,-4.344607E+19,-4.764316E+17
12.35304,4.296385E+19,-4.342072E+19,-4.568691E+17
12.36934,4.295867E+19,-4.339516E+19,-4.364841E+17
12.38548,4.295318E+19,-4.337135E+19,-4.181707E+17
12.40231,4.29472E+19,-4.334784E+19,-4.0064E+17
12.42044,4.2941E+19,-4.332158E+19,-3.805806E+17
12.43709,4.293443E+19,-4.329234E+19,-3.57913E+17
12.45844,4.292887E+19,-4.326803E+19,-3.391554E+17
12.47655,4.292287E+19,-4.323614E+19,-3.132729E+17
12.49261,4.291763E+19,-4.320909E+19,-2.914585E+17
12.50949,4.291562E+19,-4.318024E+19,-2.646217E+17
12.52636,4.291663E+19,-4.315237E+19,-2.357397E+17
12.54238,4.291071E+19,-4.31245E+19,-2.137846E+17
12.5628,4.290495E+19,-4.309866E+19,-1.937076E+17
12.57816,4.28976E+19,-4.306853E+19,-1.709301E+17
12.59461,4.289128E+19,-4.303964E+19,-1.483505E+17
12.61238,4.288488E+19,-4.301279E+19,-1.279084E+17
12.63049,4.287817E+19,-4.298203E+19,-1.038643E+17
12.64677,4.287188E+19,-4.295196E+19,-8.007083E+16
12.66337,4.2866E+19,-4.292207E+19,-5.60663E+16
12.67981,4.285928E+19,-4.289186E+19,-3.257633E+16
12.69659,4.285304E+19,-4.286288E+19,-9.842828E+15
12.71316,4.284683E+19,-4.283295E+19,1.388023E+16
12.72945,4.284064E+19,-4.280427E+19,3.637184E+16
12.74652,4.283419E+19,-4.277378E+19,6.041596E+16
12.76313,4.282744E+19,-4.274352E+19,8.391473E+16
12.77944,4.282092E+19,-4.271293E+19,1.079896E+17
12.79628,4.281462E+19,-4.26832E+19,1.31418E+17
12.81339,4.280821E+19,-4.265288E+19,1.55339E+17
12.83154,4.280188E+19,-4.262222E+19,1.796558E+17
12.84777,4.279491E+19,-4.259005E+19,2.04861E+17
12.8646,4.278887E+19,-4.255967E+19,2.291954E+17
12.88061,4.278015E+19,-4.252567E+19,2.544842E+17
12.89745,4.277379E+19,-4.249459E+19,2.792056E+17
12.91416,4.276703E+19,-4.246336E+19,3.036631E+17
12.93104,4.275996E+19,-4.243164E+19,3.283274E+17
12.94713,4.275279E+19,-4.239957E+19,3.532247E+17
12.9632,4.274576E+19,-4.236748E+19,3.782848E+17
12.97969,4.273916E+19,-4.23364E+19,4.027555E+17
12.9971,4.273251E+19,-4.230367E+19,4.288403E+17
13.01337,4.272477E+19,-4.226863E+19,4.56139E+17
13.03049,4.271739E+19,-4.223714E+19,4.802535E+17
13.04683,4.271017E+19,-4.220465E+19,5.055203E+17
13.06323,4.270347E+19,-4.217292E+19,5.305539E+17
13.08107,4.269714E+19,-4.214035E+19,5.567883E+17
13.09746,4.269017E+19,-4.210438E+19,5.857934E+17
13.11404,4.268324E+19,-4.207148E+19,6.117551E+17
13.13011,4.26759E+19,-4.203941E+19,6.364897E+17
13.14721,4.266911E+19,-4.200896E+19,6.601556E+17
13.16437,4.266145E+19,-4.197419E+19,6.872651E+17
13.18063,4.265354E+19,-4.193966E+19,7.138777E+17
13.19732,4.264642E+19,-4.190935E+19,7.37073E+17
13.21354,4.263937E+19,-4.187757E+19,7.618032E+17
13.22995,4.263282E+19,-4.184407E+19,7.887545E+17
13.24642,4.262633E+19,-4.181168E+19,8.146502E+17
13.26287,4.261928E+19,-4.177855E+19,8.407306E+17
13.27934,4.261244E+19,-4.174755E+19,8.64889E+17
13.29618,4.260608E+19,-4.171468E+19,8.914005E+17
13.31439,4.260033E+19,-4.168047E+19,9.198602E+17
13.33056,4.25937E+19,-4.164288E+19,9.508225E+17
13.34778,4.258676E+19,-4.160941E+19,9.773471E+17
13.36404,4.257864E+19,-4.157414E+19,1.004505E+18
13.38089,4.257183E+19,-4.153948E+19,1.032349E+18
13.3975,4.256517E+19,-4.150415E+19,1.06102E+18
13.41561,4.255808E+19,-4.14711E+19,1.086973E+18
13.4327,4.255097E+19,-4.143561E+19,1.115358E+18
13.44916,4.254503E+19,-4.140298E+19,1.14205E+18
13.46587,4.253969E+19,-4.136949E+19,1.170201E+18
13.48242,4.253265E+19,-4.1334E+19,1.198648E+18
13.49939,4.252825E+19,-4.129884E+19,1.229404E+18
13.5188,4.25264E+19,-4.126288E+19,1.263524E+18
13.53445,4.251679E+19,-4.122216E+19,1.294635E+18
13.5511,4.250952E+19,-4.118988E+19,1.319643E+18
13.56769,4.250185E+19,-4.1155E+19,1.346849E+18
13.58411,4.249428E+19,-4.112119E+19,1.373092E+18
13.60134,4.248699E+19,-4.108611E+19,1.400879E+18
13.61788,4.247937E+19,-4.104947E+19,1.429897E+18
13.63461,4.247167E+19,-4.101488E+19,1.456791E+18
13.6525,4.246337E+19,-4.098062E+19,1.482749E+18
13.66873,4.245521E+19,-4.094396E+19,1.511248E+18
13.68508,4.244729E+19,-4.090993E+19,1.537364E+18
13.7014,4.243928E+19,-4.087546E+19,1.563827E+18
13.71821,4.243141E+19,-4.084154E+19,1.589872E+18
13.73489,4.24233E+19,-4.080715E+19,1.616146E+18
13.75113,4.241529E+19,-4.07726E+19,1.642688E+18
13.76785,4.240716E+19,-4.073864E+19,1.668513E+18
13.78442,4.239874E+19,-4.070356E+19,1.695179E+18
13.80073,4.239092E+19,-4.066787E+19,1.723058E+18
13.81733,4.238339E+19,-4.063619E+19,1.747194E+18
13.83377,4.237869E+19,-4.060254E+19,1.776151E+18
13.85045,4.240879E+19,-4.056397E+19,1.844822E+18
13.86662,4.248626E+19,-4.052901E+19,1.957241E+18
13.88284,4.247784E+19,-4.049209E+19,1.985749E+18
13.89925,4.247014E+19,-4.045615E+19,2.013984E+18
13.91558,4.246325E+19,-4.042168E+19,2.041569E+18
13.93208,4.245588E+19,-4.03868E+19,2.069074E+18
13.94885,4.24485E+19,-4.035113E+19,2.097371E+18
13.96578,4.24403E+19,-4.031589E+19,2.12441E+18
13.98208,4.243176E+19,-4.02799E+19,2.151854E+18
13.99889,4.242402E+19,-4.024535E+19,2.178669E+18
14.01687,4.241615E+19,-4.020884E+19,2.207309E+18
14.03344,4.240755E+19,-4.017028E+19,2.237264E+18
14.05016,4.239971E+19,-4.013528E+19,2.264435E+18
14.06632,4.239889E+19,-4.010063E+19,2.298265E+18
14.08307,4.240506E+19,-4.006589E+19,2.339171E+18
14.09995,4.239841E+19,-4.003012E+19,2.368295E+18
14.11665,4.239102E+19,-3.99928E+19,2.398215E+18
14.1333,4.23832E+19,-3.995644E+19,2.426763E+18
14.15,4.237586E+19,-3.992073E+19,2.455139E+18
14.16689,4.236818E+19,-3.988514E+19,2.483036E+18
14.18348,4.236085E+19,-3.984842E+19,2.512437E+18
14.19985,4.23535E+19,-3.981082E+19,2.542678E+18
14.21667,4.234571E+19,-3.977427E+19,2.571441E+18
14.23297,4.233794E+19,-3.973829E+19,2.599659E+18
14.24915,4.233043E+19,-3.970426E+19,2.626166E+18
14.26622,4.232319E+19,-3.966827E+19,2.65492E+18
14.28319,4.231553E+19,-3.96306E+19,2.684933E+18
14.29956,4.230832E+19,-3.959441E+19,2.713916E+18
14.31616,4.230177E+19,-3.955889E+19,2.742881E+18
14.33196,4.229512E+19,-3.952243E+19,2.772691E+18
14.34986,4.228837E+19,-3.948848E+19,2.799898E+18
14.36686,4.228058E+19,-3.945009E+19,2.830486E+18
14.38326,4.227373E+19,-3.941539E+19,2.858343E+18
14.39975,4.226794E+19,-3.938038E+19,2.887555E+18
14.41669,4.226309E+19,-3.934194E+19,2.921143E+18
14.43329,4.225805E+19,-3.930535E+19,2.952699E+18
14.44945,4.225052E+19,-3.927026E+19,2.980261E+18
14.46827,4.224346E+19,-3.923609E+19,3.007362E+18
14.48487,4.223522E+19,-3.919685E+19,3.038373E+18
14.50099,4.222829E+19,-3.916095E+19,3.067334E+18
14.51768,4.222135E+19,-3.912605E+19,3.095306E+18
14.53571,4.221389E+19,-3.909057E+19,3.123321E+18
14.55198,4.220568E+19,-3.905245E+19,3.153228E+18
14.56892,4.219839E+19,-3.901833E+19,3.180052E+18
14.58801,4.219143E+19,-3.898328E+19,3.208151E+18
14.60877,4.218385E+19,-3.894352E+19,3.240327E+18
14.62627,4.217524E+19,-3.890105E+19,3.274187E+18
14.64667,4.216791E+19,-3.886296E+19,3.304947E+18
14.66339,4.215872E+19,-3.881989E+19,3.338825E+18
14.68091,4.215097E+19,-3.878559E+19,3.365381E+18
14.69738,4.214331E+19,-3.875006E+19,3.393251E+18
14.71347,4.213624E+19,-3.871706E+19,3.419182E+18
14.7295,4.212906E+19,-3.868581E+19,3.443253E+18
14.74558,4.212248E+19,-3.865403E+19,3.468453E+18
14.76225,4.211643E+19,-3.862147E+19,3.49496E+18
14.77923,4.210968E+19,-3.858754E+19,3.52214E+18
14.79565,4.210264E+19,-3.855241E+19,3.550235E+18
14.8128,4.209586E+19,-3.851787E+19,3.577987E+18
14.8301,4.20881E+19,-3.848383E+19,3.604278E+18
14.84831,4.207983E+19,-3.844772E+19,3.632105E+18
14.86505,4.207164E+19,-3.840939E+19,3.662253E+18
14.88157,4.206478E+19,-3.837462E+19,3.690159E+18
14.89817,4.205862E+19,-3.83404E+19,3.718218E+18
14.91413,4.20531E+19,-3.830658E+19,3.746511E+18
14.9307,4.204602E+19,-3.827353E+19,3.772486E+18
14.9467,4.203765E+19,-3.823903E+19,3.798624E+18
14.96311,4.203059E+19,-3.820591E+19,3.824678E+18
14.97967,4.202349E+19,-3.817229E+19,3.851193E+18
14.99596,4.201672E+19,-3.813869E+19,3.878035E+18
15.01299,4.200974E+19,-3.81062E+19,3.903535E+18
15.0297,4.20025E+19,-3.807253E+19,3.929971E+18
15.04642,4.199543E+19,-3.803975E+19,3.955678E+18
15.06308,4.198834E+19,-3.800704E+19,3.981301E+18
15.07967,4.198161E+19,-3.797477E+19,4.006849E+18
15.09827,4.197459E+19,-3.794221E+19,4.03238E+18
15.11505,4.196691E+19,-3.790497E+19,4.061943E+18
15.13177,4.19598E+19,-3.787232E+19,4.087483E+18
15.14809,4.195327E+19,-3.783942E+19,4.113854E+18
15.16485,4.194689E+19,-3.780749E+19,4.139397E+18
15.1813,4.193967E+19,-3.777534E+19,4.164334E+18
15.19764,4.19331E+19,-3.774245E+19,4.190652E+18
15.21397,4.192656E+19,-3.771028E+19,4.21628E+18
15.23026,4.192058E+19,-3.767962E+19,4.240961E+18
15.24701,4.191422E+19,-3.764836E+19,4.265854E+18
15.26388,4.190792E+19,-3.761572E+19,4.292199E+18
15.28051,4.190132E+19,-3.758355E+19,4.317773E+18
15.29741,4.189487E+19,-3.755255E+19,4.342323E+18
15.31379,4.188875E+19,-3.751885E+19,4.369903E+18
15.33134,4.188301E+19,-3.748731E+19,4.395698E+18
15.34787,4.18759E+19,-3.745431E+19,4.421589E+18
15.36466,4.186904E+19,-3.742374E+19,4.445295E+18
15.38126,4.186259E+19,-3.739314E+19,4.469453E+18
15.39804,4.185607E+19,-3.736287E+19,4.493198E+18
15.4155,4.184977E+19,-3.733186E+19,4.517902E+18
15.43201,4.18425E+19,-3.729833E+19,4.544172E+18
15.44874,4.183564E+19,-3.726782E+19,4.567824E+18
15.46604,4.182903E+19,-3.723673E+19,4.592299E+18
15.48328,4.182197E+19,-3.720488E+19,4.617082E+18
15.50139,4.181522E+19,-3.717392E+19,4.641302E+18
15.51801,4.180787E+19,-3.714072E+19,4.66715E+18
15.54221,4.180167E+19,-3.711212E+19,4.689558E+18
15.55931,4.17936E+19,-3.706658E+19,4.72702E+18
15.57627,4.178807E+19,-3.70333E+19,4.754768E+18
15.59284,4.178106E+19,-3.70023E+19,4.778755E+18
15.61046,4.177411E+19,-3.697147E+19,4.802649E+18
15.62673,4.176737E+19,-3.6939E+19,4.828373E+18
15.64342,4.176085E+19,-3.690928E+19,4.851577E+18
15.66082,4.175481E+19,-3.687888E+19,4.875927E+18
15.67724,4.174832E+19,-3.684789E+19,4.900435E+18
15.69389,4.174241E+19,-3.681877E+19,4.923646E+18
15.71008,4.173645E+19,-3.678966E+19,4.946784E+18
15.72637,4.173069E+19,-3.676111E+19,4.969579E+18
15.74299,4.172455E+19,-3.673232E+19,4.992225E+18
15.76015,4.171847E+19,-3.670318E+19,5.015282E+18
15.77746,4.171197E+19,-3.667372E+19,5.038244E+18
15.79452,4.170589E+19,-3.664323E+19,5.06266E+18
15.81066,4.16998E+19,-3.661394E+19,5.085857E+18
15.82801,4.169316E+19,-3.658425E+19,5.108912E+18
15.84507,4.168596E+19,-3.6554E+19,5.131966E+18
15.86182,4.167977E+19,-3.65254E+19,5.154368E+18
15.87814,4.167349E+19,-3.649582E+19,5.177675E+18
15.89452,4.166751E+19,-3.646593E+19,5.201587E+18
15.9114,4.166133E+19,-3.643723E+19,5.224101E+18
15.92802,4.165509E+19,-3.640786E+19,5.247226E+18
15.94498,4.164903E+19,-3.637808E+19,5.270947E+18
15.96216,4.164293E+19,-3.634714E+19,5.295787E+18
15.98027,4.163648E+19,-3.63162E+19,5.320279E+18
15.99743,4.16294E+19,-3.628404E+19,5.345359E+18
16.01445,4.162276E+19,-3.625234E+19,5.370415E+18
16.03158,4.161578E+19,-3.622212E+19,5.393661E+18
16.0593,4.160873E+19,-3.619213E+19,5.416603E+18
16.07598,4.159789E+19,-3.614351E+19,5.454385E+18
16.09226,4.159167E+19,-3.611489E+19,5.476786E+18
16.10997,4.158589E+19,-3.608707E+19,5.49882E+18
16.12743,4.157979E+19,-3.605738E+19,5.522407E+18
16.14363,4.157376E+19,-3.602798E+19,5.545778E+18
16.15983,4.156847E+19,-3.600078E+19,5.567689E+18
16.1762,4.156377E+19,-3.597441E+19,5.589361E+18
16.19259,4.155956E+19,-3.594667E+19,5.612886E+18
16.21059,4.15539E+19,-3.591902E+19,5.634881E+18
16.22702,4.154679E+19,-3.588988E+19,5.656915E+18
16.2432,4.15411E+19,-3.586327E+19,5.677832E+18
16.25948,4.153553E+19,-3.583579E+19,5.699732E+18
16.27752,4.153004E+19,-3.580827E+19,5.721764E+18
16.2938,4.15237E+19,-3.577771E+19,5.745997E+18
16.31019,4.151852E+19,-3.575074E+19,5.767781E+18
16.32615,4.151422E+19,-3.572245E+19,5.791768E+18
16.34473,4.150937E+19,-3.56948E+19,5.814563E+18
16.36214,4.150257E+19,-3.566337E+19,5.839207E+18
16.37845,4.149629E+19,-3.56344E+19,5.861886E+18
16.39551,4.149023E+19,-3.560767E+19,5.882557E+18
16.41264,4.148452E+19,-3.557858E+19,5.905937E+18
16.42936,4.147875E+19,-3.55492E+19,5.929545E+18
16.44594,4.147267E+19,-3.552113E+19,5.951546E+18
16.46187,4.146682E+19,-3.549402E+19,5.972796E+18
16.47826,4.146139E+19,-3.546826E+19,5.993132E+18
16.49443,4.145592E+19,-3.544179E+19,6.014126E+18
16.51077,4.145056E+19,-3.541547E+19,6.035087E+18
16.52679,4.144524E+19,-3.538894E+19,6.056301E+18
16.54325,4.143978E+19,-3.536382E+19,6.075954E+18
16.56026,4.14341E+19,-3.53381E+19,6.096E+18
16.57668,4.142839E+19,-3.531057E+19,6.117821E+18
16.59643,4.14229E+19,-3.528517E+19,6.137731E+18
16.61207,4.141618E+19,-3.525293E+19,6.163242E+18
16.62865,4.141075E+19,-3.522723E+19,6.183517E+18
16.6458,4.140491E+19,-3.520001E+19,6.204894E+18
16.66219,4.139876E+19,-3.517154E+19,6.227223E+18
16.67886,4.139277E+19,-3.514458E+19,6.248193E+18
16.69902,4.138668E+19,-3.511734E+19,6.269343E+18
16.71309,4.137954E+19,-3.508549E+19,6.294044E+18
16.72827,4.137447E+19,-3.506345E+19,6.311019E+18
16.74521,4.13691E+19,-3.503945E+19,6.329651E+18
16.76119,4.136307E+19,-3.501297E+19,6.3501E+18
16.78316,4.135751E+19,-3.498836E+19,6.36915E+18
16.79869,4.135002E+19,-3.495492E+19,6.3951E+18
16.81469,4.134413E+19,-3.493026E+19,6.413865E+18
16.83107,4.133815E+19,-3.490512E+19,6.433031E+18
16.84842,4.133278E+19,-3.487968E+19,6.4531E+18
16.86522,4.132751E+19,-3.485363E+19,6.473878E+18
16.882,4.132212E+19,-3.482736E+19,6.49476E+18
16.89881,4.131616E+19,-3.480184E+19,6.514323E+18
16.9161,4.131059E+19,-3.477766E+19,6.532926E+18
16.93272,4.130562E+19,-3.475049E+19,6.55513E+18
16.94978,4.13008E+19,-3.472552E+19,6.575273E+18
16.96539,4.129504E+19,-3.469953E+19,6.595511E+18
16.98248,4.128994E+19,-3.467605E+19,6.613888E+18
16.99941,4.128459E+19,-3.465113E+19,6.633457E+18
17.0159,4.127922E+19,-3.46253E+19,6.653919E+18
17.03258,4.12739E+19,-3.460117E+19,6.672736E+18
17.04991,4.12688E+19,-3.457685E+19,6.691949E+18
17.06577,4.126343E+19,-3.455124E+19,6.712193E+18
17.08303,4.125831E+19,-3.452975E+19,6.728558E+18
17.10008,4.125194E+19,-3.450155E+19,6.750394E+18
17.11696,4.124669E+19,-3.447766E+19,6.769027E+18
17.13465,4.124108E+19,-3.445084E+19,6.790245E+18
17.15146,4.123559E+19,-3.442489E+19,6.8107E+18
17.16939,4.123033E+19,-3.439939E+19,6.83094E+18
17.18603,4.122512E+19,-3.437141E+19,6.853705E+18
17.20692,4.121993E+19,-3.434634E+19,6.873595E+18
17.21854,4.121299E+19,-3.431569E+19,6.897305E+18
17.23567,4.120931E+19,-3.429892E+19,6.910393E+18
17.25997,4.120365E+19,-3.427443E+19,6.929226E+18
17.2779,4.119603E+19,-3.423981E+19,6.956219E+18
17.29446,4.119035E+19,-3.421398E+19,6.976368E+18
17.31357,4.118508E+19,-3.419088E+19,6.994202E+18
17.33171,4.117949E+19,-3.416358E+19,7.015907E+18
17.35004,4.117403E+19,-3.413782E+19,7.036206E+18
17.36632,4.116827E+19,-3.411116E+19,7.057103E+18
17.38209,4.116282E+19,-3.408784E+19,7.074979E+18
17.40146,4.115768E+19,-3.406507E+19,7.092613E+18
17.41732,4.115178E+19,-3.403808E+19,7.113695E+18
17.43423,4.114658E+19,-3.40167E+19,7.12988E+18
17.44979,4.114163E+19,-3.399214E+19,7.149493E+18
17.4677,4.113725E+19,-3.397016E+19,7.167087E+18
17.48322,4.113147E+19,-3.394577E+19,7.185693E+18
17.50074,4.112675E+19,-3.392424E+19,7.202507E+18
17.51773,4.112145E+19,-3.390047E+19,7.220985E+18
17.535,4.11164E+19,-3.387769E+19,7.238705E+18
17.55628,4.111105E+19,-3.385445E+19,7.256599E+18
17.57459,4.11042E+19,-3.382498E+19,7.279218E+18
17.59256,4.109827E+19,-3.380038E+19,7.29789E+18
17.60909,4.109287E+19,-3.377681E+19,7.316054E+18
17.62478,4.108804E+19,-3.375194E+19,7.336098E+18
17.64239,4.108373E+19,-3.372959E+19,7.354141E+18
17.65859,4.10788E+19,-3.370581E+19,7.372989E+18
17.67627,4.107443E+19,-3.368347E+19,7.390957E+18
17.69338,4.107003E+19,-3.36598E+19,7.410231E+18
17.71127,4.10655E+19,-3.363698E+19,7.428523E+18
17.72656,4.106111E+19,-3.361325E+19,7.447863E+18
17.74398,4.105713E+19,-3.359376E+19,7.463371E+18
17.76048,4.10524E+19,-3.357067E+19,7.481735E+18
17.77787,4.104808E+19,-3.354876E+19,7.49932E+18
17.79402,4.104363E+19,-3.352512E+19,7.518518E+18
17.81155,4.103881E+19,-3.350906E+19,7.529759E+18
17.82962,4.103457E+19,-3.348051E+19,7.554063E+18
17.84416,4.103188E+19,-3.345531E+19,7.576574E+18
17.862,4.102762E+19,-3.343595E+19,7.591675E+18
17.87851,4.102261E+19,-3.341264E+19,7.609971E+18
17.8965,4.101824E+19,-3.33915E+19,7.626738E+18
17.91254,4.101364E+19,-3.336818E+19,7.645452E+18
17.92999,4.100997E+19,-3.334589E+19,7.66408E+18
17.94612,4.10054E+19,-3.332256E+19,7.682835E+18
17.9631,4.100061E+19,-3.330161E+19,7.698996E+18
17.97981,4.09958E+19,-3.328002E+19,7.715781E+18
17.9977,4.099097E+19,-3.325828E+19,7.732692E+18
18.01372,4.098608E+19,-3.323848E+19,7.747601E+18
18.03237,4.100721E+19,-3.321352E+19,7.79369E+18
18.04887,4.107494E+19,-3.318793E+19,7.887012E+18
18.06687,4.106935E+19,-3.316644E+19,7.902909E+18
18.08267,4.106397E+19,-3.314345E+19,7.920519E+18
18.1007,4.105947E+19,-3.312326E+19,7.936216E+18
18.12464,4.10544E+19,-3.309926E+19,7.95514E+18
18.14063,4.104769E+19,-3.306819E+19,7.979506E+18
18.15091,4.104299E+19,-3.30473E+19,7.995695E+18
18.16808,4.104021E+19,-3.303409E+19,8.006123E+18
18.18461,4.103571E+19,-3.301305E+19,8.022666E+18
18.20046,4.10316E+19,-3.299224E+19,8.039359E+18
18.21682,4.102767E+19,-3.297179E+19,8.055886E+18
18.23287,4.102299E+19,-3.295099E+19,8.072003E+18
18.25059,4.101902E+19,-3.293034E+19,8.088678E+18
18.26671,4.101467E+19,-3.2908E+19,8.106666E+18
18.28179,4.101043E+19,-3.288799E+19,8.122438E+18
18.29861,4.100673E+19,-3.28694E+19,8.137336E+18
18.31629,4.10025E+19,-3.284688E+19,8.155625E+18
18.3327,4.099757E+19,-3.282398E+19,8.173596E+18
18.35121,4.099324E+19,-3.280265E+19,8.190588E+18
18.36579,4.098865E+19,-3.277816E+19,8.210482E+18
18.38436,4.098489E+19,-3.275902E+19,8.225875E+18
18.39923,4.098047E+19,-3.273474E+19,8.245732E+18
18.41686,4.097694E+19,-3.271565E+19,8.261293E+18
18.43332,4.097307E+19,-3.269308E+19,8.279989E+18
18.4492,4.096938E+19,-3.267206E+19,8.297324E+18
18.47482,4.096579E+19,-3.265172E+19,8.314074E+18
18.4919,4.09594E+19,-3.261915E+19,8.340246E+18
18.50886,4.095485E+19,-3.25975E+19,8.357353E+18
18.52706,4.095045E+19,-3.257629E+19,8.37416E+18
18.54329,4.094544E+19,-3.255392E+19,8.391519E+18
18.56039,4.094101E+19,-3.253446E+19,8.406549E+18
18.5772,4.093637E+19,-3.251374E+19,8.422626E+18
18.59367,4.093187E+19,-3.249248E+19,8.439387E+18
18.61043,4.092779E+19,-3.247193E+19,8.455862E+18
18.63162,4.092356E+19,-3.24512E+19,8.472362E+18
18.64588,4.091786E+19,-3.242584E+19,8.492019E+18
18.66249,4.091397E+19,-3.240902E+19,8.504949E+18
18.67764,4.090959E+19,-3.238876E+19,8.520832E+18
18.69458,4.090561E+19,-3.237007E+19,8.535537E+18
18.71094,4.09014E+19,-3.234966E+19,8.55174E+18
18.72855,4.089729E+19,-3.232978E+19,8.567511E+18
18.74534,4.089238E+19,-3.23083E+19,8.584079E+18
18.76222,4.088758E+19,-3.228751E+19,8.600074E+18
18.77851,4.088282E+19,-3.226716E+19,8.615659E+18
18.79476,4.087844E+19,-3.224854E+19,8.629904E+18
18.81288,4.087522E+19,-3.222867E+19,8.646551E+18
18.82904,4.087195E+19,-3.220821E+19,8.663743E+18
18.84569,4.086864E+19,-3.218924E+19,8.679402E+18
18.86248,4.086594E+19,-3.217044E+19,8.695494E+18
18.88195,4.086184E+19,-3.215051E+19,8.711329E+18
18.89789,4.085725E+19,-3.212608E+19,8.731169E+18
18.91465,4.085352E+19,-3.210684E+19,8.746674E+18
18.93104,4.084926E+19,-3.20868E+19,8.762463E+18
18.94815,4.084523E+19,-3.206755E+19,8.777683E+18
18.96509,4.084128E+19,-3.204798E+19,8.793291E+18
18.98117,4.083762E+19,-3.202937E+19,8.808251E+18
18.99809,4.083492E+19,-3.200951E+19,8.82541E+18
19.01516,4.083199E+19,-3.198909E+19,8.842897E+18
19.03225,4.082696E+19,-3.196936E+19,8.8576E+18
19.04923,4.082213E+19,-3.194969E+19,8.872441E+18
19.06614,4.081768E+19,-3.192989E+19,8.887794E+18
19.08241,4.081381E+19,-3.190993E+19,8.903872E+18
19.09979,4.080979E+19,-3.189132E+19,8.918464E+18
19.11689,4.080548E+19,-3.187522E+19,8.93026E+18
19.13303,4.084966E+19,-3.185076E+19,8.998898E+18
19.15075,4.098209E+19,-3.183182E+19,9.150274E+18
19.16663,4.097785E+19,-3.181172E+19,9.166136E+18
19.18397,4.097351E+19,-3.179437E+19,9.179139E+18
19.19958,4.097024E+19,-3.177307E+19,9.197164E+18
19.21714,4.096834E+19,-3.175467E+19,9.213666E+18
19.23226,4.096411E+19,-3.173313E+19,9.230985E+18
19.24993,4.096062E+19,-3.171548E+19,9.24514E+18
19.26592,4.095652E+19,-3.169513E+19,9.261389E+18
19.28442,4.095273E+19,-3.167668E+19,9.27605E+18
19.29964,4.094831E+19,-3.165563E+19,9.292685E+18
19.31747,4.094458E+19,-3.16386E+19,9.305985E+18
19.33319,4.094028E+19,-3.161933E+19,9.320951E+18
19.35127,4.093657E+19,-3.160354E+19,9.333033E+18
19.37578,4.093193E+19,-3.158084E+19,9.351096E+18
19.39181,4.092675E+19,-3.155327E+19,9.373475E+18
19.40793,4.092326E+19,-3.153537E+19,9.38789E+18
19.41861,4.091954E+19,-3.151789E+19,9.401658E+18
19.44068,4.091728E+19,-3.150578E+19,9.411503E+18
19.45063,4.091258E+19,-3.148048E+19,9.432099E+18
19.47364,4.091031E+19,-3.146856E+19,9.441748E+18
19.48415,4.090464E+19,-3.144189E+19,9.462751E+18
19.50083,4.090208E+19,-3.143004E+19,9.472035E+18
19.51756,4.089795E+19,-3.141137E+19,9.486584E+18
19.53442,4.089382E+19,-3.139259E+19,9.501232E+18
19.55063,4.088971E+19,-3.137403E+19,9.515679E+18
19.5769,4.088574E+19,-3.135654E+19,9.529197E+18
19.58974,4.08795E+19,-3.13288E+19,9.550701E+18
19.60856,4.087667E+19,-3.13151E+19,9.561573E+18
19.62573,4.08724E+19,-3.129435E+19,9.578044E+18
19.64281,4.086862E+19,-3.127493E+19,9.593688E+18
19.65993,4.086484E+19,-3.125626E+19,9.608577E+18
19.67729,4.086061E+19,-3.123735E+19,9.623256E+18
19.6934,4.085667E+19,-3.121864E+19,9.638033E+18
19.71272,4.085309E+19,-3.120152E+19,9.651575E+18
19.72968,4.084921E+19,-3.118107E+19,9.668138E+18
19.7465,4.084629E+19,-3.116199E+19,9.684292E+18
19.76095,4.084223E+19,-3.114262E+19,9.699608E+18
19.7787,4.08388E+19,-3.112728E+19,9.711518E+18
19.79687,4.083479E+19,-3.11086E+19,9.726192E+18
19.81355,4.083023E+19,-3.108846E+19,9.741774E+18
19.82781,4.082614E+19,-3.107082E+19,9.755314E+18
19.84537,4.082276E+19,-3.105553E+19,9.767228E+18
19.86237,4.081879E+19,-3.103683E+19,9.781961E+18
19.87885,4.081483E+19,-3.101833E+19,9.796497E+18
19.89496,4.081104E+19,-3.100062E+19,9.810414E+18
19.91272,4.080737E+19,-3.098403E+19,9.823345E+18
19.92943,4.080322E+19,-3.096461E+19,9.838606E+18
19.94652,4.079916E+19,-3.094658E+19,9.852585E+18
19.96372,4.079503E+19,-3.092876E+19,9.86627E+18
19.98033,4.079116E+19,-3.091091E+19,9.880249E+18
19.99653,4.078751E+19,-3.089424E+19,9.893278E+18
20.01285,4.078417E+19,-3.087701E+19,9.907161E+18
20.02983,4.078085E+19,-3.085935E+19,9.921498E+18
20.04692,4.077678E+19,-3.08415E+19,9.935279E+18
20.06288,4.077282E+19,-3.082404E+19,9.948773E+18
20.08008,4.076907E+19,-3.080781E+19,9.961263E+18
20.09659,4.0765E+19,-3.079037E+19,9.974631E+18
20.11274,4.076095E+19,-3.077307E+19,9.987878E+18
20.12949,4.075713E+19,-3.075613E+19,1.0001E+19
20.14806,4.075329E+19,-3.073895E+19,1.001434E+19
20.16548,4.074927E+19,-3.071993E+19,1.002933E+19
20.18149,4.074542E+19,-3.070202E+19,1.00434E+19
20.19939,4.074159E+19,-3.068575E+19,1.005584E+19
20.21425,4.073743E+19,-3.066862E+19,1.006881E+19
20.23113,4.073389E+19,-3.065254E+19,1.008135E+19
20.24768,4.072983E+19,-3.063553E+19,1.00943E+19
20.26422,4.072599E+19,-3.061991E+19,1.010608E+19
20.28097,4.072248E+19,-3.060281E+19,1.011967E+19
20.2977,4.071887E+19,-3.058567E+19,1.01332E+19
20.3148,4.07151E+19,-3.056904E+19,1.014606E+19
20.33209,4.071144E+19,-3.055239E+19,1.015905E+19
20.34934,4.070787E+19,-3.053572E+19,1.017215E+19
20.36565,4.070447E+19,-3.05182E+19,1.018627E+19
20.3824,4.070156E+19,-3.05016E+19,1.019995E+19
20.39949,4.069843E+19,-3.048455E+19,1.021387E+19
20.41654,4.069479E+19,-3.046767E+19,1.022713E+19
20.43342,4.06912E+19,-3.04511E+19,1.02401E+19
20.44994,4.068745E+19,-3.043546E+19,1.025199E+19
20.46658,4.068399E+19,-3.041742E+19,1.026657E+19
20.48329,4.068071E+19,-3.040028E+19,1.028042E+19
20.50014,4.067711E+19,-3.03839E+19,1.029321E+19
20.51703,4.067351E+19,-3.036744E+19,1.030607E+19
20.53281,4.066981E+19,-3.035101E+19,1.03188E+19
20.55042,4.066625E+19,-3.03357E+19,1.033055E+19
20.56688,4.066238E+19,-3.031928E+19,1.03431E+19
20.58265,4.065834E+19,-3.030148E+19,1.035686E+19
20.59997,4.065453E+19,-3.028602E+19,1.036851E+19
20.61721,4.065065E+19,-3.027262E+19,1.037804E+19
20.63228,4.06535E+19,-3.025331E+19,1.040019E+19
20.64903,4.068143E+19,-3.023693E+19,1.04445E+19
20.66632,4.067981E+19,-3.022057E+19,1.045924E+19
20.68357,4.067587E+19,-3.020408E+19,1.047179E+19
20.70049,4.067215E+19,-3.018742E+19,1.048473E+19
20.71761,4.066869E+19,-3.017102E+19,1.049767E+19
20.73483,4.066482E+19,-3.01546E+19,1.051023E+19
20.75124,4.066142E+19,-3.013875E+19,1.052268E+19
20.76878,4.065833E+19,-3.012309E+19,1.053523E+19
20.78963,4.065486E+19,-3.010512E+19,1.054974E+19
20.80025,4.065016E+19,-3.008433E+19,1.056583E+19
20.81683,4.064773E+19,-3.007415E+19,1.057358E+19
20.83287,4.064368E+19,-3.005819E+19,1.058549E+19
20.86165,4.063977E+19,-3.004289E+19,1.059688E+19
20.8836,4.063331E+19,-3.001536E+19,1.061795E+19
20.9075,4.062865E+19,-2.999436E+19,1.063429E+19
20.92493,4.062376E+19,-2.997239E+19,1.065136E+19
20.94613,4.062005E+19,-2.995685E+19,1.06632E+19
20.96691,4.061579E+19,-2.993811E+19,1.067768E+19
20.99846,4.061135E+19,-2.991881E+19,1.069254E+19
21.0169,4.060474E+19,-2.988979E+19,1.071495E+19
21.03908,4.06009E+19,-2.987359E+19,1.07273E+19
21.05838,4.059656E+19,-2.985553E+19,1.074103E+19
21.0779,4.05922E+19,-2.98367E+19,1.07555E+19
21.0966,4.058908E+19,-2.981889E+19,1.077019E+19
21.11452,4.058532E+19,-2.980241E+19,1.078291E+19
21.13091,4.058178E+19,-2.978632E+19,1.079545E+19
21.14709,4.057847E+19,-2.977143E+19,1.080705E+19
21.16434,4.057511E+19,-2.975584E+19,1.081927E+19
21.18151,4.057153E+19,-2.973964E+19,1.083189E+19
21.19782,4.056773E+19,-2.972391E+19,1.084382E+19
21.21462,4.056433E+19,-2.970929E+19,1.085504E+19
21.23161,4.056052E+19,-2.969441E+19,1.086611E+19
21.24852,4.055686E+19,-2.967889E+19,1.087797E+19
21.26534,4.055352E+19,-2.966414E+19,1.088938E+19
21.28207,4.055029E+19,-2.965002E+19,1.090028E+19
21.29893,4.054702E+19,-2.963568E+19,1.091134E+19
21.31498,4.054365E+19,-2.962165E+19,1.0922E+19
21.33175,4.053997E+19,-2.960691E+19,1.093305E+19
21.3493,4.053599E+19,-2.959092E+19,1.094508E+19
21.36528,4.053204E+19,-2.957429E+19,1.095775E+19
21.38193,4.052873E+19,-2.955952E+19,1.096921E+19
21.3981,4.052497E+19,-2.954484E+19,1.098014E+19
21.41536,4.052162E+19,-2.953197E+19,1.098965E+19
21.43294,4.051851E+19,-2.951688E+19,1.100163E+19
21.44947,4.051478E+19,-2.950083E+19,1.101395E+19
21.46646,4.051112E+19,-2.948668E+19,1.102444E+19
21.48426,4.05075E+19,-2.947211E+19,1.103539E+19
21.50661,4.050395E+19,-2.945579E+19,1.104816E+19
21.52669,4.049919E+19,-2.943465E+19,1.106454E+19
21.54451,4.049465E+19,-2.941686E+19,1.107779E+19
21.56307,4.049073E+19,-2.940162E+19,1.108911E+19
21.58604,4.048647E+19,-2.938555E+19,1.110091E+19
21.60179,4.048151E+19,-2.936549E+19,1.111601E+19
21.62362,4.047826E+19,-2.935198E+19,1.112628E+19
21.64322,4.047382E+19,-2.933354E+19,1.114028E+19
21.6597,4.046991E+19,-2.931713E+19,1.115278E+19
21.678,4.046648E+19,-2.930374E+19,1.116273E+19
21.69479,4.046285E+19,-2.928855E+19,1.117429E+19
21.71241,4.045915E+19,-2.927386E+19,1.118529E+19
21.72968,4.045525E+19,-2.925884E+19,1.11964E+19
21.74661,4.045126E+19,-2.924445E+19,1.120681E+19
21.76353,4.044767E+19,-2.923093E+19,1.121674E+19
21.78011,4.0444E+19,-2.921785E+19,1.122615E+19
21.79693,4.044038E+19,-2.920326E+19,1.123712E+19
21.81322,4.043706E+19,-2.918919E+19,1.124787E+19
21.82933,4.04339E+19,-2.917563E+19,1.125827E+19
21.84893,4.043049E+19,-2.916251E+19,1.126798E+19
21.86544,4.042661E+19,-2.914664E+19,1.127998E+19
21.88267,4.042359E+19,-2.913253E+19,1.129107E+19
21.89967,4.042026E+19,-2.911836E+19,1.13019E+19
21.91798,4.041713E+19,-2.910415E+19,1.131298E+19
21.93476,4.041361E+19,-2.908893E+19,1.132469E+19
21.95101,4.041042E+19,-2.907542E+19,1.1335E+19
21.96775,4.040757E+19,-2.906281E+19,1.134476E+19
21.98399,4.040438E+19,-2.904972E+19,1.135466E+19
22.00029,4.040056E+19,-2.903633E+19,1.136422E+19
22.01689,4.039672E+19,-2.902257E+19,1.137415E+19
22.03292,4.039323E+19,-2.900839E+19,1.138484E+19
22.05005,4.039016E+19,-2.899545E+19,1.139472E+19
22.06628,4.038682E+19,-2.898188E+19,1.140494E+19
22.08268,4.038369E+19,-2.896923E+19,1.141446E+19
22.09967,4.038024E+19,-2.895645E+19,1.142379E+19
22.12295,4.037688E+19,-2.894253E+19,1.143435E+19
22.14303,4.037236E+19,-2.892388E+19,1.144848E+19
22.16207,4.036878E+19,-2.890832E+19,1.146046E+19
22.17834,4.036518E+19,-2.889336E+19,1.147182E+19
22.19518,4.036211E+19,-2.88803E+19,1.148181E+19
22.21157,4.035905E+19,-2.886719E+19,1.149186E+19
22.22809,4.035593E+19,-2.885456E+19,1.150138E+19
22.24952,4.035319E+19,-2.884231E+19,1.151089E+19
22.26584,4.034918E+19,-2.882572E+19,1.152346E+19
22.28305,4.034648E+19,-2.881263E+19,1.153385E+19
22.29944,4.034324E+19,-2.879861E+19,1.154463E+19
22.31951,4.033977E+19,-2.878594E+19,1.155383E+19
22.34429,4.033586E+19,-2.877043E+19,1.156543E+19
22.37117,4.033113E+19,-2.87518E+19,1.157933E+19
22.39358,4.032601E+19,-2.873292E+19,1.159309E+19
22.43153,4.032207E+19,-2.871449E+19,1.160758E+19
22.44321,4.031702E+19,-2.86874E+19,1.162963E+19
22.46001,4.031472E+19,-2.867786E+19,1.163687E+19
22.47558,4.031187E+19,-2.866619E+19,1.164568E+19
22.49283,4.030944E+19,-2.865227E+19,1.165717E+19
22.51008,4.030658E+19,-2.863862E+19,1.166796E+19
22.52836,4.030353E+19,-2.862465E+19,1.167887E+19
22.54594,4.030027E+19,-2.86105E+19,1.168977E+19
22.56253,4.029717E+19,-2.859749E+19,1.169968E+19
22.57918,4.029409E+19,-2.858591E+19,1.170817E+19
22.59555,4.029148E+19,-2.857239E+19,1.171909E+19
22.61178,4.028871E+19,-2.855964E+19,1.172907E+19
22.62877,4.02857E+19,-2.854761E+19,1.173809E+19
22.64331,4.028246E+19,-2.853526E+19,1.17472E+19
22.65998,4.027979E+19,-2.852435E+19,1.175544E+19
22.67631,4.02767E+19,-2.851222E+19,1.176448E+19
22.69288,4.027396E+19,-2.850045E+19,1.177351E+19
22.70971,4.027149E+19,-2.848868E+19,1.178281E+19
22.72633,4.026914E+19,-2.847615E+19,1.179299E+19
22.74298,4.02663E+19,-2.846285E+19,1.180345E+19
22.75973,4.026331E+19,-2.844999E+19,1.181332E+19
22.7762,4.026027E+19,-2.843751E+19,1.182276E+19
22.79266,4.025713E+19,-2.842527E+19,1.183186E+19
22.80904,4.02541E+19,-2.841335E+19,1.184075E+19
22.82623,4.02512E+19,-2.840123E+19,1.184998E+19
22.84564,4.024824E+19,-2.838857E+19,1.185967E+19
22.86033,4.024481E+19,-2.837406E+19,1.187075E+19
22.87859,4.024227E+19,-2.836318E+19,1.187909E+19
22.89537,4.023895E+19,-2.83499E+19,1.188904E+19
22.9147,4.023578E+19,-2.833768E+19,1.18981E+19
22.93101,4.023224E+19,-2.832399E+19,1.190825E+19
22.94821,4.022949E+19,-2.83118E+19,1.191769E+19
22.96512,4.022614E+19,-2.829973E+19,1.192641E+19
22.98234,4.022339E+19,-2.828913E+19,1.193425E+19
22.99896,4.022079E+19,-2.827526E+19,1.194553E+19
23.01523,4.021824E+19,-2.826394E+19,1.19543E+19
23.03169,4.021781E+19,-2.825314E+19,1.196467E+19
23.04813,4.022255E+19,-2.824092E+19,1.198163E+19
23.06497,4.022203E+19,-2.822943E+19,1.19926E+19
23.08224,4.021915E+19,-2.821855E+19,1.20006E+19
23.09894,4.02163E+19,-2.820717E+19,1.200913E+19
23.1233,4.021407E+19,-2.819606E+19,1.2018E+19
